Order_ID,Order_Date,Vendor_ID,Material_ID,Spend_INR,Quantity,Defect_Rate_Pct
ORD-50000,2024-09-06,V04,M100,387626.67,107,0.75
ORD-50001,2023-02-23,V05,M101,362605.3,141,2.0
ORD-50002,2022-02-14,V03,M201,378614.44,225,3.92
ORD-50003,2023-04-27,V05,M101,325093.78,307,3.26
ORD-50004,2023-08-04,V05,M200,1562305.1749999998,348,4.43
ORD-50005,2022-09-01,V02,M101,172621.03,309,3.65
ORD-50006,2022-03-15,V03,M400,847521.48,36,2.31
ORD-50007,2023-08-30,V03,M400,814278.46,133,3.21
ORD-50008,2022-07-17,V03,M101,481718.38,375,3.6
ORD-50009,2022-01-31,V05,M300,854202.67,25,1.58
ORD-50010,2022-07-06,V04,M200,636684.05,337,0.74
ORD-50011,2024-12-29,V03,M100,27389.8,37,2.12
ORD-50012,2023-07-12,V06,M101,623015.85,19,1.08
ORD-50013,2024-02-09,V05,M100,463330.31,35,1.61
ORD-50014,2024-01-12,V02,M200,1428732.25,363,4.29
ORD-50015,2022-02-10,V04,M101,900346.01,418,3.89
ORD-50016,2022-06-07,V06,M300,970226.32,310,2.87
ORD-50017,2023-04-16,V06,M201,638108.61,430,2.11
ORD-50018,2022-07-10,V02,M300,766415.03,6,1.56
ORD-50019,2023-06-18,V04,M300,92970.35,467,2.79
ORD-50020,2024-12-20,V05,M201,169108.43,385,2.63
ORD-50021,2023-02-07,V01,M201,735872.76,199,3.62
ORD-50022,2022-05-19,V04,M400,437051.8,34,4.21
ORD-50023,2022-11-18,V02,M201,451505.62,56,1.82
ORD-50024,2023-11-30,V06,M101,315521.6,256,1.33
ORD-50025,2024-03-30,V05,M100,611282.82,211,2.11
ORD-50026,2023-11-01,V04,M400,193313.39,97,2.25
ORD-50027,2023-06-26,V01,M400,630647.12,282,0.66
ORD-50028,2023-05-02,V01,M100,182060.87,489,3.95
ORD-50029,2024-11-23,V03,M400,73187.77,241,4.48
ORD-50030,2024-04-30,V03,M201,337054.11,170,4.19
ORD-50031,2024-08-06,V02,M300,238828.94,347,3.94
ORD-50032,2023-03-01,V04,M200,2225254.3,294,4.47
ORD-50033,2022-12-05,V04,M201,64403.92,410,4.13
ORD-50034,2022-03-06,V06,M300,184847.56,227,3.25
ORD-50035,2022-10-06,V06,M300,553232.41,315,1.17
ORD-50036,2022-12-20,V06,M400,486256.52,127,1.13
ORD-50037,2024-05-19,V03,M101,55393.5,468,0.7
ORD-50038,2022-08-01,V04,M101,17179.9,280,2.15
ORD-50039,2024-06-09,V04,M400,988187.26,367,3.74
ORD-50040,2023-05-21,V01,M400,662246.35,21,2.46
ORD-50041,2024-09-04,V03,M100,371752.07,316,1.97
ORD-50042,2022-12-11,V05,M100,475727.93,246,0.94
ORD-50043,2023-05-14,V03,M200,684711.55,90,0.71
ORD-50044,2024-07-08,V05,M200,878562.625,404,2.1
ORD-50045,2022-01-21,V01,M200,1631385.05,6,0.9
ORD-50046,2022-11-01,V02,M200,2209959.2,451,0.91
ORD-50047,2023-12-05,V04,M300,192288.72,266,2.08
ORD-50048,2022-03-02,V01,M300,841957.89,396,2.51
ORD-50049,2023-08-06,V04,M100,130341.06,97,1.25
ORD-50050,2022-10-02,V06,M101,222842.3,150,3.24
ORD-50051,2022-10-28,V02,M400,46803.54,446,2.17
ORD-50052,2023-04-23,V02,M101,149403.74,445,0.87
ORD-50053,2024-11-16,V01,M201,918130.11,80,3.05
ORD-50054,2023-10-08,V02,M300,464844.36,17,1.93
ORD-50055,2024-09-16,V05,M200,217223.0,138,0.71
ORD-50056,2024-07-05,V02,M200,2400323.925,140,4.29
ORD-50057,2023-03-06,V04,M201,880202.38,339,2.78
ORD-50058,2024-06-13,V04,M101,757135.7,40,2.41
ORD-50059,2022-07-14,V04,M200,2335345.1500000004,407,3.94
ORD-50060,2024-10-26,V04,M101,227928.13,168,4.25
ORD-50061,2023-02-02,V05,M400,838005.6,74,1.38
ORD-50062,2023-02-16,V03,M201,693091.28,74,3.74
ORD-50063,2024-09-24,V06,M101,871061.66,50,3.82
ORD-50064,2024-04-25,V01,M400,798942.45,10,0.72
ORD-50065,2024-01-09,V04,M101,353030.11,103,3.35
ORD-50066,2023-10-02,V02,M101,776654.55,350,0.75
ORD-50067,2023-03-23,V04,M200,674579.35,388,2.88
ORD-50068,2022-07-23,V02,M100,335306.24,385,3.18
ORD-50069,2023-04-30,V06,M300,116826.66,299,1.97
ORD-50070,2022-03-16,V06,M101,935725.85,339,4.02
ORD-50071,2023-07-21,V06,M101,298093.33,389,3.7
ORD-50072,2023-02-26,V02,M101,525416.24,478,4.2
ORD-50073,2023-12-04,V04,M100,397419.51,474,1.76
ORD-50074,2023-07-05,V06,M400,960328.84,104,0.59
ORD-50075,2024-03-23,V05,M201,341698.68,290,3.75
ORD-50076,2022-02-27,V02,M200,1951900.9,450,1.39
ORD-50077,2024-10-31,V02,M100,856861.99,280,2.37
ORD-50078,2024-02-12,V04,M400,441250.43,142,3.77
ORD-50079,2022-06-27,V02,M101,384390.1,297,1.36
ORD-50080,2023-03-01,V02,M400,750268.36,170,1.75
ORD-50081,2023-07-20,V06,M100,913767.02,13,2.26
ORD-50082,2024-02-09,V04,M100,757382.42,157,1.59
ORD-50083,2023-06-07,V06,M100,234855.1,449,2.35
ORD-50084,2023-09-05,V06,M201,889424.67,174,0.54
ORD-50085,2023-09-28,V04,M300,393705.85,162,1.35
ORD-50086,2023-01-20,V01,M200,1451167.8,447,3.83
ORD-50087,2024-05-25,V06,M201,833121.26,132,2.15
ORD-50088,2023-01-20,V05,M201,196510.82,28,3.05
ORD-50089,2024-09-15,V05,M300,786665.03,83,1.43
ORD-50090,2024-03-13,V02,M201,600201.17,385,3.1
ORD-50091,2024-07-26,V05,M100,894408.23,420,4.5
ORD-50092,2023-05-14,V02,M100,180250.7,363,2.88
ORD-50093,2022-10-17,V01,M400,426475.41,269,3.01
ORD-50094,2023-07-23,V04,M101,834514.66,251,0.95
ORD-50095,2023-04-03,V04,M201,29039.39,370,2.11
ORD-50096,2022-09-26,V04,M101,121079.35,106,3.94
ORD-50097,2022-08-01,V05,M200,2476648.9000000004,261,3.84
ORD-50098,2024-07-22,V01,M100,287590.24,353,2.59
ORD-50099,2023-08-23,V05,M400,975787.76,14,4.11
ORD-50100,2023-07-09,V05,M200,476765.6,80,1.07
ORD-50101,2022-12-22,V01,M400,367483.5,376,3.13
ORD-50102,2022-02-20,V01,M300,755340.75,160,1.5
ORD-50103,2023-12-12,V01,M100,661200.62,178,3.08
ORD-50104,2023-03-20,V01,M200,1463277.9500000002,155,0.85
ORD-50105,2023-06-20,V04,M300,534600.18,35,4.27
ORD-50106,2024-01-26,V03,M200,2112515.1,259,3.65
ORD-50107,2024-06-09,V03,M400,242599.08,260,1.3
ORD-50108,2024-10-04,V01,M300,448046.22,135,3.05
ORD-50109,2024-11-08,V03,M300,163897.77,461,3.54
ORD-50110,2023-03-21,V03,M100,599982.18,489,1.34
ORD-50111,2022-05-04,V01,M101,258038.98,131,0.87
ORD-50112,2024-12-30,V03,M400,340503.64,81,1.91
ORD-50113,2023-02-14,V05,M400,476538.21,367,1.04
ORD-50114,2022-06-26,V02,M300,36502.88,59,2.76
ORD-50115,2023-11-10,V02,M300,101018.56,74,2.2
ORD-50116,2022-01-10,V01,M100,689069.93,239,2.35
ORD-50117,2023-03-03,V04,M101,434680.28,129,2.67
ORD-50118,2022-10-08,V01,M400,866142.32,412,4.43
ORD-50119,2024-01-20,V04,M201,697725.28,315,3.67
ORD-50120,2023-06-24,V02,M201,18019.93,374,3.02
ORD-50121,2024-03-03,V01,M101,620545.21,437,1.95
ORD-50122,2022-01-06,V06,M200,256969.05,138,0.61
ORD-50123,2022-11-23,V05,M100,783123.85,455,0.97
ORD-50124,2022-04-04,V03,M101,991592.61,103,3.42
ORD-50125,2024-02-27,V04,M201,535886.81,387,1.98
ORD-50126,2024-05-29,V06,M300,685951.71,391,1.84
ORD-50127,2024-01-13,V03,M201,244941.02,9,4.06
ORD-50128,2022-12-07,V03,M300,443221.77,232,2.44
ORD-50129,2023-05-02,V01,M100,857534.38,99,4.1
ORD-50130,2023-07-27,V03,M300,175748.72,218,4.05
ORD-50131,2024-09-14,V05,M101,272880.25,453,0.82
ORD-50132,2022-09-09,V06,M300,450979.34,397,4.28
ORD-50133,2022-04-18,V03,M200,1787816.0,237,0.81
ORD-50134,2022-05-09,V01,M101,382125.12,222,4.35
ORD-50135,2024-10-02,V05,M100,928454.96,168,2.31
ORD-50136,2022-09-21,V02,M101,103512.48,370,3.54
ORD-50137,2022-03-20,V06,M200,942740.3999999999,62,3.32
ORD-50138,2024-01-12,V03,M100,711864.58,318,2.57
ORD-50139,2022-05-13,V01,M201,233726.9,487,2.98
ORD-50140,2023-10-28,V02,M200,1649622.5,10,4.3
ORD-50141,2024-01-19,V02,M100,172574.79,234,4.21
ORD-50142,2022-04-08,V04,M300,65420.48,87,3.12
ORD-50143,2024-08-07,V05,M101,129805.56,267,3.13
ORD-50144,2024-10-15,V03,M100,930684.94,204,1.49
ORD-50145,2022-06-09,V01,M101,556233.37,318,3.81
ORD-50146,2024-09-26,V04,M300,798382.32,333,3.03
ORD-50147,2024-01-21,V05,M100,339327.96,360,3.8
ORD-50148,2024-08-29,V04,M201,596732.06,241,3.13
ORD-50149,2023-06-27,V06,M200,1250006.525,56,1.7
ORD-50150,2022-10-14,V05,M100,946280.58,110,1.26
ORD-50151,2023-05-03,V05,M300,750098.89,49,0.81
ORD-50152,2024-06-24,V03,M100,733237.21,243,2.84
ORD-50153,2022-11-04,V05,M101,55889.74,16,1.64
ORD-50154,2023-10-31,V04,M400,554172.97,73,3.02
ORD-50155,2022-07-14,V05,M100,472321.54,372,0.73
ORD-50156,2024-09-29,V03,M201,928563.84,202,2.0
ORD-50157,2023-12-16,V03,M100,264768.57,93,1.54
ORD-50158,2023-02-10,V06,M200,692837.8,137,1.98
ORD-50159,2023-04-02,V04,M100,417232.79,33,0.72
ORD-50160,2022-05-02,V02,M400,250936.02,88,3.4
ORD-50161,2024-06-16,V02,M101,137892.08,419,0.97
ORD-50162,2023-05-01,V05,M100,858840.7,203,0.56
ORD-50163,2023-09-26,V06,M201,562693.76,39,4.29
ORD-50164,2022-11-02,V01,M300,862749.09,114,1.27
ORD-50165,2023-10-24,V05,M100,832823.42,333,3.81
ORD-50166,2024-09-15,V06,M100,289221.93,247,4.36
ORD-50167,2024-11-15,V04,M200,1380650.1749999998,343,2.64
ORD-50168,2024-09-02,V04,M201,92385.53,409,2.6
ORD-50169,2024-09-02,V04,M400,916099.37,370,1.97
ORD-50170,2023-02-26,V04,M300,410220.09,208,2.2
ORD-50171,2022-09-09,V04,M101,399739.42,312,2.43
ORD-50172,2024-05-20,V06,M100,309727.82,432,1.11
ORD-50173,2024-01-11,V06,M400,466057.11,469,1.96
ORD-50174,2024-08-11,V03,M300,259241.79,394,3.76
ORD-50175,2023-07-22,V02,M101,381103.75,297,1.23
ORD-50176,2024-12-17,V04,M400,801947.58,360,3.42
ORD-50177,2024-03-06,V01,M201,835912.95,211,3.11
ORD-50178,2022-11-22,V06,M201,311140.65,355,0.73
ORD-50179,2022-05-13,V01,M300,474324.29,59,0.59
ORD-50180,2023-07-16,V01,M101,875081.58,156,1.91
ORD-50181,2022-08-24,V01,M201,62146.6,122,3.27
ORD-50182,2024-01-14,V03,M300,890253.51,120,1.82
ORD-50183,2022-06-25,V06,M201,226992.5,297,3.17
ORD-50184,2023-05-01,V01,M201,681753.85,322,3.16
ORD-50185,2023-05-26,V04,M400,586726.18,435,3.73
ORD-50186,2023-03-30,V05,M400,557411.34,62,0.9
ORD-50187,2024-01-02,V01,M201,860766.62,158,2.81
ORD-50188,2024-06-05,V03,M200,276391.05,40,0.75
ORD-50189,2023-08-02,V06,M400,353557.75,242,1.2
ORD-50190,2024-06-25,V03,M101,542870.22,40,1.8
ORD-50191,2024-12-06,V01,M300,813175.97,453,3.33
ORD-50192,2022-12-23,V06,M300,224278.65,358,4.4
ORD-50193,2023-03-25,V05,M101,804900.54,190,1.87
ORD-50194,2024-02-01,V01,M101,405642.1,234,2.58
ORD-50195,2024-04-07,V03,M101,197024.72,15,1.54
ORD-50196,2024-11-24,V02,M101,761396.58,124,3.2
ORD-50197,2022-07-22,V04,M100,99989.91,228,1.97
ORD-50198,2024-12-24,V03,M300,519619.7,387,2.43
ORD-50199,2022-10-15,V06,M100,73237.03,280,2.77
ORD-50200,2024-10-29,V01,M201,362853.68,425,3.24
ORD-50201,2022-08-11,V04,M201,605066.03,447,0.74
ORD-50202,2023-09-23,V01,M300,560554.39,48,2.72
ORD-50203,2023-06-24,V06,M201,410608.86,189,2.22
ORD-50204,2023-09-29,V01,M101,434757.51,304,1.04
ORD-50205,2023-08-10,V02,M100,234501.86,47,1.33
ORD-50206,2023-01-10,V04,M101,461323.76,184,4.04
ORD-50207,2024-01-23,V04,M201,953722.31,105,3.99
ORD-50208,2022-07-11,V06,M400,851948.39,369,0.63
ORD-50209,2024-10-08,V02,M100,153780.54,460,3.26
ORD-50210,2022-03-18,V03,M101,39482.98,247,2.72
ORD-50211,2024-04-23,V01,M300,934189.07,264,4.26
ORD-50212,2024-12-01,V05,M101,531482.25,206,4.13
ORD-50213,2022-08-07,V01,M400,542459.44,18,2.82
ORD-50214,2022-03-08,V01,M201,782910.82,364,1.06
ORD-50215,2023-06-13,V03,M100,321542.08,251,2.34
ORD-50216,2023-05-05,V01,M300,487088.49,238,3.4
ORD-50217,2023-01-07,V02,M100,968976.28,340,4.31
ORD-50218,2023-12-04,V02,M300,675427.2,407,1.96
ORD-50219,2023-12-26,V04,M100,162207.58,453,3.64
ORD-50220,2024-12-04,V06,M201,141894.48,321,3.23
ORD-50221,2022-10-10,V05,M300,212222.11,365,0.81
ORD-50222,2023-06-25,V01,M200,1922611.4000000001,302,2.73
ORD-50223,2023-03-02,V01,M100,302423.23,66,1.23
ORD-50224,2022-05-13,V03,M100,31174.96,336,3.23
ORD-50225,2023-11-30,V06,M101,944732.62,453,2.94
ORD-50226,2024-08-06,V02,M300,178016.28,150,4.39
ORD-50227,2023-11-08,V05,M400,19462.6,193,4.24
ORD-50228,2023-10-30,V04,M200,611900.725,396,0.54
ORD-50229,2024-03-07,V02,M201,242678.5,147,0.82
ORD-50230,2024-12-11,V06,M101,427785.2,406,3.58
ORD-50231,2022-06-19,V04,M200,2302964.825,183,3.24
ORD-50232,2022-08-08,V03,M300,880393.07,106,3.7
ORD-50233,2023-09-09,V03,M200,1155814.025,236,1.57
ORD-50234,2022-11-03,V01,M100,416790.91,126,3.9
ORD-50235,2022-10-23,V06,M100,559459.0,446,2.27
ORD-50236,2022-12-09,V05,M101,251019.47,179,1.55
ORD-50237,2024-03-23,V04,M300,61663.14,432,0.54
ORD-50238,2022-02-25,V02,M300,939831.89,401,3.99
ORD-50239,2024-08-02,V06,M200,487080.0,13,2.64
ORD-50240,2022-04-28,V06,M101,206416.72,231,4.4
ORD-50241,2023-12-08,V03,M300,477735.73,28,3.36
ORD-50242,2023-01-03,V01,M400,496697.21,379,0.82
ORD-50243,2022-02-26,V01,M400,28249.87,323,2.85
ORD-50244,2024-12-23,V04,M100,156475.19,261,0.57
ORD-50245,2024-12-26,V03,M200,960933.175,100,2.73
ORD-50246,2024-09-17,V06,M201,686893.39,188,1.9
ORD-50247,2022-06-15,V05,M100,236134.27,399,3.07
ORD-50248,2022-11-05,V03,M101,428784.3,337,2.67
ORD-50249,2023-08-16,V04,M300,561771.61,300,1.55
ORD-50250,2022-07-13,V04,M100,889706.57,119,1.15
ORD-50251,2022-07-06,V03,M201,332809.8,46,2.12
ORD-50252,2023-05-23,V04,M201,142222.68,413,4.45
ORD-50253,2022-08-03,V03,M400,494379.5,68,2.24
ORD-50254,2024-04-19,V02,M101,749254.39,384,3.5
ORD-50255,2024-11-10,V03,M100,118761.16,480,0.73
ORD-50256,2023-01-19,V03,M200,1076091.65,305,2.02
ORD-50257,2024-05-25,V04,M100,27607.29,171,2.82
ORD-50258,2023-05-30,V04,M400,43223.59,358,3.5
ORD-50259,2022-09-15,V01,M201,488123.83,196,2.61
ORD-50260,2022-06-23,V01,M101,305215.33,333,2.56
ORD-50261,2022-06-13,V02,M101,846656.23,20,3.56
ORD-50262,2023-09-19,V01,M200,1515331.9,111,1.75
ORD-50263,2024-12-08,V03,M101,459393.63,146,0.86
ORD-50264,2023-01-07,V04,M400,413856.02,192,1.89
ORD-50265,2023-01-05,V01,M400,502273.03,433,1.14
ORD-50266,2023-07-02,V01,M400,50034.44,371,4.36
ORD-50267,2023-02-15,V02,M101,893865.42,426,2.81
ORD-50268,2024-09-21,V06,M101,998320.12,229,2.29
ORD-50269,2022-02-20,V02,M400,189672.25,12,4.15
ORD-50270,2022-01-12,V03,M101,129179.14,217,4.1
ORD-50271,2023-11-11,V04,M101,152141.69,478,2.16
ORD-50272,2023-10-23,V02,M201,664416.79,79,4.0
ORD-50273,2022-05-27,V01,M100,664826.43,375,0.76
ORD-50274,2022-11-30,V04,M300,849444.92,36,4.04
ORD-50275,2024-04-14,V04,M101,754308.12,264,1.74
ORD-50276,2023-10-11,V01,M300,455192.78,28,2.76
ORD-50277,2022-04-25,V02,M300,616726.81,372,1.58
ORD-50278,2023-05-15,V01,M201,691401.82,86,4.44
ORD-50279,2023-10-09,V06,M101,517609.11,188,0.79
ORD-50280,2024-11-15,V04,M400,480894.47,305,2.29
ORD-50281,2023-01-17,V05,M300,648646.47,254,2.98
ORD-50282,2022-07-06,V05,M101,561899.8,422,2.96
ORD-50283,2024-05-30,V03,M200,1618757.2,80,3.46
ORD-50284,2024-03-03,V01,M400,616726.23,186,3.4
ORD-50285,2024-01-13,V01,M200,1805011.4749999999,5,3.67
ORD-50286,2024-09-04,V03,M200,1615938.6749999998,46,1.44
ORD-50287,2022-11-08,V03,M300,524545.06,354,1.98
ORD-50288,2024-02-11,V03,M200,1712447.0999999999,497,2.03
ORD-50289,2023-03-01,V04,M201,454987.15,102,4.32
ORD-50290,2022-06-08,V06,M201,249254.51,459,2.14
ORD-50291,2023-08-18,V01,M300,11404.04,2,1.39
ORD-50292,2022-09-13,V04,M101,564364.51,217,3.03
ORD-50293,2022-10-12,V03,M100,594748.67,25,2.21
ORD-50294,2024-02-26,V01,M101,972328.48,257,1.5
ORD-50295,2024-02-28,V04,M101,367863.55,223,3.36
ORD-50296,2023-06-02,V06,M101,400191.91,453,1.27
ORD-50297,2022-02-02,V04,M101,209781.59,424,3.03
ORD-50298,2022-08-03,V06,M400,79828.95,324,2.22
ORD-50299,2022-09-15,V03,M100,775076.45,499,1.78
ORD-50300,2022-10-24,V06,M400,257184.25,69,4.28
ORD-50301,2024-09-01,V01,M200,1532039.5250000001,197,1.8
ORD-50302,2022-09-04,V03,M101,690895.31,272,1.89
ORD-50303,2024-08-24,V01,M201,476524.32,182,3.98
ORD-50304,2022-02-12,V05,M300,877588.59,447,1.02
ORD-50305,2024-07-22,V02,M300,449356.89,18,0.93
ORD-50306,2022-05-04,V06,M400,292059.54,107,1.63
ORD-50307,2022-03-30,V02,M400,897055.37,17,2.87
ORD-50308,2023-04-15,V02,M201,862948.64,125,2.04
ORD-50309,2022-08-21,V06,M101,172399.55,483,2.93
ORD-50310,2023-02-16,V03,M100,35701.41,82,1.14
ORD-50311,2023-06-20,V05,M200,247714.25,4,1.55
ORD-50312,2023-01-24,V01,M300,293681.92,115,2.76
ORD-50313,2023-07-28,V04,M200,2431343.0,351,1.37
ORD-50314,2024-10-13,V01,M100,562930.99,351,2.19
ORD-50315,2024-07-20,V04,M400,379529.11,137,2.79
ORD-50316,2022-01-18,V01,M300,889828.93,287,4.39
ORD-50317,2022-02-22,V06,M200,1146512.4249999998,389,0.82
ORD-50318,2023-03-09,V05,M400,322086.24,228,2.34
ORD-50319,2024-03-15,V04,M100,941807.33,16,2.09
ORD-50320,2024-12-08,V03,M200,2127556.225,298,3.8
ORD-50321,2023-10-28,V01,M101,845231.69,425,4.1
ORD-50322,2023-11-19,V01,M400,517161.9,464,4.13
ORD-50323,2023-02-12,V04,M100,791544.01,212,2.0
ORD-50324,2024-10-26,V03,M200,468899.57499999995,246,1.72
ORD-50325,2023-08-05,V03,M101,577490.73,286,2.3
ORD-50326,2023-07-19,V06,M101,984007.46,282,1.88
ORD-50327,2023-10-30,V06,M100,298048.85,177,3.38
ORD-50328,2024-05-26,V06,M201,796408.81,31,1.35
ORD-50329,2024-12-03,V06,M300,495573.62,50,3.13
ORD-50330,2023-04-23,V06,M100,49407.63,143,4.21
ORD-50331,2022-11-17,V06,M101,765389.2,52,1.62
ORD-50332,2022-01-20,V05,M101,176883.45,233,3.21
ORD-50333,2023-12-10,V03,M100,635158.83,166,1.07
ORD-50334,2024-03-29,V06,M201,94807.55,38,0.99
ORD-50335,2024-05-30,V03,M300,947398.72,491,0.96
ORD-50336,2024-05-15,V03,M200,747016.625,444,1.05
ORD-50337,2023-11-25,V02,M100,234200.04,20,1.36
ORD-50338,2022-03-30,V05,M300,137845.04,99,2.75
ORD-50339,2022-04-27,V06,M300,946542.17,215,3.57
ORD-50340,2022-10-04,V01,M400,714784.71,44,1.01
ORD-50341,2024-02-11,V04,M101,744244.28,111,3.98
ORD-50342,2023-10-02,V01,M200,1261026.3,487,3.87
ORD-50343,2024-06-21,V05,M100,479980.51,89,3.41
ORD-50344,2022-12-24,V04,M101,118921.03,319,2.2
ORD-50345,2024-08-27,V05,M400,564242.68,118,0.51
ORD-50346,2022-02-27,V03,M400,254447.33,434,3.44
ORD-50347,2022-05-02,V04,M101,977373.88,406,4.02
ORD-50348,2023-08-25,V03,M201,798615.13,239,1.84
ORD-50349,2022-09-04,V01,M300,418862.14,72,3.37
ORD-50350,2023-11-11,V01,M100,159827.85,310,0.75
ORD-50351,2022-08-13,V04,M100,787478.37,393,3.34
ORD-50352,2024-08-27,V04,M100,130833.23,399,0.77
ORD-50353,2023-11-13,V06,M101,197440.42,304,2.85
ORD-50354,2022-12-09,V05,M201,219405.31,404,2.89
ORD-50355,2024-01-20,V06,M200,1403304.325,163,1.71
ORD-50356,2023-01-15,V05,M400,789186.09,251,0.82
ORD-50357,2024-09-10,V06,M101,321171.73,357,4.3
ORD-50358,2022-08-28,V03,M200,234557.8,195,2.64
ORD-50359,2024-11-07,V04,M400,469893.08,60,2.82
ORD-50360,2024-07-12,V01,M400,750629.14,98,2.96
ORD-50361,2022-05-13,V05,M201,229447.2,418,4.06
ORD-50362,2022-06-27,V05,M300,227725.3,356,0.74
ORD-50363,2024-10-26,V01,M100,947754.76,355,4.07
ORD-50364,2024-10-14,V06,M200,2386530.4749999996,73,1.46
ORD-50365,2024-01-13,V05,M101,990561.07,222,0.81
ORD-50366,2024-09-24,V03,M200,2023957.525,119,3.13
ORD-50367,2024-12-14,V04,M300,196302.33,182,4.41
ORD-50368,2024-12-17,V01,M100,219861.71,384,0.73
ORD-50369,2023-04-09,V04,M200,867057.475,218,2.2
ORD-50370,2024-08-25,V05,M300,324951.21,256,2.62
ORD-50371,2024-11-03,V05,M101,956962.47,396,1.51
ORD-50372,2022-04-17,V01,M201,791183.24,88,4.43
ORD-50373,2024-02-27,V03,M400,726768.7,361,3.06
ORD-50374,2024-05-14,V02,M101,194103.59,275,3.88
ORD-50375,2022-11-24,V01,M100,910430.3,492,2.16
ORD-50376,2023-07-08,V02,M400,829591.68,336,1.92
ORD-50377,2022-08-21,V06,M101,172005.42,26,2.71
ORD-50378,2022-01-07,V02,M101,872458.63,407,2.24
ORD-50379,2023-07-23,V03,M101,279525.06,121,3.36
ORD-50380,2023-08-02,V06,M101,90061.05,289,1.56
ORD-50381,2023-12-28,V02,M400,660254.08,362,2.3
ORD-50382,2023-08-30,V06,M100,657266.61,441,4.08
ORD-50383,2023-11-20,V02,M300,103982.69,30,3.52
ORD-50384,2024-06-01,V03,M200,814158.225,407,1.17
ORD-50385,2022-12-10,V02,M201,992886.32,202,4.05
ORD-50386,2024-04-16,V02,M200,1704106.0,382,2.86
ORD-50387,2023-04-16,V02,M200,1831936.0250000001,36,3.22
ORD-50388,2023-06-22,V01,M201,220788.11,125,1.68
ORD-50389,2022-09-15,V01,M400,87994.25,223,2.27
ORD-50390,2023-05-13,V01,M100,284132.67,235,3.73
ORD-50391,2024-01-06,V03,M201,256409.4,124,1.82
ORD-50392,2024-04-09,V06,M100,242198.66,470,1.16
ORD-50393,2024-06-15,V05,M400,200826.78,171,2.01
ORD-50394,2022-04-11,V02,M200,1447520.325,491,0.78
ORD-50395,2023-12-09,V02,M100,334822.44,486,3.37
ORD-50396,2024-08-17,V03,M400,822141.56,495,1.09
ORD-50397,2022-04-20,V02,M400,192107.94,450,1.64
ORD-50398,2022-01-25,V01,M300,469980.8,181,4.02
ORD-50399,2023-01-28,V05,M201,23521.26,215,2.66
ORD-50400,2024-01-05,V04,M300,486865.5,118,1.79
ORD-50401,2023-08-14,V02,M200,163199.59999999998,227,2.69
ORD-50402,2023-09-06,V01,M201,977946.28,379,1.37
ORD-50403,2024-06-09,V04,M200,1981715.525,444,0.6
ORD-50404,2024-07-21,V05,M300,495210.36,37,2.91
ORD-50405,2024-11-21,V04,M400,95721.48,317,3.36
ORD-50406,2024-11-26,V01,M200,1491302.475,96,4.02
ORD-50407,2022-08-20,V06,M201,761176.11,120,3.59
ORD-50408,2023-05-19,V06,M201,198810.08,491,4.21
ORD-50409,2023-04-02,V04,M200,1431315.65,437,4.44
ORD-50410,2024-01-23,V03,M201,816068.79,12,3.48
ORD-50411,2023-07-09,V04,M400,770565.3,122,3.97
ORD-50412,2023-12-18,V02,M400,804962.1,35,3.19
ORD-50413,2022-01-17,V02,M201,880530.19,489,1.18
ORD-50414,2022-03-18,V06,M200,2345763.2,251,1.23
ORD-50415,2023-01-13,V03,M300,411465.94,67,0.94
ORD-50416,2023-10-10,V01,M201,573081.41,482,4.27
ORD-50417,2023-03-29,V02,M201,792752.93,38,3.19
ORD-50418,2023-01-20,V06,M201,700168.42,280,3.66
ORD-50419,2022-03-11,V05,M201,995565.03,230,1.82
ORD-50420,2023-10-17,V06,M200,58852.174999999996,337,2.34
ORD-50421,2022-07-10,V02,M300,361581.88,168,0.66
ORD-50422,2023-07-04,V02,M300,288217.65,449,4.06
ORD-50423,2022-08-25,V06,M100,269692.69,441,3.91
ORD-50424,2022-06-10,V01,M201,230304.48,328,3.64
ORD-50425,2024-01-03,V04,M201,712032.6,246,0.73
ORD-50426,2024-11-20,V02,M100,93911.88,79,1.2
ORD-50427,2024-08-04,V06,M300,744192.75,114,1.84
ORD-50428,2024-01-05,V06,M101,696491.58,301,1.55
ORD-50429,2024-04-25,V03,M400,258296.09,217,3.85
ORD-50430,2022-02-10,V04,M101,260305.45,200,1.28
ORD-50431,2024-09-11,V05,M300,632571.98,381,2.63
ORD-50432,2023-04-04,V01,M201,764549.39,352,2.79
ORD-50433,2024-02-17,V05,M101,877720.76,242,2.2
ORD-50434,2024-09-28,V04,M200,2134045.4250000003,13,1.46
ORD-50435,2024-03-21,V04,M200,2413085.4,366,4.34
ORD-50436,2024-01-11,V04,M100,585571.05,207,2.15
ORD-50437,2024-07-20,V05,M300,909569.01,262,3.41
ORD-50438,2023-07-07,V04,M300,810428.14,97,1.24
ORD-50439,2024-05-16,V06,M101,895720.95,71,3.79
ORD-50440,2023-11-29,V05,M201,21510.34,481,1.36
ORD-50441,2023-07-25,V04,M300,966243.96,303,3.2
ORD-50442,2022-05-12,V06,M101,478794.86,349,2.53
ORD-50443,2024-11-01,V03,M101,800201.16,230,1.09
ORD-50444,2024-04-23,V04,M400,135932.08,357,0.6
ORD-50445,2024-09-14,V05,M400,401981.68,300,4.22
ORD-50446,2023-08-28,V02,M300,278746.06,32,1.0
ORD-50447,2022-08-23,V04,M101,298742.18,250,3.32
ORD-50448,2023-08-10,V02,M100,132023.06,254,3.11
ORD-50449,2024-02-21,V06,M100,807706.19,259,1.87
ORD-50450,2023-05-19,V03,M400,19149.89,182,1.24
ORD-50451,2024-05-18,V01,M300,319380.4,340,1.21
ORD-50452,2024-03-09,V03,M201,182666.44,462,2.84
ORD-50453,2024-01-20,V04,M100,593148.55,476,2.69
ORD-50454,2024-04-30,V02,M100,261709.88,166,4.0
ORD-50455,2022-11-25,V02,M400,266408.47,4,3.06
ORD-50456,2022-10-14,V05,M400,493454.76,463,3.78
ORD-50457,2024-02-25,V02,M300,656162.15,145,0.63
ORD-50458,2022-08-17,V05,M400,130091.66,165,3.18
ORD-50459,2024-09-26,V06,M200,459390.85,344,1.43
ORD-50460,2023-05-15,V01,M101,254703.0,486,1.51
ORD-50461,2022-05-31,V04,M100,974010.73,362,3.38
ORD-50462,2022-02-26,V05,M200,1007952.4249999999,105,3.67
ORD-50463,2023-09-26,V01,M201,603000.19,36,1.99
ORD-50464,2023-12-15,V02,M200,622818.45,314,3.66
ORD-50465,2022-08-22,V02,M300,495554.93,169,2.27
ORD-50466,2023-03-29,V01,M201,83377.98,8,3.93
ORD-50467,2022-08-09,V02,M201,44394.72,451,0.6
ORD-50468,2024-08-20,V06,M400,474046.19,414,0.83
ORD-50469,2024-02-03,V06,M200,1011681.725,86,3.61
ORD-50470,2024-06-26,V01,M300,145511.52,436,3.0
ORD-50471,2023-06-27,V05,M100,690725.41,97,2.74
ORD-50472,2022-03-13,V05,M400,992974.46,409,2.96
ORD-50473,2023-01-14,V01,M200,1004225.875,436,4.22
ORD-50474,2023-07-21,V05,M100,628313.05,315,3.12
ORD-50475,2024-04-27,V05,M200,2408365.45,30,3.09
ORD-50476,2024-07-24,V06,M400,833219.62,101,3.54
ORD-50477,2022-04-01,V05,M100,468916.7,67,3.97
ORD-50478,2022-10-25,V03,M400,740114.59,388,1.55
ORD-50479,2022-07-20,V04,M200,342134.225,349,2.97
ORD-50480,2022-04-20,V02,M201,516982.82,441,2.84
ORD-50481,2024-06-26,V03,M101,286269.67,63,1.04
ORD-50482,2024-02-23,V05,M201,169552.05,32,2.58
ORD-50483,2023-01-17,V06,M400,432018.1,87,0.78
ORD-50484,2024-03-13,V01,M400,139704.41,211,1.24
ORD-50485,2023-05-05,V05,M400,701995.26,463,4.15
ORD-50486,2022-07-18,V06,M100,461677.64,51,0.98
ORD-50487,2024-09-03,V04,M300,535833.19,63,2.82
ORD-50488,2023-10-05,V05,M400,154912.18,80,1.79
ORD-50489,2022-08-14,V01,M201,148373.94,343,2.72
ORD-50490,2023-08-04,V06,M101,587581.28,232,1.44
ORD-50491,2024-07-01,V06,M400,985159.65,366,2.28
ORD-50492,2022-12-03,V06,M400,105288.08,101,3.97
ORD-50493,2023-02-26,V04,M400,292874.11,129,2.0
ORD-50494,2023-01-14,V05,M100,870764.53,19,1.91
ORD-50495,2023-04-24,V04,M400,81549.29,357,2.28
ORD-50496,2022-11-28,V02,M201,877126.86,419,0.9
ORD-50497,2023-10-11,V02,M200,1322607.8,447,2.05
ORD-50498,2023-08-28,V05,M300,414184.11,94,0.53
ORD-50499,2022-09-10,V04,M400,316583.76,81,2.51
ORD-50500,2022-03-31,V01,M100,304145.99,103,3.89
ORD-50501,2023-10-18,V06,M201,312744.56,369,2.71
ORD-50502,2022-01-19,V06,M400,885955.05,154,2.93
ORD-50503,2024-02-01,V05,M100,726557.28,269,0.62
ORD-50504,2023-11-23,V02,M200,1682564.4500000002,118,3.94
ORD-50505,2022-11-19,V02,M101,800761.66,342,2.04
ORD-50506,2024-03-28,V06,M400,264543.52,494,4.4
ORD-50507,2024-12-07,V05,M201,621862.38,279,0.98
ORD-50508,2024-05-25,V04,M100,465465.58,492,4.28
ORD-50509,2022-11-07,V02,M100,784617.22,363,3.04
ORD-50510,2023-10-20,V04,M400,316163.55,225,0.71
ORD-50511,2022-04-05,V02,M100,646746.83,475,4.39
ORD-50512,2022-01-19,V02,M101,883390.29,419,0.56
ORD-50513,2023-04-14,V03,M100,408128.97,268,3.42
ORD-50514,2022-12-03,V02,M300,75955.87,137,4.06
ORD-50515,2024-09-11,V01,M300,520890.31,226,1.2
ORD-50516,2023-10-14,V05,M100,352512.76,334,1.87
ORD-50517,2022-05-01,V05,M400,675503.13,229,2.74
ORD-50518,2024-09-03,V04,M300,951522.6,323,3.22
ORD-50519,2023-06-26,V02,M201,490752.23,108,3.99
ORD-50520,2023-03-28,V01,M300,471528.33,300,3.54
ORD-50521,2022-11-08,V04,M100,658038.95,445,1.95
ORD-50522,2023-07-23,V03,M400,112462.53,405,3.79
ORD-50523,2023-06-10,V04,M200,652427.825,7,4.36
ORD-50524,2023-07-09,V04,M400,919789.53,128,1.41
ORD-50525,2023-06-02,V02,M400,673243.19,353,0.8
ORD-50526,2023-08-07,V03,M400,23309.6,483,2.21
ORD-50527,2023-06-11,V04,M201,212579.22,267,4.03
ORD-50528,2022-08-16,V01,M101,686008.89,173,1.1
ORD-50529,2022-01-13,V01,M100,766755.21,416,4.04
ORD-50530,2022-01-23,V05,M101,841460.98,214,4.47
ORD-50531,2022-03-24,V03,M200,748137.6,247,0.72
ORD-50532,2023-04-28,V03,M101,931718.31,106,2.48
ORD-50533,2024-08-06,V05,M100,557417.42,83,1.82
ORD-50534,2022-03-26,V04,M100,699573.63,292,2.07
ORD-50535,2024-04-18,V03,M200,1501928.6749999998,374,2.31
ORD-50536,2024-01-25,V01,M100,131512.65,421,3.46
ORD-50537,2023-10-30,V01,M200,2408708.775,203,2.87
ORD-50538,2022-08-19,V02,M200,329117.05000000005,41,4.34
ORD-50539,2024-03-22,V03,M100,262333.14,205,1.83
ORD-50540,2023-04-21,V04,M300,815491.6,348,2.67
ORD-50541,2023-03-20,V05,M200,1556027.475,49,3.75
ORD-50542,2024-10-28,V05,M100,839767.67,143,1.99
ORD-50543,2022-02-28,V04,M300,520578.83,141,2.36
ORD-50544,2023-08-24,V06,M200,958058.25,53,3.24
ORD-50545,2022-12-12,V02,M300,922627.04,107,3.94
ORD-50546,2022-09-22,V05,M201,45889.79,33,2.16
ORD-50547,2023-01-18,V03,M400,857568.92,200,2.63
ORD-50548,2023-09-26,V02,M201,238509.61,119,4.4
ORD-50549,2022-10-29,V03,M300,850248.96,288,0.67
ORD-50550,2022-11-13,V01,M200,369511.625,229,2.29
ORD-50551,2022-12-20,V02,M100,584416.77,118,3.04
ORD-50552,2024-02-27,V05,M101,889226.84,176,0.53
ORD-50553,2024-05-09,V02,M100,478804.25,452,2.89
ORD-50554,2022-05-25,V02,M101,749101.01,185,0.72
ORD-50555,2023-08-23,V02,M101,806624.9,318,3.93
ORD-50556,2022-02-14,V06,M200,1847823.175,499,3.73
ORD-50557,2024-12-04,V02,M300,926076.44,338,0.63
ORD-50558,2023-04-30,V03,M100,452365.89,215,0.7
ORD-50559,2022-09-16,V01,M300,181394.18,221,3.51
ORD-50560,2023-01-26,V04,M201,57332.95,130,1.98
ORD-50561,2023-02-02,V02,M200,634988.1749999999,333,2.8
ORD-50562,2022-07-31,V05,M200,379413.825,272,1.58
ORD-50563,2023-01-17,V02,M201,562369.25,246,1.19
ORD-50564,2024-10-03,V05,M100,193095.88,123,1.68
ORD-50565,2022-04-27,V03,M400,48544.37,8,1.49
ORD-50566,2023-03-31,V05,M201,45629.93,403,2.29
ORD-50567,2023-08-23,V04,M100,833253.8,416,3.49
ORD-50568,2024-02-04,V01,M101,595535.43,67,2.72
ORD-50569,2024-12-09,V05,M200,911261.125,115,2.94
ORD-50570,2023-12-13,V05,M100,895285.76,369,2.38
ORD-50571,2023-06-02,V01,M300,79494.65,288,1.8
ORD-50572,2022-10-18,V04,M300,980518.85,105,1.07
ORD-50573,2023-11-08,V02,M200,1550322.175,469,1.92
ORD-50574,2022-11-30,V05,M201,191629.61,25,3.16
ORD-50575,2022-05-17,V01,M400,682278.41,53,3.44
ORD-50576,2024-07-24,V03,M201,765747.45,247,2.38
ORD-50577,2023-04-29,V01,M100,435049.36,337,3.08
ORD-50578,2023-04-18,V03,M201,863016.28,281,1.34
ORD-50579,2022-03-26,V04,M200,398062.69999999995,33,3.94
ORD-50580,2024-02-19,V02,M100,286049.21,287,3.96
ORD-50581,2023-06-01,V01,M101,102557.44,36,1.78
ORD-50582,2023-03-10,V06,M201,218769.06,343,2.69
ORD-50583,2024-09-17,V05,M201,246341.52,379,2.93
ORD-50584,2023-01-09,V04,M400,918456.86,239,2.39
ORD-50585,2022-09-09,V01,M100,87328.59,492,4.14
ORD-50586,2023-02-16,V05,M300,433140.97,217,3.46
ORD-50587,2024-08-15,V01,M201,537074.7,177,3.19
ORD-50588,2024-03-08,V03,M200,2249265.3,44,2.58
ORD-50589,2022-09-20,V01,M201,997719.26,304,0.84
ORD-50590,2024-05-06,V06,M400,755854.23,158,0.93
ORD-50591,2024-09-09,V01,M101,971083.08,269,1.7
ORD-50592,2022-02-27,V01,M400,789230.12,171,1.35
ORD-50593,2023-04-29,V06,M201,963570.61,495,4.31
ORD-50594,2024-02-16,V04,M300,710198.02,221,2.14
ORD-50595,2024-07-31,V01,M201,88965.79,400,4.01
ORD-50596,2022-10-25,V06,M100,407900.99,230,3.77
ORD-50597,2022-06-03,V05,M201,650131.31,91,3.75
ORD-50598,2024-01-11,V03,M300,357211.32,410,1.36
ORD-50599,2023-02-08,V03,M100,280650.08,459,2.29
ORD-50600,2022-02-13,V01,M200,1454063.175,431,1.77
ORD-50601,2024-11-25,V04,M100,934166.86,421,4.38
ORD-50602,2023-06-10,V04,M400,44632.05,131,4.01
ORD-50603,2022-12-20,V05,M101,771538.89,410,1.5
ORD-50604,2023-11-21,V01,M400,725500.01,226,1.75
ORD-50605,2024-05-03,V03,M100,964313.89,225,2.62
ORD-50606,2023-11-29,V04,M200,2328510.275,143,1.61
ORD-50607,2024-01-20,V01,M201,764610.24,66,3.8
ORD-50608,2023-04-13,V04,M100,525204.68,28,3.78
ORD-50609,2023-05-01,V06,M400,212224.88,125,3.4
ORD-50610,2023-05-22,V04,M100,549783.36,212,3.26
ORD-50611,2022-12-26,V03,M100,767698.47,422,2.69
ORD-50612,2024-12-09,V02,M100,896712.52,428,1.89
ORD-50613,2024-09-07,V05,M200,1979537.225,437,3.85
ORD-50614,2022-07-13,V05,M300,203314.27,80,3.94
ORD-50615,2024-04-25,V03,M300,603689.45,238,0.7
ORD-50616,2022-02-23,V04,M100,338851.72,132,2.09
ORD-50617,2024-08-09,V01,M200,47784.025,328,0.61
ORD-50618,2023-02-05,V04,M200,520546.825,300,3.86
ORD-50619,2023-10-21,V03,M100,122088.44,119,1.21
ORD-50620,2024-05-05,V05,M400,844291.93,46,3.2
ORD-50621,2022-10-19,V04,M400,265921.19,84,1.93
ORD-50622,2023-05-24,V05,M101,291850.99,282,3.76
ORD-50623,2022-07-26,V01,M100,960337.21,352,2.54
ORD-50624,2024-06-20,V05,M101,385295.86,13,1.8
ORD-50625,2024-04-26,V05,M400,19489.78,125,1.8
ORD-50626,2024-12-14,V02,M400,291007.69,325,1.81
ORD-50627,2023-02-08,V02,M100,128106.58,172,3.65
ORD-50628,2023-06-24,V06,M101,111780.48,234,3.34
ORD-50629,2024-08-29,V02,M101,86712.42,181,1.78
ORD-50630,2023-04-26,V05,M100,597326.88,51,2.46
ORD-50631,2022-06-30,V03,M101,197454.25,269,0.8
ORD-50632,2024-07-28,V05,M201,367630.37,169,3.81
ORD-50633,2022-06-24,V03,M400,863397.54,395,1.56
ORD-50634,2023-06-21,V03,M300,430094.76,421,4.06
ORD-50635,2024-02-15,V02,M200,2291336.0999999996,316,2.89
ORD-50636,2022-08-22,V04,M101,502958.67,288,2.77
ORD-50637,2024-08-19,V01,M101,404848.25,429,1.15
ORD-50638,2022-03-22,V02,M200,1882212.6,490,0.78
ORD-50639,2022-03-14,V02,M101,82443.35,274,2.71
ORD-50640,2022-03-29,V04,M200,246459.0,349,2.37
ORD-50641,2022-09-20,V01,M100,655453.98,207,0.98
ORD-50642,2022-04-05,V05,M201,492071.31,148,3.84
ORD-50643,2023-11-27,V06,M201,792511.1,300,2.17
ORD-50644,2022-11-04,V06,M400,917108.13,420,1.54
ORD-50645,2024-03-11,V05,M300,394483.21,453,3.65
ORD-50646,2024-07-30,V02,M101,600445.93,488,4.15
ORD-50647,2022-03-01,V01,M300,505689.66,37,1.72
ORD-50648,2022-09-19,V02,M100,981794.55,161,3.6
ORD-50649,2022-11-22,V03,M201,832773.56,466,3.11
ORD-50650,2022-07-17,V02,M100,912620.33,383,4.46
ORD-50651,2022-04-06,V02,M100,261796.69,275,1.32
ORD-50652,2023-04-09,V05,M101,774801.16,435,4.34
ORD-50653,2022-02-14,V05,M100,272818.49,288,1.76
ORD-50654,2024-11-21,V05,M201,216655.11,106,2.15
ORD-50655,2023-11-19,V06,M300,944823.5,22,1.94
ORD-50656,2023-05-29,V03,M201,29111.37,233,1.57
ORD-50657,2023-01-28,V05,M101,965734.82,122,3.27
ORD-50658,2022-04-07,V01,M201,157769.28,129,2.86
ORD-50659,2022-03-02,V06,M200,2053109.25,310,1.72
ORD-50660,2024-03-20,V04,M300,283163.33,217,1.03
ORD-50661,2023-11-23,V01,M200,892988.25,148,1.77
ORD-50662,2022-02-16,V01,M200,561475.325,58,2.02
ORD-50663,2023-10-21,V05,M400,589658.9,419,2.02
ORD-50664,2023-11-19,V04,M101,354614.59,237,1.93
ORD-50665,2023-10-13,V04,M100,660819.11,70,0.69
ORD-50666,2024-10-19,V06,M200,63727.1,454,2.36
ORD-50667,2024-12-11,V04,M201,73731.13,189,3.84
ORD-50668,2024-03-03,V03,M100,108664.54,242,1.22
ORD-50669,2023-02-28,V05,M201,424803.75,63,1.08
ORD-50670,2024-02-29,V04,M201,816648.21,485,2.39
ORD-50671,2024-11-26,V06,M100,889296.13,241,1.98
ORD-50672,2022-01-06,V03,M100,252362.63,445,2.75
ORD-50673,2024-10-28,V02,M201,578626.03,185,4.29
ORD-50674,2023-06-12,V02,M101,770681.34,259,3.54
ORD-50675,2024-08-12,V03,M300,295941.14,229,3.25
ORD-50676,2023-03-23,V06,M400,414917.66,223,2.16
ORD-50677,2023-09-26,V03,M300,528734.46,99,1.65
ORD-50678,2023-09-20,V05,M101,143526.1,247,2.66
ORD-50679,2022-10-28,V05,M400,35722.47,45,4.04
ORD-50680,2024-02-08,V02,M100,161277.75,399,4.01
ORD-50681,2023-04-02,V04,M400,630585.09,273,2.28
ORD-50682,2022-09-15,V06,M201,82882.08,399,1.48
ORD-50683,2023-12-28,V02,M300,197799.4,5,1.4
ORD-50684,2022-08-22,V04,M400,344475.35,470,0.64
ORD-50685,2024-11-22,V04,M201,87091.36,430,3.87
ORD-50686,2022-08-28,V05,M101,199782.28,11,1.56
ORD-50687,2023-02-25,V01,M400,912157.09,448,1.94
ORD-50688,2023-03-29,V01,M201,29106.14,348,3.74
ORD-50689,2023-09-09,V03,M101,656897.6,398,0.98
ORD-50690,2023-01-05,V05,M100,390564.84,39,2.34
ORD-50691,2024-02-06,V04,M101,675922.25,451,0.99
ORD-50692,2022-09-08,V06,M101,592804.8,439,2.27
ORD-50693,2022-02-20,V01,M300,231263.77,42,0.69
ORD-50694,2022-04-19,V04,M201,848737.39,203,2.57
ORD-50695,2023-02-02,V01,M400,497020.98,94,3.68
ORD-50696,2024-01-14,V01,M300,824310.66,486,3.21
ORD-50697,2024-04-07,V01,M200,1029881.0249999999,5,2.54
ORD-50698,2024-11-11,V06,M101,984838.7,52,3.82
ORD-50699,2022-02-14,V05,M200,1931961.15,150,1.41
ORD-50700,2023-03-08,V06,M300,966290.7,205,3.82
ORD-50701,2023-06-17,V02,M201,519183.21,300,1.61
ORD-50702,2023-04-19,V04,M300,478954.22,499,1.95
ORD-50703,2022-10-06,V05,M201,757899.27,371,1.01
ORD-50704,2023-04-29,V05,M201,881488.35,469,0.91
ORD-50705,2024-07-21,V05,M100,964504.34,187,4.23
ORD-50706,2023-06-04,V05,M101,331306.39,485,1.26
ORD-50707,2022-09-02,V06,M300,800717.53,153,1.83
ORD-50708,2022-12-13,V05,M201,218539.14,383,2.62
ORD-50709,2023-11-27,V03,M300,550118.6,116,1.89
ORD-50710,2022-03-16,V04,M300,188049.67,149,3.98
ORD-50711,2022-09-25,V05,M201,353923.39,220,4.1
ORD-50712,2022-05-15,V04,M400,932044.78,192,1.8
ORD-50713,2024-12-08,V03,M200,386574.47500000003,233,0.87
ORD-50714,2024-05-12,V03,M101,636076.89,324,1.34
ORD-50715,2022-01-04,V04,M101,597024.73,221,2.4
ORD-50716,2024-08-18,V01,M400,129530.97,47,1.65
ORD-50717,2023-06-14,V02,M100,332719.25,127,2.31
ORD-50718,2024-06-15,V01,M400,567351.69,291,3.53
ORD-50719,2023-10-01,V01,M100,195306.82,215,2.18
ORD-50720,2024-05-21,V06,M100,802617.42,7,1.29
ORD-50721,2024-12-06,V01,M400,972434.94,184,1.93
ORD-50722,2024-11-27,V05,M101,222611.81,116,3.47
ORD-50723,2024-12-19,V06,M200,487607.125,52,2.2
ORD-50724,2022-01-13,V06,M101,460385.72,366,1.5
ORD-50725,2023-01-24,V03,M101,750287.62,46,2.21
ORD-50726,2022-07-16,V01,M101,288784.6,393,2.32
ORD-50727,2023-04-06,V03,M400,29681.11,442,1.69
ORD-50728,2024-08-29,V04,M400,545808.42,23,4.48
ORD-50729,2023-07-01,V02,M400,957034.56,131,3.57
ORD-50730,2023-07-19,V06,M101,397364.09,127,3.27
ORD-50731,2024-01-29,V04,M200,1064833.0250000001,445,3.92
ORD-50732,2022-04-01,V04,M100,969212.7,265,3.17
ORD-50733,2023-07-19,V05,M300,697661.54,309,3.66
ORD-50734,2023-05-31,V02,M100,721980.2,196,2.15
ORD-50735,2022-06-27,V04,M100,567074.99,433,2.5
ORD-50736,2022-03-06,V04,M300,974863.12,473,0.69
ORD-50737,2022-04-30,V02,M101,691977.82,454,1.62
ORD-50738,2023-07-21,V02,M200,2240206.0500000003,48,1.97
ORD-50739,2024-06-21,V04,M200,1755962.7,379,3.0
ORD-50740,2023-09-06,V02,M100,737764.67,82,2.36
ORD-50741,2022-11-17,V04,M300,297506.81,109,2.93
ORD-50742,2023-07-12,V04,M201,310443.91,263,3.35
ORD-50743,2022-08-04,V05,M101,785154.8,355,0.67
ORD-50744,2022-03-01,V01,M100,303739.23,31,1.53
ORD-50745,2024-04-12,V04,M200,1417855.925,358,1.18
ORD-50746,2024-03-05,V03,M400,256858.79,56,1.25
ORD-50747,2024-11-24,V06,M400,818813.55,480,2.51
ORD-50748,2024-06-01,V01,M300,119396.34,355,3.46
ORD-50749,2022-10-27,V01,M300,831152.17,189,1.59
ORD-50750,2024-05-15,V01,M100,606702.5,476,3.8
ORD-50751,2023-04-15,V05,M201,195040.44,492,4.07
ORD-50752,2022-07-31,V04,M200,1366537.5750000002,5,1.9
ORD-50753,2024-09-11,V05,M100,289673.85,286,3.23
ORD-50754,2022-11-20,V04,M201,330232.66,278,0.97
ORD-50755,2024-01-30,V05,M300,358012.76,145,3.48
ORD-50756,2024-09-05,V05,M400,72686.05,394,1.16
ORD-50757,2023-05-28,V06,M101,986102.07,455,3.25
ORD-50758,2024-01-28,V03,M400,41219.28,196,2.19
ORD-50759,2022-07-30,V05,M200,1664679.75,426,4.21
ORD-50760,2023-10-03,V06,M200,943788.425,27,2.36
ORD-50761,2024-09-05,V02,M400,649550.19,127,0.62
ORD-50762,2023-09-02,V03,M400,362685.77,135,2.42
ORD-50763,2022-08-21,V05,M201,677013.14,23,3.68
ORD-50764,2022-02-06,V01,M100,731943.15,331,3.09
ORD-50765,2024-02-27,V02,M300,693647.11,117,4.37
ORD-50766,2022-06-20,V02,M201,122822.36,392,3.87
ORD-50767,2022-05-28,V06,M101,660324.3,8,2.61
ORD-50768,2023-07-26,V02,M400,287187.67,101,1.33
ORD-50769,2023-09-14,V03,M101,38513.36,261,0.52
ORD-50770,2022-02-16,V05,M101,420682.37,199,4.42
ORD-50771,2024-10-26,V05,M201,439207.67,86,4.25
ORD-50772,2023-08-02,V01,M300,472502.39,228,1.6
ORD-50773,2024-07-20,V06,M200,1769439.8,386,3.05
ORD-50774,2024-10-18,V01,M100,315755.37,472,3.42
ORD-50775,2024-10-21,V02,M200,805319.275,179,2.81
ORD-50776,2024-05-05,V01,M300,69946.73,450,3.87
ORD-50777,2024-05-11,V03,M200,1724882.5,240,0.81
ORD-50778,2023-03-08,V05,M400,572147.83,12,4.09
ORD-50779,2024-11-16,V02,M400,355930.86,303,2.07
ORD-50780,2024-07-03,V01,M201,708137.09,234,2.42
ORD-50781,2022-09-27,V06,M101,541984.17,183,2.28
ORD-50782,2022-03-16,V03,M300,474552.5,282,2.63
ORD-50783,2024-03-04,V03,M300,516211.3,358,2.89
ORD-50784,2022-03-04,V01,M200,1599961.6,376,3.34
ORD-50785,2023-08-04,V05,M201,663402.58,429,2.6
ORD-50786,2022-01-04,V01,M200,740170.6,190,3.24
ORD-50787,2024-12-04,V02,M200,373339.82499999995,326,1.85
ORD-50788,2022-06-02,V01,M300,165067.84,215,4.25
ORD-50789,2023-01-20,V03,M200,1607492.45,258,0.76
ORD-50790,2022-10-05,V01,M101,874144.55,26,2.68
ORD-50791,2023-06-22,V05,M200,1038503.3,270,0.85
ORD-50792,2022-05-25,V06,M101,177824.96,82,2.27
ORD-50793,2024-05-06,V04,M300,759036.47,358,1.53
ORD-50794,2023-02-13,V01,M201,834164.58,185,4.25
ORD-50795,2024-01-15,V05,M400,881776.62,288,0.55
ORD-50796,2024-07-09,V05,M101,610763.11,62,2.06
ORD-50797,2024-06-02,V06,M201,862121.27,371,3.63
ORD-50798,2023-03-03,V03,M201,25260.81,462,1.25
ORD-50799,2024-09-03,V05,M101,116163.44,30,3.76
ORD-50800,2023-04-20,V05,M300,101650.31,397,3.94
ORD-50801,2022-12-12,V05,M100,715478.64,424,3.33
ORD-50802,2024-07-20,V05,M201,78885.97,31,1.34
ORD-50803,2024-01-25,V02,M201,501400.73,293,1.59
ORD-50804,2024-08-28,V02,M300,477979.83,173,1.17
ORD-50805,2024-10-17,V03,M300,317596.49,102,1.24
ORD-50806,2023-02-16,V01,M200,2179252.8,128,0.65
ORD-50807,2022-03-16,V05,M300,178728.87,86,3.93
ORD-50808,2022-04-18,V06,M201,358938.16,315,2.61
ORD-50809,2023-08-28,V01,M101,776429.79,28,1.81
ORD-50810,2022-05-22,V06,M100,40118.09,122,1.66
ORD-50811,2023-08-22,V01,M200,1690552.25,251,2.68
ORD-50812,2024-04-30,V03,M101,818233.75,61,1.81
ORD-50813,2023-01-23,V05,M100,932945.16,403,3.95
ORD-50814,2024-09-11,V05,M100,877533.67,171,1.34
ORD-50815,2022-03-21,V04,M100,326190.28,443,4.03
ORD-50816,2022-11-18,V06,M400,590500.5,272,3.16
ORD-50817,2024-03-04,V01,M101,86520.56,325,4.33
ORD-50818,2023-10-29,V01,M200,663228.25,300,0.56
ORD-50819,2024-07-28,V02,M200,258200.375,113,0.74
ORD-50820,2022-01-28,V04,M100,322035.42,194,2.5
ORD-50821,2023-07-16,V02,M101,876435.34,394,4.15
ORD-50822,2022-12-31,V02,M400,353695.17,431,3.42
ORD-50823,2024-08-02,V02,M100,566279.12,19,2.99
ORD-50824,2022-07-23,V06,M300,439047.04,340,0.63
ORD-50825,2024-03-12,V06,M200,1160818.4,93,1.92
ORD-50826,2022-05-05,V03,M201,969876.33,217,1.88
ORD-50827,2022-04-27,V03,M100,303192.92,465,2.67
ORD-50828,2023-04-08,V02,M300,631051.22,179,1.53
ORD-50829,2024-02-22,V04,M200,1064655.0999999999,499,1.57
ORD-50830,2024-02-25,V01,M400,70534.72,397,2.98
ORD-50831,2023-01-16,V06,M101,494437.52,191,4.28
ORD-50832,2023-06-25,V04,M200,2038024.75,493,3.14
ORD-50833,2022-06-01,V05,M101,107765.44,400,3.17
ORD-50834,2024-12-08,V06,M101,78895.93,437,4.44
ORD-50835,2023-10-03,V06,M400,162095.21,163,1.11
ORD-50836,2024-12-26,V03,M400,766756.11,100,0.64
ORD-50837,2023-12-26,V01,M100,726755.43,187,3.48
ORD-50838,2023-11-28,V01,M100,569367.59,295,2.26
ORD-50839,2022-02-18,V05,M200,1183860.35,67,2.22
ORD-50840,2022-07-15,V05,M400,889442.56,73,1.4
ORD-50841,2023-08-04,V06,M300,769030.85,232,2.53
ORD-50842,2022-07-14,V02,M200,2034557.075,189,2.27
ORD-50843,2022-02-23,V03,M201,815129.68,50,1.88
ORD-50844,2022-02-22,V03,M101,646289.98,309,2.27
ORD-50845,2024-06-23,V06,M101,463434.48,302,2.04
ORD-50846,2023-10-23,V04,M100,866030.98,308,4.26
ORD-50847,2024-04-12,V02,M300,926747.34,124,4.42
ORD-50848,2022-11-17,V06,M400,33567.98,157,3.86
ORD-50849,2024-12-14,V02,M400,61039.32,261,4.46
ORD-50850,2022-02-15,V02,M100,959155.86,195,1.56
ORD-50851,2022-07-14,V02,M201,284389.01,330,3.87
ORD-50852,2022-09-10,V06,M200,2186589.375,351,2.13
ORD-50853,2024-09-08,V03,M200,987267.9249999999,331,3.48
ORD-50854,2022-08-23,V03,M300,127909.06,256,1.31
ORD-50855,2024-03-08,V02,M100,89638.77,465,3.75
ORD-50856,2024-10-01,V04,M100,164942.82,424,0.83
ORD-50857,2022-05-01,V01,M201,257394.26,489,1.58
ORD-50858,2024-05-13,V06,M200,1234082.925,200,3.79
ORD-50859,2022-04-25,V01,M100,704482.92,372,3.49
ORD-50860,2022-02-15,V04,M400,986534.59,386,2.5
ORD-50861,2024-09-19,V06,M300,447091.68,68,3.19
ORD-50862,2024-05-06,V02,M200,1307507.725,446,1.24
ORD-50863,2022-06-06,V03,M201,526597.54,80,3.17
ORD-50864,2022-01-25,V01,M300,544040.01,233,0.53
ORD-50865,2024-03-19,V05,M101,522563.25,186,3.83
ORD-50866,2023-06-18,V05,M400,18687.01,105,2.57
ORD-50867,2024-01-31,V04,M201,11707.57,469,4.28
ORD-50868,2024-08-10,V02,M300,106689.65,325,2.41
ORD-50869,2023-12-26,V01,M100,110541.04,442,2.23
ORD-50870,2022-04-28,V02,M101,707847.94,419,2.3
ORD-50871,2024-07-14,V01,M201,212866.87,142,1.94
ORD-50872,2022-01-12,V04,M100,895766.96,399,1.17
ORD-50873,2024-03-19,V04,M400,929320.27,390,3.87
ORD-50874,2023-12-31,V05,M101,976134.4,272,2.06
ORD-50875,2023-01-22,V02,M200,2349226.225,343,2.62
ORD-50876,2022-02-28,V06,M100,279169.44,124,0.58
ORD-50877,2024-01-08,V05,M300,514679.08,223,0.74
ORD-50878,2022-07-28,V02,M201,183700.42,490,2.89
ORD-50879,2022-11-22,V05,M101,808147.56,174,4.02
ORD-50880,2022-04-14,V06,M100,889547.39,191,2.47
ORD-50881,2023-10-21,V03,M200,2131939.875,140,1.16
ORD-50882,2024-12-07,V03,M201,439033.28,297,0.96
ORD-50883,2024-04-12,V03,M201,761087.15,119,4.1
ORD-50884,2022-12-10,V03,M100,106603.38,275,3.31
ORD-50885,2022-02-03,V01,M200,124605.8,76,4.36
ORD-50886,2023-05-11,V03,M400,755704.05,109,0.83
ORD-50887,2023-05-23,V06,M400,431101.72,119,4.11
ORD-50888,2022-11-05,V04,M101,995593.77,461,3.88
ORD-50889,2023-08-08,V04,M100,106281.67,369,4.07
ORD-50890,2023-12-30,V01,M101,857071.4,258,0.52
ORD-50891,2023-10-30,V03,M400,485183.23,20,3.47
ORD-50892,2022-05-07,V03,M201,828878.69,119,2.7
ORD-50893,2023-01-22,V03,M101,818956.01,351,2.79
ORD-50894,2024-04-08,V05,M200,2292080.1999999997,137,2.38
ORD-50895,2024-04-19,V02,M300,304871.51,277,3.47
ORD-50896,2023-03-25,V05,M400,950301.36,255,4.5
ORD-50897,2024-10-11,V02,M400,160150.29,264,3.34
ORD-50898,2023-01-06,V03,M200,227872.72499999998,167,3.21
ORD-50899,2023-11-14,V03,M101,437299.36,165,3.12
ORD-50900,2023-02-18,V05,M100,830039.74,29,3.28
ORD-50901,2023-03-24,V05,M201,478686.92,467,1.87
ORD-50902,2022-01-30,V02,M300,830993.81,35,1.78
ORD-50903,2023-07-14,V04,M100,732389.94,237,3.64
ORD-50904,2023-02-03,V02,M100,217334.1,294,0.71
ORD-50905,2023-08-02,V05,M200,2373482.0250000004,90,3.54
ORD-50906,2024-09-19,V06,M101,70173.36,203,3.76
ORD-50907,2023-08-16,V05,M400,899296.91,228,2.59
ORD-50908,2024-02-06,V06,M400,311399.01,419,4.14
ORD-50909,2023-12-15,V01,M200,1262866.5,68,2.39
ORD-50910,2023-01-28,V05,M101,428128.35,131,1.21
ORD-50911,2023-08-06,V01,M200,450290.52499999997,365,1.95
ORD-50912,2022-01-06,V04,M400,364565.4,111,4.12
ORD-50913,2023-01-09,V02,M100,201005.09,12,4.47
ORD-50914,2023-09-25,V06,M201,211847.61,288,2.19
ORD-50915,2022-01-08,V02,M101,195186.27,175,1.17
ORD-50916,2022-07-04,V01,M300,494127.21,319,1.65
ORD-50917,2024-09-10,V06,M300,799952.05,154,2.71
ORD-50918,2024-11-06,V02,M100,573280.33,43,2.79
ORD-50919,2023-08-09,V05,M200,2235686.3,363,3.02
ORD-50920,2023-04-19,V03,M200,1600447.6,205,3.84
ORD-50921,2024-12-22,V01,M400,692446.71,172,3.34
ORD-50922,2024-08-10,V02,M100,670931.16,294,1.54
ORD-50923,2023-01-10,V01,M400,454964.6,285,2.08
ORD-50924,2024-10-26,V01,M400,692445.43,311,3.86
ORD-50925,2022-09-30,V06,M300,79010.67,52,3.03
ORD-50926,2024-02-17,V06,M400,861252.96,115,1.17
ORD-50927,2022-04-03,V03,M400,780034.02,19,1.8
ORD-50928,2024-07-08,V05,M300,252777.66,35,3.66
ORD-50929,2023-12-20,V01,M200,1925880.325,48,1.19
ORD-50930,2022-06-05,V02,M101,22516.18,233,3.26
ORD-50931,2024-06-14,V04,M201,225074.11,219,2.75
ORD-50932,2022-10-04,V01,M400,74485.87,110,1.09
ORD-50933,2024-02-18,V01,M101,782424.65,254,3.26
ORD-50934,2023-10-11,V03,M300,758315.41,188,1.07
ORD-50935,2022-11-05,V05,M101,815499.66,31,2.09
ORD-50936,2023-10-30,V04,M201,14436.88,259,1.73
ORD-50937,2022-09-15,V06,M101,506220.4,163,3.26
ORD-50938,2022-08-18,V06,M101,707787.84,344,3.63
ORD-50939,2022-02-25,V02,M101,163847.12,308,1.17
ORD-50940,2024-07-30,V04,M101,653292.82,71,3.75
ORD-50941,2023-02-03,V06,M100,93269.0,307,0.53
ORD-50942,2023-03-13,V02,M400,189512.6,56,2.62
ORD-50943,2024-03-26,V05,M300,481038.85,99,2.57
ORD-50944,2024-12-21,V02,M201,657029.5,21,3.0
ORD-50945,2023-12-29,V06,M300,154410.44,385,1.46
ORD-50946,2024-07-16,V03,M100,193371.1,108,0.54
ORD-50947,2022-09-22,V03,M100,212401.9,53,2.32
ORD-50948,2023-06-02,V03,M100,246313.8,6,0.79
ORD-50949,2023-08-17,V06,M400,234288.31,231,4.07
ORD-50950,2022-11-20,V03,M100,401197.62,482,1.19
ORD-50951,2023-09-23,V04,M101,657251.75,82,2.2
ORD-50952,2022-10-25,V05,M300,443651.47,446,2.24
ORD-50953,2024-03-18,V02,M200,1945535.425,217,2.71
ORD-50954,2022-12-21,V02,M201,722075.82,335,3.63
ORD-50955,2024-09-01,V06,M100,135261.64,47,2.39
ORD-50956,2024-10-14,V03,M300,58353.21,352,0.6
ORD-50957,2023-03-08,V03,M100,879162.15,362,3.58
ORD-50958,2023-10-08,V01,M400,89032.76,241,0.83
ORD-50959,2022-12-16,V05,M100,156855.79,178,3.07
ORD-50960,2024-01-03,V04,M100,31911.94,82,3.71
ORD-50961,2023-04-12,V02,M100,632053.0,287,1.63
ORD-50962,2023-10-04,V01,M100,586546.86,192,2.3
ORD-50963,2022-07-17,V01,M201,987034.63,413,0.56
ORD-50964,2024-12-20,V06,M300,888063.07,143,3.72
ORD-50965,2022-11-20,V02,M400,416734.75,314,3.31
ORD-50966,2024-05-01,V06,M100,377869.98,279,1.43
ORD-50967,2023-10-10,V04,M100,303883.51,422,2.06
ORD-50968,2024-07-03,V01,M100,160882.85,41,3.28
ORD-50969,2023-06-07,V01,M100,146702.82,459,1.93
ORD-50970,2024-06-05,V05,M101,140960.87,271,1.15
ORD-50971,2024-02-19,V04,M101,122973.61,87,2.57
ORD-50972,2024-12-23,V01,M200,620267.3,3,3.39
ORD-50973,2024-02-19,V04,M100,313601.94,211,1.78
ORD-50974,2023-10-09,V02,M200,2404907.95,1,0.99
ORD-50975,2022-06-27,V03,M201,582688.52,472,3.82
ORD-50976,2023-04-11,V01,M200,2469299.55,497,1.51
ORD-50977,2024-05-08,V05,M300,378742.28,75,2.55
ORD-50978,2023-09-01,V02,M101,463050.37,478,3.27
ORD-50979,2022-07-30,V04,M101,331332.87,498,1.77
ORD-50980,2022-06-10,V06,M100,191058.77,395,3.09
ORD-50981,2023-05-03,V02,M100,151733.06,444,2.34
ORD-50982,2024-03-12,V01,M201,945628.41,231,2.78
ORD-50983,2023-06-24,V04,M400,986942.57,449,2.86
ORD-50984,2022-12-25,V03,M201,54460.4,76,3.8
ORD-50985,2022-05-03,V02,M300,158842.42,260,3.13
ORD-50986,2024-05-19,V01,M100,429288.85,25,1.56
ORD-50987,2022-09-18,V05,M100,194470.14,200,0.74
ORD-50988,2022-06-22,V06,M201,370241.59,463,0.51
ORD-50989,2022-07-17,V04,M201,137805.39,427,4.12
ORD-50990,2023-03-23,V02,M201,461946.64,94,4.27
ORD-50991,2022-01-31,V02,M101,278977.67,424,0.88
ORD-50992,2022-07-27,V03,M200,895965.025,352,2.45
ORD-50993,2022-07-22,V03,M200,258423.80000000002,108,1.11
ORD-50994,2024-02-29,V05,M100,433846.77,355,4.29
ORD-50995,2022-04-10,V06,M101,983425.03,469,1.49
ORD-50996,2023-05-10,V05,M201,335544.72,95,2.51
ORD-50997,2024-08-31,V01,M100,877664.98,356,1.16
ORD-50998,2022-11-04,V01,M101,844767.15,91,1.83
ORD-50999,2024-07-04,V05,M300,952537.83,44,1.57
ORD-51000,2023-08-08,V06,M400,792208.42,456,2.4
ORD-51001,2022-05-14,V05,M101,663000.86,443,2.18
ORD-51002,2022-03-19,V06,M100,858018.6,384,1.82
ORD-51003,2024-06-29,V06,M200,212220.57499999998,23,0.92
ORD-51004,2022-07-31,V04,M201,468202.35,190,2.44
ORD-51005,2023-01-26,V06,M400,989363.68,23,3.9
ORD-51006,2022-10-09,V03,M300,771904.15,234,3.42
ORD-51007,2024-12-06,V06,M400,962454.62,186,3.38
ORD-51008,2023-02-22,V06,M400,781838.01,311,1.96
ORD-51009,2024-10-12,V06,M101,876133.15,417,3.33
ORD-51010,2023-06-03,V01,M100,709464.34,333,2.36
ORD-51011,2024-06-01,V03,M100,762896.98,63,1.1
ORD-51012,2024-06-19,V03,M400,527946.23,103,2.18
ORD-51013,2024-05-03,V05,M201,924995.32,316,1.03
ORD-51014,2022-03-25,V04,M100,826788.52,483,0.96
ORD-51015,2023-08-17,V06,M400,845446.12,189,0.59
ORD-51016,2024-10-31,V02,M100,676279.01,336,1.63
ORD-51017,2023-07-18,V04,M201,311534.15,460,1.82
ORD-51018,2022-06-17,V04,M300,45273.5,189,3.3
ORD-51019,2022-11-03,V03,M400,936298.58,351,2.65
ORD-51020,2024-01-14,V04,M200,1475647.875,69,3.93
ORD-51021,2023-10-27,V06,M200,762903.85,114,1.21
ORD-51022,2023-11-07,V06,M400,157643.76,104,1.56
ORD-51023,2024-10-17,V01,M101,831227.93,108,4.26
ORD-51024,2024-11-18,V06,M300,838154.99,345,2.28
ORD-51025,2023-03-12,V06,M101,816362.89,21,3.66
ORD-51026,2023-07-11,V03,M200,1621579.675,387,2.47
ORD-51027,2024-04-14,V06,M201,372355.23,432,2.38
ORD-51028,2024-08-23,V01,M400,311029.58,266,1.09
ORD-51029,2023-08-27,V02,M100,18469.22,343,3.9
ORD-51030,2022-10-10,V03,M200,2088178.7,209,0.81
ORD-51031,2024-06-25,V02,M300,96558.37,170,1.74
ORD-51032,2023-08-21,V03,M200,1586118.625,483,3.19
ORD-51033,2022-07-28,V05,M300,509034.2,473,2.53
ORD-51034,2024-10-27,V04,M300,531422.47,194,4.03
ORD-51035,2023-03-02,V05,M400,927445.72,347,0.66
ORD-51036,2024-11-19,V06,M300,41298.86,430,3.1
ORD-51037,2022-12-23,V02,M101,775658.3,393,2.41
ORD-51038,2024-05-10,V06,M201,61531.87,123,1.12
ORD-51039,2024-08-13,V04,M200,119430.175,177,3.47
ORD-51040,2022-09-14,V03,M201,435519.52,4,2.15
ORD-51041,2023-08-11,V04,M100,72444.42,188,2.63
ORD-51042,2022-12-02,V01,M200,1978131.275,346,4.37
ORD-51043,2022-04-12,V04,M201,534267.46,352,2.44
ORD-51044,2024-12-05,V01,M201,38748.39,29,3.79
ORD-51045,2024-04-09,V04,M400,50095.68,86,3.58
ORD-51046,2023-10-07,V01,M400,616541.84,47,3.15
ORD-51047,2024-03-08,V02,M100,808050.7,77,4.09
ORD-51048,2024-03-27,V06,M300,443421.54,343,1.51
ORD-51049,2024-03-14,V06,M200,1397587.15,191,3.78
ORD-51050,2024-08-21,V05,M400,801831.16,31,2.01
ORD-51051,2024-05-07,V06,M200,1536002.775,307,3.75
ORD-51052,2024-05-26,V03,M100,232512.64,169,2.48
ORD-51053,2023-01-20,V04,M400,616921.51,36,3.93
ORD-51054,2024-07-26,V05,M400,631996.66,245,4.08
ORD-51055,2024-09-30,V03,M300,736765.91,424,2.89
ORD-51056,2022-09-16,V03,M200,1561663.625,351,2.53
ORD-51057,2024-09-09,V01,M200,2423874.275,188,3.63
ORD-51058,2024-06-21,V06,M200,513288.57499999995,15,1.57
ORD-51059,2023-02-02,V02,M300,951579.77,334,0.56
ORD-51060,2024-09-27,V02,M400,542956.1,483,2.13
ORD-51061,2022-08-30,V05,M100,675236.58,216,2.53
ORD-51062,2022-10-15,V02,M200,271167.45,158,1.69
ORD-51063,2023-03-25,V04,M201,386770.18,414,2.03
ORD-51064,2023-11-01,V02,M300,771685.35,155,1.03
ORD-51065,2022-02-02,V05,M101,709841.9,241,1.61
ORD-51066,2023-10-10,V02,M100,49737.99,296,1.46
ORD-51067,2022-06-28,V04,M201,551128.32,462,1.7
ORD-51068,2024-02-16,V01,M200,243488.52500000002,45,1.7
ORD-51069,2022-08-09,V05,M101,995897.86,495,2.74
ORD-51070,2022-04-30,V01,M100,898323.62,459,1.5
ORD-51071,2024-12-02,V01,M300,30869.85,175,4.26
ORD-51072,2022-12-12,V01,M101,860063.08,492,2.55
ORD-51073,2023-11-25,V03,M400,920235.3,346,1.02
ORD-51074,2022-07-20,V06,M101,360012.74,56,1.62
ORD-51075,2023-12-07,V03,M201,722306.64,54,3.42
ORD-51076,2024-06-24,V06,M100,447682.71,341,0.55
ORD-51077,2023-01-31,V01,M201,658680.16,265,4.25
ORD-51078,2022-04-27,V05,M201,346914.23,374,2.28
ORD-51079,2022-09-09,V06,M200,823334.1000000001,239,2.58
ORD-51080,2022-10-20,V04,M300,430189.55,321,4.45
ORD-51081,2024-01-01,V04,M101,154112.08,108,2.51
ORD-51082,2022-09-03,V02,M100,832827.57,198,4.29
ORD-51083,2024-01-16,V06,M400,355210.92,385,4.16
ORD-51084,2022-05-21,V05,M300,406148.06,214,4.27
ORD-51085,2022-05-19,V03,M300,895114.07,499,3.75
ORD-51086,2023-11-09,V01,M100,501657.58,246,1.69
ORD-51087,2022-01-31,V02,M300,548811.37,397,1.89
ORD-51088,2023-07-30,V04,M200,2392332.85,38,1.96
ORD-51089,2022-09-13,V03,M300,887859.12,497,4.42
ORD-51090,2024-10-03,V03,M200,444430.10000000003,173,1.94
ORD-51091,2024-06-07,V01,M101,478482.88,105,0.93
ORD-51092,2024-02-20,V06,M101,971583.27,40,3.61
ORD-51093,2022-11-09,V04,M201,378642.64,479,1.96
ORD-51094,2024-12-25,V05,M200,944643.45,399,2.98
ORD-51095,2022-12-21,V03,M400,203079.93,434,4.2
ORD-51096,2023-09-13,V01,M101,123179.88,130,2.8
ORD-51097,2024-09-13,V05,M300,742901.74,181,3.05
ORD-51098,2022-08-24,V06,M100,772330.16,479,3.07
ORD-51099,2024-11-28,V04,M100,969322.83,410,2.95
ORD-51100,2022-03-05,V06,M200,1939210.0750000002,194,1.14
ORD-51101,2023-03-11,V03,M400,250918.97,331,2.33
ORD-51102,2023-09-13,V05,M201,49715.41,289,0.53
ORD-51103,2024-02-17,V05,M300,985583.01,466,3.01
ORD-51104,2024-08-13,V05,M200,867615.475,341,2.8
ORD-51105,2022-12-23,V03,M100,318851.83,59,1.77
ORD-51106,2022-05-19,V03,M200,2267239.15,351,2.6
ORD-51107,2023-05-17,V06,M300,589248.9,26,2.47
ORD-51108,2024-11-23,V02,M400,222722.46,478,1.5
ORD-51109,2022-01-15,V06,M400,890205.28,103,1.67
ORD-51110,2023-09-18,V04,M101,993427.25,21,3.55
ORD-51111,2022-03-10,V01,M300,95811.78,433,3.52
ORD-51112,2024-07-14,V05,M101,863629.11,80,2.38
ORD-51113,2022-10-24,V02,M101,396610.54,327,3.37
ORD-51114,2022-11-01,V01,M101,528831.72,470,2.3
ORD-51115,2022-12-28,V02,M200,2289169.55,199,3.91
ORD-51116,2022-03-02,V06,M100,973645.4,322,1.83
ORD-51117,2024-06-30,V03,M400,269542.27,37,4.21
ORD-51118,2024-11-19,V05,M200,551805.65,14,2.67
ORD-51119,2023-10-03,V06,M100,89711.39,456,2.64
ORD-51120,2023-01-30,V01,M400,566179.87,221,3.18
ORD-51121,2022-12-01,V01,M300,23468.35,364,1.86
ORD-51122,2023-06-28,V01,M400,417779.31,391,3.4
ORD-51123,2022-02-22,V01,M400,82650.18,166,1.78
ORD-51124,2023-02-19,V01,M400,411173.53,173,2.09
ORD-51125,2024-08-17,V02,M201,49532.87,150,3.2
ORD-51126,2023-07-07,V06,M300,836865.09,172,2.01
ORD-51127,2023-04-26,V05,M200,544104.0,81,1.3
ORD-51128,2022-10-19,V03,M200,837564.05,336,3.99
ORD-51129,2022-08-17,V03,M100,871347.52,225,4.19
ORD-51130,2023-04-10,V06,M200,1872008.5,359,3.01
ORD-51131,2024-11-14,V06,M101,226847.98,35,3.74
ORD-51132,2022-01-24,V03,M400,81180.42,358,4.45
ORD-51133,2022-10-12,V03,M200,1796292.6,188,2.96
ORD-51134,2022-11-29,V02,M100,396795.53,224,4.14
ORD-51135,2023-09-25,V04,M100,768419.2,131,1.94
ORD-51136,2023-06-24,V05,M101,450841.82,374,3.3
ORD-51137,2022-09-18,V01,M100,352542.39,451,0.72
ORD-51138,2023-09-22,V04,M201,456693.35,456,3.66
ORD-51139,2023-08-11,V06,M400,751073.4,494,3.82
ORD-51140,2022-12-14,V03,M400,903198.08,351,2.1
ORD-51141,2022-07-25,V04,M400,59269.52,311,3.06
ORD-51142,2022-07-09,V05,M300,528870.43,9,3.93
ORD-51143,2023-07-28,V06,M200,106267.675,69,4.03
ORD-51144,2022-03-09,V01,M201,473725.45,28,0.93
ORD-51145,2023-02-07,V01,M200,2216075.0,399,3.81
ORD-51146,2022-06-11,V05,M201,367974.36,369,1.6
ORD-51147,2024-03-13,V05,M200,2332814.8000000003,475,3.41
ORD-51148,2022-06-06,V03,M101,634302.39,234,1.8
ORD-51149,2024-01-04,V01,M100,934813.79,31,0.73
ORD-51150,2024-05-04,V06,M100,759594.96,315,1.34
ORD-51151,2022-09-04,V04,M101,112400.81,232,2.13
ORD-51152,2022-03-13,V06,M201,238839.85,338,3.46
ORD-51153,2022-07-17,V02,M300,400228.75,486,0.9
ORD-51154,2023-11-29,V02,M201,178405.81,497,3.75
ORD-51155,2023-09-22,V05,M100,499962.49,54,4.49
ORD-51156,2024-03-27,V03,M300,476654.47,452,3.65
ORD-51157,2024-09-24,V02,M200,2391741.525,469,2.39
ORD-51158,2023-09-08,V01,M300,439390.6,175,2.77
ORD-51159,2022-02-18,V06,M201,787770.54,298,0.52
ORD-51160,2022-12-07,V06,M101,942491.44,279,1.34
ORD-51161,2024-11-09,V05,M200,2195547.3499999996,365,4.1
ORD-51162,2023-02-11,V04,M201,216580.95,86,0.59
ORD-51163,2024-11-26,V05,M200,1252674.0,65,4.12
ORD-51164,2022-08-06,V04,M300,354262.38,89,0.95
ORD-51165,2024-11-03,V05,M100,405860.11,54,1.03
ORD-51166,2023-04-15,V05,M201,367198.76,118,1.2
ORD-51167,2023-08-09,V05,M101,828095.62,361,3.7
ORD-51168,2022-12-27,V04,M300,457617.66,476,2.41
ORD-51169,2023-05-12,V04,M201,528457.39,229,1.08
ORD-51170,2024-10-15,V05,M101,982622.88,267,3.25
ORD-51171,2022-11-04,V02,M201,69379.48,319,4.26
ORD-51172,2024-04-09,V03,M300,493078.06,22,2.79
ORD-51173,2022-01-05,V03,M201,776321.09,438,0.89
ORD-51174,2023-05-20,V03,M200,399125.85,247,0.72
ORD-51175,2024-11-19,V04,M300,615416.28,473,3.68
ORD-51176,2023-06-17,V04,M201,247070.13,373,3.0
ORD-51177,2022-06-30,V02,M100,868730.07,469,4.19
ORD-51178,2024-10-22,V03,M201,333828.67,420,2.69
ORD-51179,2024-09-17,V03,M200,839430.475,314,0.75
ORD-51180,2023-09-01,V05,M101,602211.94,20,2.11
ORD-51181,2023-12-28,V04,M101,191727.28,400,3.13
ORD-51182,2022-12-18,V03,M101,292039.75,476,2.04
ORD-51183,2024-09-30,V06,M100,422465.53,184,4.5
ORD-51184,2024-09-27,V02,M200,900253.7,349,2.12
ORD-51185,2023-04-06,V06,M300,529628.45,50,2.68
ORD-51186,2022-06-03,V06,M101,603643.74,90,1.4
ORD-51187,2022-06-04,V02,M200,1427501.9500000002,104,1.11
ORD-51188,2023-08-10,V06,M201,657626.63,194,3.08
ORD-51189,2023-10-17,V03,M100,314672.02,383,2.85
ORD-51190,2022-11-28,V04,M200,337904.89999999997,369,0.52
ORD-51191,2024-06-29,V02,M200,1907998.6749999998,74,1.64
ORD-51192,2024-09-28,V05,M300,852272.58,269,3.07
ORD-51193,2022-04-15,V06,M200,661090.4249999999,15,3.75
ORD-51194,2022-09-15,V02,M300,413021.04,329,1.75
ORD-51195,2023-05-01,V01,M100,503583.52,283,3.09
ORD-51196,2024-04-21,V01,M100,537993.57,392,1.56
ORD-51197,2024-03-23,V04,M201,662895.27,198,3.26
ORD-51198,2022-11-01,V03,M300,51187.2,484,3.29
ORD-51199,2023-06-02,V04,M300,724262.31,434,1.02
ORD-51200,2022-08-23,V04,M101,71351.3,344,3.16
ORD-51201,2022-01-16,V04,M101,473605.68,195,1.83
ORD-51202,2024-07-15,V04,M201,829394.42,410,1.19
ORD-51203,2024-07-11,V05,M100,456703.16,36,2.5
ORD-51204,2023-12-26,V05,M400,157598.85,405,2.31
ORD-51205,2023-06-23,V02,M101,985183.51,205,3.6
ORD-51206,2022-05-04,V01,M200,2225981.525,308,0.84
ORD-51207,2023-10-12,V04,M100,773600.5,139,3.66
ORD-51208,2022-12-03,V02,M400,417396.49,264,0.92
ORD-51209,2022-11-29,V01,M200,480018.175,57,1.33
ORD-51210,2022-03-18,V06,M300,941997.07,110,2.56
ORD-51211,2022-07-11,V03,M100,537027.62,174,2.35
ORD-51212,2022-08-18,V05,M201,853831.91,496,4.46
ORD-51213,2022-08-24,V06,M300,348674.06,206,2.86
ORD-51214,2024-02-23,V01,M300,341935.43,225,1.81
ORD-51215,2023-07-13,V06,M200,2464212.6999999997,386,4.1
ORD-51216,2023-04-12,V03,M300,526614.72,64,1.75
ORD-51217,2022-03-01,V01,M101,149288.47,252,1.6
ORD-51218,2023-10-09,V06,M100,227477.93,436,2.48
ORD-51219,2024-11-26,V05,M101,487124.84,449,4.15
ORD-51220,2024-08-23,V05,M200,130115.5,267,3.33
ORD-51221,2024-11-18,V02,M400,467908.65,390,3.21
ORD-51222,2023-12-28,V06,M200,1061878.575,352,3.4
ORD-51223,2022-05-06,V04,M100,781542.9,463,3.14
ORD-51224,2022-11-14,V06,M300,361392.54,332,3.54
ORD-51225,2024-08-21,V01,M201,982723.27,320,1.27
ORD-51226,2022-02-20,V01,M200,472405.55,357,1.21
ORD-51227,2022-06-16,V06,M100,595076.82,93,1.95
ORD-51228,2022-09-18,V03,M201,98802.3,183,3.9
ORD-51229,2023-12-01,V05,M300,736525.34,300,3.36
ORD-51230,2024-11-28,V01,M400,994806.15,214,2.77
ORD-51231,2023-05-27,V05,M200,2052368.125,494,0.58
ORD-51232,2023-04-07,V01,M400,560146.51,142,1.44
ORD-51233,2023-03-01,V02,M100,489893.94,83,3.71
ORD-51234,2022-10-06,V04,M400,836679.66,389,1.47
ORD-51235,2023-07-31,V01,M400,936614.34,99,3.42
ORD-51236,2022-11-18,V05,M100,989314.46,281,1.24
ORD-51237,2022-12-28,V02,M100,402573.84,434,2.93
ORD-51238,2024-02-06,V01,M200,2477520.75,102,3.01
ORD-51239,2022-03-25,V03,M400,164366.99,329,3.51
ORD-51240,2024-04-25,V04,M201,261014.28,378,2.25
ORD-51241,2024-11-27,V01,M100,98125.96,71,3.03
ORD-51242,2022-07-08,V02,M300,279021.13,373,2.45
ORD-51243,2023-03-03,V03,M400,770258.18,338,4.29
ORD-51244,2022-04-29,V06,M100,854395.11,386,2.59
ORD-51245,2024-11-08,V02,M201,781103.72,372,1.34
ORD-51246,2024-04-25,V02,M200,1586887.8,266,3.17
ORD-51247,2022-12-27,V03,M400,518826.85,492,2.69
ORD-51248,2023-12-14,V02,M100,711617.25,130,3.72
ORD-51249,2022-02-15,V03,M100,396925.21,60,1.21
ORD-51250,2022-05-16,V01,M300,842895.27,301,1.54
ORD-51251,2022-10-16,V03,M300,680418.19,392,4.19
ORD-51252,2024-12-25,V03,M400,700826.65,442,4.22
ORD-51253,2024-06-17,V04,M100,540576.63,119,2.27
ORD-51254,2024-10-14,V03,M400,886376.69,263,0.69
ORD-51255,2022-08-05,V03,M100,259494.59,483,1.73
ORD-51256,2022-09-09,V06,M300,387336.18,471,1.49
ORD-51257,2022-10-13,V01,M201,779866.14,328,2.16
ORD-51258,2022-02-16,V04,M101,497821.41,21,1.77
ORD-51259,2023-09-05,V06,M101,890321.87,97,3.82
ORD-51260,2022-01-13,V05,M100,352935.33,303,0.51
ORD-51261,2023-08-15,V01,M300,375636.87,1,3.08
ORD-51262,2024-12-27,V01,M200,2224621.075,396,3.16
ORD-51263,2022-08-25,V05,M200,1174316.55,203,3.14
ORD-51264,2024-05-21,V03,M101,520963.34,432,2.58
ORD-51265,2023-04-12,V06,M201,339436.08,128,2.94
ORD-51266,2023-06-13,V02,M101,283903.24,350,3.74
ORD-51267,2022-05-29,V04,M100,659389.22,132,3.64
ORD-51268,2022-11-10,V02,M201,128642.25,34,0.64
ORD-51269,2023-12-18,V05,M200,2201199.775,87,0.62
ORD-51270,2024-03-20,V01,M300,781411.11,32,3.86
ORD-51271,2022-08-13,V01,M300,198840.78,259,2.8
ORD-51272,2023-04-01,V04,M100,697079.75,476,4.33
ORD-51273,2023-04-26,V01,M101,606606.59,324,2.23
ORD-51274,2024-05-18,V01,M100,192689.7,313,1.21
ORD-51275,2024-05-29,V04,M300,280471.47,370,2.39
ORD-51276,2023-03-06,V06,M200,1037241.6000000001,460,2.25
ORD-51277,2024-09-05,V06,M300,702250.31,408,2.57
ORD-51278,2023-05-21,V04,M201,642336.17,33,3.73
ORD-51279,2024-06-17,V05,M400,536912.5,387,3.12
ORD-51280,2022-03-10,V01,M300,770726.44,388,1.24
ORD-51281,2023-01-26,V01,M300,760358.36,286,3.44
ORD-51282,2024-04-06,V05,M400,621680.56,326,2.87
ORD-51283,2022-12-20,V06,M201,789120.18,49,2.81
ORD-51284,2023-11-21,V03,M101,340920.74,286,3.21
ORD-51285,2023-03-06,V03,M300,882437.03,456,2.76
ORD-51286,2024-12-04,V03,M100,618760.98,82,2.33
ORD-51287,2023-12-26,V06,M300,824139.88,144,3.06
ORD-51288,2022-07-02,V06,M100,550816.31,437,3.39
ORD-51289,2024-12-04,V05,M201,226253.86,390,1.4
ORD-51290,2023-03-01,V01,M300,546986.03,280,2.49
ORD-51291,2022-03-23,V05,M201,377400.55,371,2.33
ORD-51292,2023-08-17,V05,M201,700524.05,92,0.66
ORD-51293,2023-01-30,V06,M101,481035.85,224,3.84
ORD-51294,2023-08-02,V03,M300,837751.68,217,2.01
ORD-51295,2022-01-28,V02,M100,681291.79,156,0.79
ORD-51296,2024-11-30,V01,M100,687698.99,277,2.33
ORD-51297,2024-06-28,V06,M300,224983.78,8,1.15
ORD-51298,2024-04-14,V03,M400,984407.27,36,3.32
ORD-51299,2024-05-24,V02,M101,843258.46,124,2.79
ORD-51300,2023-01-31,V02,M101,791114.84,9,1.58
ORD-51301,2023-07-30,V06,M101,336913.07,40,4.3
ORD-51302,2023-10-25,V04,M100,540275.34,469,1.67
ORD-51303,2022-08-12,V01,M201,145732.16,179,2.72
ORD-51304,2023-10-24,V02,M400,543091.22,129,3.71
ORD-51305,2024-03-23,V06,M101,154430.35,447,2.56
ORD-51306,2022-02-01,V06,M100,557507.47,373,4.34
ORD-51307,2023-10-31,V03,M100,652234.66,68,3.88
ORD-51308,2022-01-18,V04,M201,396294.01,458,4.18
ORD-51309,2024-02-06,V01,M300,503559.43,154,1.99
ORD-51310,2023-11-27,V05,M300,876896.85,424,2.69
ORD-51311,2023-07-10,V03,M101,117477.51,3,3.86
ORD-51312,2022-10-07,V02,M101,793815.56,364,4.11
ORD-51313,2023-02-25,V02,M400,179047.01,378,4.28
ORD-51314,2024-04-25,V03,M201,46340.9,265,4.02
ORD-51315,2024-12-04,V06,M101,193718.86,416,3.42
ORD-51316,2022-10-05,V02,M201,767392.76,451,0.6
ORD-51317,2023-07-16,V04,M100,411074.81,4,1.76
ORD-51318,2023-11-20,V01,M101,873795.31,262,1.02
ORD-51319,2022-03-09,V04,M100,529460.47,329,1.12
ORD-51320,2022-01-20,V02,M200,80069.625,282,1.66
ORD-51321,2024-09-05,V05,M201,719546.47,386,0.8
ORD-51322,2023-01-08,V01,M200,297826.45,450,1.47
ORD-51323,2024-03-06,V01,M101,791485.84,370,4.33
ORD-51324,2024-01-19,V03,M100,176421.52,85,1.75
ORD-51325,2024-07-18,V03,M101,351991.92,342,1.14
ORD-51326,2023-12-14,V05,M200,1909146.7999999998,387,3.37
ORD-51327,2024-07-25,V06,M101,954689.04,35,3.81
ORD-51328,2024-07-19,V01,M400,377719.61,114,1.76
ORD-51329,2023-09-25,V05,M300,831106.22,59,1.61
ORD-51330,2024-05-26,V03,M200,497210.85,38,1.47
ORD-51331,2024-02-10,V03,M101,809107.97,33,2.07
ORD-51332,2024-07-31,V01,M100,660919.12,377,0.85
ORD-51333,2024-05-28,V04,M101,200816.07,399,3.18
ORD-51334,2023-04-29,V02,M100,309478.92,203,3.79
ORD-51335,2022-12-21,V03,M300,140453.18,202,3.15
ORD-51336,2024-11-28,V06,M101,389137.34,100,2.18
ORD-51337,2024-05-09,V06,M300,211612.15,398,1.66
ORD-51338,2023-05-05,V03,M200,1618894.9249999998,450,2.14
ORD-51339,2023-01-11,V04,M100,994560.05,301,2.2
ORD-51340,2023-03-25,V04,M400,21889.07,304,3.16
ORD-51341,2023-08-15,V05,M200,1363776.55,428,4.21
ORD-51342,2022-06-06,V06,M100,577929.93,118,0.78
ORD-51343,2023-04-15,V05,M300,915066.7,421,4.31
ORD-51344,2024-09-22,V06,M201,510945.28,243,4.14
ORD-51345,2024-08-16,V02,M101,548264.41,29,0.97
ORD-51346,2022-10-14,V02,M300,476936.27,227,1.23
ORD-51347,2022-07-15,V01,M100,276215.26,340,1.75
ORD-51348,2024-07-28,V05,M100,65468.84,213,2.74
ORD-51349,2022-08-02,V03,M100,414571.11,418,1.04
ORD-51350,2024-04-01,V05,M100,62065.56,187,1.3
ORD-51351,2024-10-21,V03,M101,554987.54,113,4.11
ORD-51352,2024-10-18,V04,M200,785551.775,373,0.94
ORD-51353,2022-12-14,V05,M400,538266.38,299,2.1
ORD-51354,2023-07-19,V04,M201,142953.99,161,3.55
ORD-51355,2023-05-25,V02,M101,933303.67,19,4.05
ORD-51356,2022-10-23,V02,M100,895576.03,264,1.84
ORD-51357,2023-01-09,V01,M101,198096.54,159,1.16
ORD-51358,2022-04-18,V05,M300,350009.84,11,3.45
ORD-51359,2024-09-20,V04,M400,617357.84,8,3.59
ORD-51360,2022-02-19,V03,M100,104729.35,153,4.42
ORD-51361,2024-03-20,V02,M201,361022.14,113,1.06
ORD-51362,2024-03-26,V02,M100,258601.16,148,3.34
ORD-51363,2023-06-08,V03,M400,916361.56,38,2.17
ORD-51364,2023-07-11,V04,M201,853985.53,135,4.16
ORD-51365,2022-07-21,V04,M400,584034.41,373,2.13
ORD-51366,2024-12-30,V05,M201,525142.87,461,2.28
ORD-51367,2023-11-18,V05,M200,2328546.35,423,1.01
ORD-51368,2022-08-25,V06,M200,2332758.775,235,1.78
ORD-51369,2024-06-30,V06,M101,969636.82,255,2.1
ORD-51370,2024-03-21,V01,M101,134125.1,74,0.57
ORD-51371,2023-01-21,V02,M201,168952.23,328,2.25
ORD-51372,2023-01-14,V05,M100,679969.33,362,1.85
ORD-51373,2023-07-03,V04,M300,546020.13,374,3.72
ORD-51374,2022-06-07,V03,M300,28281.25,491,0.93
ORD-51375,2024-11-09,V04,M100,71355.29,276,3.54
ORD-51376,2024-02-25,V02,M100,889199.58,209,3.36
ORD-51377,2024-11-14,V06,M200,2175455.225,267,1.47
ORD-51378,2022-10-01,V04,M300,363698.21,144,0.83
ORD-51379,2024-09-29,V01,M201,892140.11,485,3.87
ORD-51380,2022-04-25,V02,M400,597738.32,42,1.5
ORD-51381,2024-11-24,V06,M101,807846.59,224,1.08
ORD-51382,2023-06-26,V03,M400,433156.76,346,1.94
ORD-51383,2024-11-08,V06,M200,305660.85,52,2.1
ORD-51384,2022-05-10,V01,M300,439389.79,421,1.8
ORD-51385,2024-10-18,V02,M100,462726.8,308,4.41
ORD-51386,2023-03-29,V03,M300,555434.75,137,4.02
ORD-51387,2022-01-15,V01,M201,114526.89,419,3.99
ORD-51388,2022-10-29,V06,M200,2478719.6,195,2.1
ORD-51389,2022-11-16,V01,M100,251695.45,95,4.35
ORD-51390,2023-04-02,V02,M400,206566.88,490,3.24
ORD-51391,2023-12-09,V05,M201,531534.89,391,3.83
ORD-51392,2022-12-08,V01,M400,541836.1,258,2.5
ORD-51393,2024-08-28,V01,M101,445422.53,25,1.14
ORD-51394,2022-09-09,V06,M200,1935433.0499999998,232,4.05
ORD-51395,2023-10-01,V06,M201,521487.86,332,2.45
ORD-51396,2022-09-29,V03,M201,613598.5,94,4.37
ORD-51397,2024-03-20,V06,M400,726508.92,350,1.52
ORD-51398,2023-04-14,V04,M100,34774.85,221,4.47
ORD-51399,2024-07-11,V02,M101,574937.74,297,1.39
ORD-51400,2022-04-16,V02,M400,885352.53,203,1.97
ORD-51401,2024-02-28,V05,M201,27214.86,499,2.88
ORD-51402,2024-10-06,V05,M200,1027825.7000000001,436,3.27
ORD-51403,2022-07-20,V02,M201,926965.18,343,3.38
ORD-51404,2023-06-30,V05,M300,359622.86,81,2.41
ORD-51405,2024-06-22,V03,M200,1160353.8499999999,205,0.81
ORD-51406,2023-08-28,V06,M200,2454314.95,481,2.48
ORD-51407,2023-10-20,V02,M201,207330.62,449,1.84
ORD-51408,2023-05-10,V05,M100,74602.64,380,3.13
ORD-51409,2023-09-07,V02,M200,2152070.9,488,1.23
ORD-51410,2022-12-19,V04,M300,869780.69,77,2.08
ORD-51411,2024-03-06,V01,M400,477357.06,38,4.36
ORD-51412,2024-11-13,V06,M100,519065.1,195,0.86
ORD-51413,2024-02-09,V02,M100,837448.31,464,2.91
ORD-51414,2022-11-30,V01,M100,741173.9,42,0.86
ORD-51415,2022-09-04,V05,M200,681243.775,455,1.13
ORD-51416,2022-06-25,V01,M100,26724.42,182,2.92
ORD-51417,2022-12-09,V06,M201,484903.16,245,2.28
ORD-51418,2023-04-16,V02,M100,860323.2,195,2.69
ORD-51419,2022-07-20,V04,M300,896876.33,78,4.02
ORD-51420,2024-01-25,V05,M101,956663.94,320,3.77
ORD-51421,2022-07-03,V02,M300,880767.61,464,4.05
ORD-51422,2024-01-22,V06,M200,1460607.8,388,2.97
ORD-51423,2024-11-29,V05,M100,450159.54,415,2.46
ORD-51424,2022-07-14,V03,M100,777101.35,125,2.34
ORD-51425,2022-08-17,V01,M201,742423.42,141,3.46
ORD-51426,2023-10-19,V06,M400,542762.0,27,2.59
ORD-51427,2023-12-30,V03,M100,96454.1,315,0.92
ORD-51428,2022-11-05,V02,M300,926820.53,321,1.07
ORD-51429,2022-03-18,V04,M200,1152616.275,448,1.93
ORD-51430,2023-01-02,V05,M101,369700.44,281,0.77
ORD-51431,2023-06-27,V01,M100,633271.72,293,1.46
ORD-51432,2022-08-09,V05,M101,677099.58,242,3.13
ORD-51433,2023-10-16,V02,M100,218581.04,236,0.55
ORD-51434,2022-09-26,V05,M200,2096423.65,203,2.92
ORD-51435,2023-12-29,V01,M400,297037.72,457,3.59
ORD-51436,2023-11-01,V02,M300,194817.09,380,1.18
ORD-51437,2024-01-05,V05,M200,1030839.625,327,1.22
ORD-51438,2022-04-15,V04,M101,733254.48,142,0.62
ORD-51439,2022-04-11,V06,M100,965803.6,94,2.55
ORD-51440,2024-12-12,V02,M101,811188.45,152,3.12
ORD-51441,2024-11-15,V06,M300,940944.89,253,2.33
ORD-51442,2023-10-14,V02,M200,372999.375,67,2.06
ORD-51443,2023-07-11,V04,M101,80465.03,176,2.32
ORD-51444,2024-01-29,V06,M101,562127.71,103,3.63
ORD-51445,2022-05-30,V03,M300,297394.51,91,0.63
ORD-51446,2022-09-25,V01,M100,829774.42,193,3.64
ORD-51447,2024-11-03,V03,M101,675267.99,166,3.17
ORD-51448,2024-02-17,V05,M300,971020.88,90,1.47
ORD-51449,2022-04-29,V04,M100,262244.43,326,2.6
ORD-51450,2022-10-02,V03,M400,490926.27,315,0.7
ORD-51451,2023-09-01,V02,M100,506228.07,490,2.02
ORD-51452,2022-12-28,V05,M400,246785.03,268,1.2
ORD-51453,2022-01-24,V05,M200,1485481.1749999998,438,0.59
ORD-51454,2022-12-29,V03,M300,448853.13,51,1.93
ORD-51455,2024-09-13,V03,M100,452254.34,166,3.4
ORD-51456,2023-09-12,V04,M400,369109.28,174,4.18
ORD-51457,2022-04-08,V01,M400,26760.06,227,3.15
ORD-51458,2024-05-19,V03,M200,1317185.7000000002,266,2.11
ORD-51459,2023-06-21,V03,M201,341895.36,9,4.5
ORD-51460,2022-05-07,V06,M300,11306.67,87,1.63
ORD-51461,2022-07-14,V02,M201,314864.27,94,1.25
ORD-51462,2022-01-01,V06,M100,285842.05,52,2.35
ORD-51463,2024-12-02,V06,M300,399513.67,179,2.52
ORD-51464,2022-09-02,V05,M200,351333.675,278,1.92
ORD-51465,2022-09-19,V01,M100,512606.99,239,3.28
ORD-51466,2024-05-27,V02,M300,695515.95,73,1.24
ORD-51467,2023-04-02,V04,M300,633883.71,339,2.54
ORD-51468,2024-09-01,V04,M201,805717.4,72,2.5
ORD-51469,2024-10-19,V03,M100,457488.21,374,3.8
ORD-51470,2023-06-23,V03,M200,1309752.025,68,4.21
ORD-51471,2022-09-18,V04,M200,2030744.8,5,3.15
ORD-51472,2022-06-16,V03,M100,433424.16,339,1.72
ORD-51473,2024-03-27,V01,M100,704583.36,238,3.26
ORD-51474,2024-09-19,V06,M400,440256.35,466,1.51
ORD-51475,2022-09-02,V03,M101,423558.83,121,4.37
ORD-51476,2022-10-04,V05,M201,762603.57,413,3.79
ORD-51477,2023-02-06,V03,M100,183088.55,211,2.22
ORD-51478,2022-09-13,V02,M100,345200.11,262,3.64
ORD-51479,2022-04-12,V01,M101,231930.55,325,2.13
ORD-51480,2024-01-02,V02,M101,365518.84,58,0.8
ORD-51481,2023-09-13,V02,M300,238071.07,43,3.33
ORD-51482,2022-10-18,V05,M200,1459028.9249999998,197,2.12
ORD-51483,2022-08-24,V01,M201,800189.09,72,4.22
ORD-51484,2022-03-15,V01,M300,788746.93,91,1.73
ORD-51485,2024-04-01,V01,M100,370855.95,37,3.87
ORD-51486,2023-05-03,V01,M101,988872.8,491,3.22
ORD-51487,2022-01-07,V01,M400,597915.82,314,3.91
ORD-51488,2022-03-16,V05,M200,1013515.75,237,1.67
ORD-51489,2024-03-05,V03,M300,837183.89,486,2.35
ORD-51490,2023-11-26,V02,M400,732575.27,383,3.79
ORD-51491,2023-05-10,V01,M200,1879456.45,293,3.08
ORD-51492,2023-05-20,V03,M400,204177.96,466,1.94
ORD-51493,2024-04-23,V03,M101,473641.06,154,2.55
ORD-51494,2024-05-22,V02,M300,863209.85,170,4.48
ORD-51495,2022-07-05,V05,M300,508997.63,272,3.47
ORD-51496,2022-08-24,V04,M200,1716545.5499999998,406,2.96
ORD-51497,2023-01-04,V04,M400,592054.4,110,3.81
ORD-51498,2024-01-21,V03,M101,843933.22,151,2.27
ORD-51499,2022-04-04,V06,M100,291715.23,431,4.3
ORD-51500,2024-12-27,V06,M300,579720.53,451,2.71
ORD-51501,2023-11-26,V02,M100,132002.32,131,1.81
ORD-51502,2024-11-15,V04,M101,693308.67,268,0.84
ORD-51503,2023-01-13,V03,M300,734648.16,23,2.0
ORD-51504,2024-12-02,V05,M300,52408.95,367,2.77
ORD-51505,2024-04-04,V04,M400,679033.05,139,3.31
ORD-51506,2023-10-11,V03,M100,420543.25,490,4.0
ORD-51507,2023-01-26,V03,M400,132855.91,308,4.28
ORD-51508,2024-11-18,V01,M201,425708.47,239,0.91
ORD-51509,2023-03-22,V05,M100,202290.6,434,2.9
ORD-51510,2022-10-23,V01,M100,421403.94,441,3.17
ORD-51511,2023-10-21,V02,M201,390495.64,192,1.19
ORD-51512,2022-11-30,V01,M101,741007.72,127,2.68
ORD-51513,2022-05-16,V01,M101,776473.4,430,1.84
ORD-51514,2022-12-04,V04,M300,610958.37,29,0.81
ORD-51515,2024-07-07,V06,M200,81149.925,121,0.76
ORD-51516,2024-07-15,V03,M400,931712.06,198,3.54
ORD-51517,2022-03-15,V05,M200,1723427.375,174,2.96
ORD-51518,2024-09-26,V01,M300,43853.5,144,3.36
ORD-51519,2024-01-17,V05,M200,2051611.4249999998,482,3.24
ORD-51520,2024-05-06,V06,M100,208263.49,179,1.04
ORD-51521,2023-09-27,V06,M100,583428.98,357,1.11
ORD-51522,2024-01-19,V01,M201,471968.03,11,1.51
ORD-51523,2022-07-26,V02,M201,425640.39,139,2.1
ORD-51524,2022-02-16,V01,M300,890816.58,447,4.26
ORD-51525,2024-12-28,V04,M300,442987.68,437,3.2
ORD-51526,2023-07-13,V03,M300,84590.68,253,1.52
ORD-51527,2024-07-24,V02,M100,947172.34,345,0.72
ORD-51528,2022-07-13,V01,M200,2303324.7,314,3.24
ORD-51529,2022-07-20,V05,M400,687588.36,19,3.0
ORD-51530,2022-04-20,V02,M300,473213.6,160,3.2
ORD-51531,2024-07-27,V02,M300,101930.88,306,1.54
ORD-51532,2022-03-13,V01,M100,792840.64,122,2.57
ORD-51533,2023-12-15,V02,M400,84723.14,72,1.95
ORD-51534,2024-04-19,V05,M100,77914.98,55,3.77
ORD-51535,2022-04-17,V06,M400,542010.0,460,0.78
ORD-51536,2023-07-05,V02,M100,168526.96,169,1.6
ORD-51537,2024-03-17,V06,M200,44132.399999999994,99,2.91
ORD-51538,2024-12-30,V05,M300,428882.3,70,1.32
ORD-51539,2022-09-01,V01,M101,145845.06,149,3.19
ORD-51540,2023-12-05,V03,M101,168910.26,117,1.05
ORD-51541,2022-02-03,V02,M300,86141.53,26,0.59
ORD-51542,2022-01-15,V03,M300,213042.82,248,3.95
ORD-51543,2023-11-28,V05,M300,718329.34,385,1.83
ORD-51544,2024-08-24,V02,M300,810838.03,209,1.13
ORD-51545,2022-08-16,V06,M400,458008.31,227,1.19
ORD-51546,2024-04-29,V04,M200,1278720.7000000002,411,4.04
ORD-51547,2022-08-08,V03,M101,42328.48,434,3.12
ORD-51548,2024-03-18,V02,M201,78623.1,114,4.33
ORD-51549,2024-10-28,V03,M101,264992.05,194,3.7
ORD-51550,2024-12-19,V02,M101,548459.44,484,3.57
ORD-51551,2024-01-23,V01,M100,742155.64,321,2.5
ORD-51552,2022-08-01,V06,M300,608953.03,10,3.78
ORD-51553,2024-04-16,V03,M300,398206.58,95,2.15
ORD-51554,2022-05-20,V04,M300,127140.83,121,3.81
ORD-51555,2023-10-21,V04,M100,782965.5,126,3.53
ORD-51556,2024-12-23,V05,M200,925370.475,37,3.21
ORD-51557,2022-04-04,V02,M200,1846733.6749999998,69,1.82
ORD-51558,2024-05-30,V03,M201,517849.05,297,3.02
ORD-51559,2023-12-27,V05,M200,1853188.5750000002,174,2.53
ORD-51560,2023-08-03,V03,M200,2270541.6750000003,461,2.35
ORD-51561,2023-09-27,V02,M300,921819.22,45,4.46
ORD-51562,2022-06-18,V04,M400,539755.71,123,2.52
ORD-51563,2024-09-02,V01,M101,516393.28,382,0.63
ORD-51564,2024-08-14,V04,M200,682554.2,472,3.01
ORD-51565,2024-06-28,V05,M200,2341104.5749999997,27,3.41
ORD-51566,2023-06-09,V06,M100,463339.98,193,4.04
ORD-51567,2023-10-31,V01,M201,136315.33,497,3.03
ORD-51568,2022-06-23,V05,M400,438377.87,340,0.58
ORD-51569,2022-01-05,V02,M100,135782.72,136,0.98
ORD-51570,2024-01-13,V01,M300,507506.37,195,1.14
ORD-51571,2023-04-26,V05,M101,565662.76,49,1.35
ORD-51572,2023-11-12,V02,M201,344378.2,96,3.7
ORD-51573,2023-03-19,V04,M100,80934.11,492,1.74
ORD-51574,2023-01-07,V06,M200,2360171.25,121,1.75
ORD-51575,2023-01-13,V02,M200,1939048.95,249,3.52
ORD-51576,2024-04-03,V03,M201,840492.27,473,2.15
ORD-51577,2023-02-02,V02,M200,932999.275,217,0.76
ORD-51578,2022-04-27,V02,M100,763222.72,114,2.84
ORD-51579,2022-02-22,V06,M100,490519.17,14,1.02
ORD-51580,2024-08-07,V03,M200,522681.625,62,2.79
ORD-51581,2022-11-17,V05,M200,332947.85000000003,43,3.62
ORD-51582,2022-10-05,V05,M300,351600.36,411,4.22
ORD-51583,2022-12-12,V02,M101,146176.59,240,0.77
ORD-51584,2023-01-14,V03,M201,998286.29,96,1.72
ORD-51585,2024-12-13,V03,M100,58697.1,27,3.11
ORD-51586,2024-07-06,V06,M201,446732.16,324,1.76
ORD-51587,2022-06-04,V04,M300,457572.59,383,2.3
ORD-51588,2023-02-15,V05,M100,307625.61,242,0.58
ORD-51589,2023-10-24,V06,M300,575638.05,487,3.27
ORD-51590,2023-12-30,V01,M300,158477.25,459,4.03
ORD-51591,2023-08-06,V05,M400,786073.26,240,4.41
ORD-51592,2023-01-15,V06,M200,847808.1,304,3.82
ORD-51593,2024-01-17,V05,M400,595429.16,67,0.63
ORD-51594,2023-03-01,V04,M201,718482.84,281,3.11
ORD-51595,2022-08-31,V01,M201,890151.7,192,2.48
ORD-51596,2022-03-11,V04,M200,2093573.9000000001,119,4.25
ORD-51597,2022-08-27,V01,M400,612225.94,152,4.11
ORD-51598,2023-11-14,V02,M201,394509.25,265,4.45
ORD-51599,2023-03-09,V06,M400,508172.62,392,3.95
ORD-51600,2022-12-24,V01,M200,1927618.625,231,2.69
ORD-51601,2024-01-23,V04,M100,878770.09,351,3.36
ORD-51602,2023-05-16,V05,M300,112744.11,249,4.36
ORD-51603,2022-09-14,V01,M300,391007.7,59,2.81
ORD-51604,2024-07-28,V06,M400,778355.43,17,3.86
ORD-51605,2023-01-06,V01,M201,437335.24,171,4.27
ORD-51606,2023-10-10,V03,M400,338905.49,351,2.78
ORD-51607,2023-02-02,V05,M400,417209.47,452,1.14
ORD-51608,2022-09-04,V06,M101,606816.3,132,1.12
ORD-51609,2023-05-28,V06,M300,999807.09,357,0.96
ORD-51610,2024-12-27,V02,M200,1245156.25,136,2.41
ORD-51611,2024-11-12,V04,M400,216409.53,42,2.42
ORD-51612,2023-07-05,V02,M101,171218.11,305,2.97
ORD-51613,2024-11-24,V06,M101,51926.25,6,2.43
ORD-51614,2023-07-28,V05,M300,563229.06,329,4.39
ORD-51615,2022-03-23,V01,M300,549126.37,170,1.67
ORD-51616,2023-01-28,V01,M300,213181.59,456,4.0
ORD-51617,2023-01-20,V05,M200,1745940.275,288,0.9
ORD-51618,2023-07-16,V06,M101,743695.97,399,2.91
ORD-51619,2024-12-01,V01,M201,266507.22,338,3.09
ORD-51620,2023-10-20,V01,M200,876646.925,215,3.59
ORD-51621,2024-06-14,V01,M100,990566.96,69,2.51
ORD-51622,2022-07-09,V04,M400,380521.82,370,1.29
ORD-51623,2023-01-20,V04,M300,763193.66,27,1.98
ORD-51624,2023-08-15,V03,M101,458198.17,225,1.59
ORD-51625,2022-12-14,V02,M400,795411.38,322,2.18
ORD-51626,2023-11-05,V05,M200,1928332.525,234,2.62
ORD-51627,2023-10-24,V05,M100,671078.46,486,3.0
ORD-51628,2024-02-17,V05,M200,2140576.4000000004,443,3.88
ORD-51629,2024-06-15,V03,M200,2349565.7750000004,412,4.14
ORD-51630,2022-06-23,V04,M201,584183.49,408,2.35
ORD-51631,2022-08-06,V06,M400,245094.22,51,0.85
ORD-51632,2024-02-09,V06,M201,404642.67,149,3.69
ORD-51633,2024-12-10,V03,M200,1901806.6500000001,415,2.41
ORD-51634,2022-05-10,V06,M100,654374.65,75,2.69
ORD-51635,2022-11-20,V05,M101,186020.36,306,2.88
ORD-51636,2024-12-09,V02,M101,60727.15,92,3.17
ORD-51637,2022-06-05,V01,M400,686131.98,368,4.06
ORD-51638,2022-07-26,V04,M300,258568.23,424,4.31
ORD-51639,2023-12-27,V04,M300,504673.54,68,4.26
ORD-51640,2024-11-06,V03,M101,749279.3,235,3.74
ORD-51641,2022-09-22,V04,M200,1417600.275,362,4.06
ORD-51642,2022-04-12,V05,M200,231173.9,144,0.7
ORD-51643,2023-10-24,V06,M201,193724.43,76,3.9
ORD-51644,2024-07-01,V05,M400,227134.9,86,0.79
ORD-51645,2023-09-07,V03,M201,265285.61,227,3.48
ORD-51646,2024-07-25,V05,M300,569749.36,363,1.18
ORD-51647,2023-03-11,V06,M101,508926.12,447,1.94
ORD-51648,2024-04-27,V02,M200,527821.1,56,1.24
ORD-51649,2022-05-12,V03,M101,76879.3,80,2.27
ORD-51650,2022-01-31,V02,M100,179717.88,24,2.15
ORD-51651,2024-12-11,V01,M101,984537.5,227,0.69
ORD-51652,2023-09-20,V02,M100,473861.48,28,3.82
ORD-51653,2024-06-11,V01,M201,868672.05,121,3.92
ORD-51654,2023-01-01,V01,M201,850264.94,490,3.65
ORD-51655,2023-01-21,V02,M300,516404.36,93,3.89
ORD-51656,2024-10-27,V03,M101,709620.83,341,3.5
ORD-51657,2024-05-29,V06,M101,200824.49,112,4.25
ORD-51658,2024-11-02,V05,M100,691512.74,378,2.81
ORD-51659,2024-02-18,V05,M201,279660.73,345,2.83
ORD-51660,2024-08-10,V06,M100,833741.48,487,3.94
ORD-51661,2022-01-15,V01,M201,92886.89,31,1.9
ORD-51662,2024-11-15,V01,M100,775407.29,143,0.7
ORD-51663,2024-09-01,V03,M201,108937.54,367,3.5
ORD-51664,2023-06-26,V04,M100,882377.34,298,1.52
ORD-51665,2022-07-17,V02,M201,311162.47,227,2.4
ORD-51666,2022-06-28,V01,M400,657849.43,358,1.46
ORD-51667,2022-12-13,V05,M100,492627.26,250,3.81
ORD-51668,2023-09-20,V03,M101,372640.11,50,4.33
ORD-51669,2023-05-14,V02,M300,648987.41,214,0.72
ORD-51670,2022-05-27,V03,M400,948047.75,380,1.43
ORD-51671,2024-05-26,V02,M400,50857.05,389,1.26
ORD-51672,2023-01-03,V02,M100,919664.33,432,3.19
ORD-51673,2024-01-09,V06,M300,612990.84,269,2.21
ORD-51674,2023-10-27,V01,M101,809241.16,288,2.33
ORD-51675,2023-03-21,V03,M400,390036.2,195,1.13
ORD-51676,2024-05-21,V03,M101,477124.55,254,2.16
ORD-51677,2024-05-10,V06,M201,870162.24,79,1.71
ORD-51678,2024-01-11,V05,M300,420699.49,475,2.94
ORD-51679,2024-01-14,V05,M200,1348282.4249999998,244,1.37
ORD-51680,2024-11-30,V01,M201,29992.97,91,2.96
ORD-51681,2022-08-14,V01,M300,167012.03,414,2.01
ORD-51682,2024-12-28,V04,M100,645269.64,6,1.89
ORD-51683,2023-09-10,V06,M100,719807.13,281,1.72
ORD-51684,2023-10-22,V05,M101,586774.93,412,3.2
ORD-51685,2024-07-14,V02,M400,151876.94,446,2.75
ORD-51686,2022-04-28,V03,M200,1127378.425,150,3.91
ORD-51687,2023-01-09,V01,M100,361543.82,324,1.47
ORD-51688,2023-11-04,V03,M300,500704.73,399,0.66
ORD-51689,2024-05-09,V03,M400,871625.74,282,1.23
ORD-51690,2023-07-16,V04,M400,778102.82,191,1.87
ORD-51691,2022-03-30,V05,M300,93149.61,274,1.22
ORD-51692,2022-05-06,V01,M400,891406.11,73,0.83
ORD-51693,2022-11-17,V03,M100,477049.48,447,2.28
ORD-51694,2024-09-02,V01,M300,746423.52,318,3.21
ORD-51695,2023-10-07,V02,M300,148638.84,68,3.51
ORD-51696,2022-05-11,V04,M101,674012.33,304,2.09
ORD-51697,2024-11-01,V02,M200,609906.9,434,2.41
ORD-51698,2022-10-26,V01,M101,443997.09,63,3.52
ORD-51699,2023-09-14,V01,M200,66735.6,453,1.91
ORD-51700,2022-12-03,V05,M300,160094.53,493,3.64
ORD-51701,2022-09-11,V03,M400,101159.69,134,4.37
ORD-51702,2024-08-18,V03,M200,618366.8250000001,442,4.02
ORD-51703,2024-02-01,V02,M300,109017.91,307,2.31
ORD-51704,2024-07-03,V04,M300,694990.93,268,2.82
ORD-51705,2022-06-28,V06,M101,38749.5,223,3.37
ORD-51706,2022-02-14,V03,M101,621563.1,431,1.9
ORD-51707,2022-05-27,V05,M400,149300.75,126,3.7
ORD-51708,2024-05-01,V02,M201,945709.84,265,2.25
ORD-51709,2023-11-25,V02,M100,933763.13,7,3.89
ORD-51710,2023-04-26,V06,M201,233248.07,413,1.52
ORD-51711,2024-10-30,V05,M201,618277.09,206,0.55
ORD-51712,2024-04-21,V04,M400,37725.27,179,3.03
ORD-51713,2023-09-05,V05,M200,2331176.65,468,2.31
ORD-51714,2022-03-07,V04,M400,527757.44,496,0.74
ORD-51715,2022-03-29,V05,M400,52790.92,183,2.45
ORD-51716,2022-07-12,V05,M300,349074.99,480,1.17
ORD-51717,2023-08-19,V01,M300,86080.97,443,3.02
ORD-51718,2022-10-18,V02,M300,399014.99,440,2.28
ORD-51719,2022-04-20,V05,M100,673227.08,406,1.18
ORD-51720,2023-06-30,V06,M200,1187977.525,228,2.15
ORD-51721,2022-12-19,V05,M200,974712.375,236,1.43
ORD-51722,2024-11-28,V03,M300,127965.48,146,3.11
ORD-51723,2024-10-19,V02,M201,252489.66,58,1.68
ORD-51724,2024-03-17,V03,M100,109141.85,296,3.79
ORD-51725,2024-10-14,V02,M201,809423.74,241,0.56
ORD-51726,2024-08-22,V03,M101,143887.43,345,2.11
ORD-51727,2022-08-25,V05,M200,1498549.075,287,2.97
ORD-51728,2022-07-20,V05,M200,873282.525,440,0.59
ORD-51729,2023-03-31,V01,M201,233718.6,163,1.36
ORD-51730,2024-04-28,V06,M100,643073.76,26,1.81
ORD-51731,2022-10-21,V03,M200,1156080.7249999999,452,0.59
ORD-51732,2024-08-24,V04,M201,406144.01,106,2.69
ORD-51733,2023-09-05,V01,M400,596923.48,240,3.02
ORD-51734,2024-01-07,V03,M400,496354.95,340,1.41
ORD-51735,2023-07-26,V03,M100,310449.37,418,2.67
ORD-51736,2022-03-28,V01,M201,563470.67,332,4.5
ORD-51737,2024-03-23,V05,M400,672803.59,400,4.05
ORD-51738,2023-09-02,V03,M100,36426.23,379,0.73
ORD-51739,2022-09-07,V05,M300,471213.01,42,1.01
ORD-51740,2023-11-19,V01,M100,67106.45,133,2.48
ORD-51741,2024-07-26,V05,M101,194541.36,317,1.48
ORD-51742,2023-10-13,V02,M300,564903.65,44,0.82
ORD-51743,2024-01-03,V04,M201,867527.03,35,1.52
ORD-51744,2024-02-06,V03,M300,883977.62,364,0.74
ORD-51745,2024-11-25,V06,M300,79244.57,347,2.62
ORD-51746,2022-11-28,V04,M201,424914.04,384,2.46
ORD-51747,2024-10-20,V05,M201,587176.42,1,0.53
ORD-51748,2024-07-07,V03,M400,155599.21,226,2.43
ORD-51749,2022-11-16,V05,M101,767777.89,299,2.58
ORD-51750,2024-07-03,V02,M201,746792.91,288,2.92
ORD-51751,2022-01-31,V01,M200,2260769.0,236,4.38
ORD-51752,2023-05-22,V03,M200,46002.875,359,4.43
ORD-51753,2022-03-01,V02,M101,224517.4,447,2.61
ORD-51754,2023-09-21,V02,M100,828914.85,33,3.88
ORD-51755,2023-09-12,V03,M100,673874.25,95,0.84
ORD-51756,2022-02-08,V05,M200,2238614.9,205,2.62
ORD-51757,2024-06-03,V06,M201,66607.86,109,3.22
ORD-51758,2023-11-06,V02,M101,600994.33,322,2.76
ORD-51759,2024-09-22,V04,M100,573356.11,30,1.42
ORD-51760,2024-03-26,V02,M100,45317.67,266,0.75
ORD-51761,2022-01-26,V06,M300,518386.86,23,2.05
ORD-51762,2022-02-24,V05,M200,1533562.775,97,3.09
ORD-51763,2023-07-31,V05,M201,199380.24,39,4.47
ORD-51764,2022-09-09,V04,M101,280596.29,173,1.45
ORD-51765,2022-03-11,V02,M100,643943.87,248,4.17
ORD-51766,2023-01-07,V05,M300,473617.94,379,0.77
ORD-51767,2022-03-25,V06,M200,2148583.8,413,4.22
ORD-51768,2024-05-07,V03,M200,872394.875,414,3.83
ORD-51769,2023-03-27,V01,M101,273993.06,162,0.58
ORD-51770,2024-12-21,V01,M100,985017.28,180,1.69
ORD-51771,2023-09-30,V01,M101,912024.41,103,0.7
ORD-51772,2024-06-13,V02,M101,38702.82,209,4.48
ORD-51773,2022-10-17,V04,M400,773021.33,22,2.21
ORD-51774,2022-06-02,V05,M300,119231.43,5,3.15
ORD-51775,2022-08-31,V03,M200,93025.84999999999,139,1.44
ORD-51776,2024-06-04,V06,M400,280958.56,214,4.23
ORD-51777,2023-04-28,V03,M201,276652.42,160,1.6
ORD-51778,2024-06-08,V06,M200,2052813.9249999998,408,1.54
ORD-51779,2024-05-08,V02,M200,1783901.4249999998,395,1.76
ORD-51780,2024-09-05,V01,M300,981793.33,139,2.35
ORD-51781,2024-04-14,V02,M201,714397.77,145,0.57
ORD-51782,2023-12-27,V04,M100,424073.0,160,2.89
ORD-51783,2023-06-11,V04,M201,701938.38,83,0.63
ORD-51784,2024-05-31,V06,M100,999464.48,155,2.66
ORD-51785,2022-10-31,V05,M201,713040.46,288,2.33
ORD-51786,2022-12-17,V05,M101,764064.54,317,1.47
ORD-51787,2024-11-09,V06,M201,938981.37,281,1.82
ORD-51788,2023-10-23,V04,M400,122514.75,64,3.32
ORD-51789,2023-03-26,V04,M400,707736.45,192,0.54
ORD-51790,2023-01-30,V04,M300,852297.9,156,1.77
ORD-51791,2024-02-08,V02,M100,954834.81,424,3.22
ORD-51792,2023-09-21,V04,M200,547149.0,91,1.11
ORD-51793,2023-07-21,V03,M300,508889.72,142,2.74
ORD-51794,2023-10-22,V01,M400,683749.3,42,1.18
ORD-51795,2023-10-23,V04,M400,254993.05,249,1.12
ORD-51796,2022-11-28,V06,M100,604468.13,295,3.59
ORD-51797,2022-04-15,V01,M400,265002.99,258,1.57
ORD-51798,2023-11-10,V02,M400,340122.45,337,2.0
ORD-51799,2024-07-18,V06,M100,447103.51,1,3.42
ORD-51800,2024-11-25,V01,M400,533898.2,109,1.22
ORD-51801,2023-10-15,V06,M200,1137180.5250000001,416,2.63
ORD-51802,2024-11-09,V02,M101,498263.56,467,4.17
ORD-51803,2024-02-13,V03,M300,305602.87,125,2.72
ORD-51804,2023-11-09,V02,M200,418438.6,64,0.7
ORD-51805,2024-10-27,V02,M200,142191.2,206,2.86
ORD-51806,2023-03-24,V06,M101,204018.94,415,0.86
ORD-51807,2022-10-22,V05,M300,586124.21,442,1.63
ORD-51808,2023-03-23,V04,M200,1970635.725,338,3.9
ORD-51809,2024-08-29,V04,M400,177555.12,244,0.54
ORD-51810,2022-02-12,V03,M101,117469.8,78,0.81
ORD-51811,2023-05-11,V03,M300,751797.46,111,1.95
ORD-51812,2024-05-14,V04,M201,312106.75,142,4.5
ORD-51813,2022-02-18,V05,M100,951984.44,216,1.67
ORD-51814,2024-07-10,V04,M400,717174.79,453,1.13
ORD-51815,2022-12-18,V05,M101,333488.49,16,2.7
ORD-51816,2023-07-05,V03,M100,296647.32,453,2.58
ORD-51817,2023-04-16,V01,M201,528461.4,54,2.3
ORD-51818,2023-10-19,V06,M200,220883.05,141,4.29
ORD-51819,2023-02-11,V03,M200,316249.375,380,1.62
ORD-51820,2023-04-02,V03,M300,184099.3,336,1.67
ORD-51821,2022-10-27,V02,M101,776976.36,79,1.06
ORD-51822,2024-03-13,V02,M101,518718.79,415,3.29
ORD-51823,2023-01-20,V02,M300,20461.45,453,1.79
ORD-51824,2022-10-03,V06,M100,676781.36,149,3.71
ORD-51825,2024-12-06,V02,M200,1073633.2000000002,127,4.39
ORD-51826,2022-10-05,V05,M200,1289359.6,158,0.67
ORD-51827,2024-06-18,V04,M101,221975.08,279,4.47
ORD-51828,2024-04-19,V01,M101,556264.41,38,1.52
ORD-51829,2024-02-04,V03,M300,979361.71,157,2.18
ORD-51830,2023-07-19,V05,M201,82710.24,333,3.61
ORD-51831,2023-07-13,V01,M100,291078.23,288,3.16
ORD-51832,2022-03-13,V05,M400,250567.62,112,3.61
ORD-51833,2023-12-01,V05,M201,256063.82,190,2.37
ORD-51834,2024-05-13,V03,M201,384919.29,106,4.16
ORD-51835,2024-10-24,V04,M101,819928.69,91,3.66
ORD-51836,2024-02-18,V02,M101,913730.1,354,1.74
ORD-51837,2022-06-30,V06,M101,210192.94,301,4.29
ORD-51838,2023-12-23,V04,M201,547520.44,49,4.34
ORD-51839,2023-09-03,V06,M100,640529.98,161,2.16
ORD-51840,2024-11-25,V03,M101,526609.2,4,3.11
ORD-51841,2024-07-20,V03,M200,1099339.075,402,3.76
ORD-51842,2024-12-10,V03,M100,200055.75,198,3.77
ORD-51843,2024-02-03,V01,M200,1233342.925,320,0.56
ORD-51844,2022-08-11,V06,M100,407202.68,412,3.02
ORD-51845,2024-03-22,V04,M101,797607.73,364,4.39
ORD-51846,2023-07-24,V04,M400,765968.32,377,1.43
ORD-51847,2023-06-05,V05,M300,142658.69,442,3.68
ORD-51848,2024-08-27,V05,M101,97633.86,475,2.64
ORD-51849,2022-02-05,V05,M201,909072.4,254,1.39
ORD-51850,2024-01-12,V03,M400,540153.31,90,0.7
ORD-51851,2022-10-20,V04,M201,859222.93,312,3.54
ORD-51852,2024-01-16,V06,M100,67569.61,20,1.77
ORD-51853,2022-12-18,V03,M201,531250.46,77,2.0
ORD-51854,2023-11-01,V01,M400,544032.25,220,2.44
ORD-51855,2024-12-09,V05,M400,862095.01,162,2.53
ORD-51856,2022-12-18,V03,M101,106633.9,497,1.32
ORD-51857,2022-07-02,V03,M200,620102.7749999999,343,3.18
ORD-51858,2024-06-12,V01,M101,412472.93,394,3.27
ORD-51859,2023-10-14,V02,M100,867183.06,115,1.07
ORD-51860,2023-11-14,V04,M201,939494.48,94,2.63
ORD-51861,2023-03-17,V06,M200,2481993.425,406,2.94
ORD-51862,2024-11-28,V02,M300,959601.55,133,1.25
ORD-51863,2022-12-31,V05,M400,15882.34,172,4.08
ORD-51864,2024-11-12,V03,M200,143078.15,114,2.43
ORD-51865,2023-02-25,V01,M200,390326.875,9,0.96
ORD-51866,2022-07-16,V01,M101,355373.48,299,1.84
ORD-51867,2024-12-05,V04,M300,831618.85,260,2.41
ORD-51868,2022-11-17,V02,M400,893729.63,170,0.54
ORD-51869,2022-02-17,V04,M100,194966.06,321,0.63
ORD-51870,2022-05-03,V03,M100,623467.51,98,0.72
ORD-51871,2023-09-29,V04,M200,2295470.925,169,2.65
ORD-51872,2023-07-03,V06,M200,1172736.05,448,1.84
ORD-51873,2023-08-04,V01,M201,112508.14,311,4.07
ORD-51874,2024-09-18,V01,M300,463235.51,218,2.74
ORD-51875,2023-04-24,V05,M400,382036.95,402,3.54
ORD-51876,2024-08-25,V05,M200,1454703.55,400,3.25
ORD-51877,2024-07-23,V03,M201,444272.1,343,2.58
ORD-51878,2024-07-04,V06,M300,27172.47,430,3.48
ORD-51879,2023-11-20,V02,M400,994057.76,420,2.68
ORD-51880,2023-05-17,V04,M100,548104.84,346,2.04
ORD-51881,2022-12-01,V03,M201,478894.45,450,2.24
ORD-51882,2023-08-01,V05,M300,955071.2,44,3.85
ORD-51883,2022-08-03,V04,M201,164301.76,261,2.75
ORD-51884,2024-11-06,V05,M200,493363.075,285,2.01
ORD-51885,2022-04-01,V04,M101,809934.6,126,1.22
ORD-51886,2024-03-01,V02,M100,268222.77,260,2.48
ORD-51887,2023-12-28,V03,M200,2003087.0999999999,495,1.51
ORD-51888,2023-08-16,V04,M200,697045.375,355,4.32
ORD-51889,2022-03-24,V06,M300,42855.75,214,2.46
ORD-51890,2024-10-21,V01,M201,521844.58,305,0.54
ORD-51891,2024-07-11,V06,M100,204719.57,200,0.87
ORD-51892,2023-04-01,V06,M200,1900669.575,236,1.64
ORD-51893,2023-07-07,V01,M300,644787.64,341,0.87
ORD-51894,2024-01-02,V06,M100,924366.64,136,4.08
ORD-51895,2024-03-05,V04,M201,785158.47,378,3.92
ORD-51896,2022-06-05,V04,M200,472420.5,436,4.38
ORD-51897,2023-09-29,V04,M400,802156.65,116,3.33
ORD-51898,2023-01-11,V01,M200,1613299.175,453,3.08
ORD-51899,2022-05-18,V06,M200,1680655.325,405,4.19
ORD-51900,2024-11-30,V01,M100,833940.26,155,4.29
ORD-51901,2023-10-19,V04,M100,578085.83,422,4.01
ORD-51902,2022-08-08,V06,M100,471343.48,389,3.95
ORD-51903,2024-12-31,V06,M100,640274.63,341,3.19
ORD-51904,2024-02-22,V05,M300,304977.85,317,0.51
ORD-51905,2024-11-15,V05,M101,190771.16,392,2.22
ORD-51906,2022-01-06,V02,M300,620421.96,342,3.04
ORD-51907,2022-08-01,V03,M200,603774.7250000001,18,2.69
ORD-51908,2023-05-01,V05,M300,89115.96,388,3.78
ORD-51909,2023-09-04,V01,M201,10548.64,4,3.78
ORD-51910,2024-10-14,V05,M400,612236.21,165,2.89
ORD-51911,2024-12-29,V02,M100,368527.3,127,0.59
ORD-51912,2023-02-12,V06,M201,754787.86,399,1.98
ORD-51913,2023-08-07,V02,M400,381424.63,422,1.42
ORD-51914,2022-05-19,V06,M201,491143.41,411,1.86
ORD-51915,2024-01-10,V06,M200,1032535.3,213,2.97
ORD-51916,2024-10-23,V03,M100,654069.04,48,0.77
ORD-51917,2023-01-28,V05,M201,362577.77,46,0.59
ORD-51918,2024-02-26,V01,M200,2410324.925,46,2.25
ORD-51919,2022-01-12,V01,M100,936785.52,48,3.67
ORD-51920,2023-04-10,V04,M101,849547.62,187,0.62
ORD-51921,2024-11-19,V06,M200,2302743.175,120,3.9
ORD-51922,2024-12-04,V01,M300,454648.29,132,2.04
ORD-51923,2023-04-25,V03,M100,541066.09,459,0.97
ORD-51924,2022-01-25,V06,M201,744671.67,19,2.77
ORD-51925,2024-05-28,V03,M400,699184.47,441,4.31
ORD-51926,2023-08-01,V01,M201,891771.81,275,2.67
ORD-51927,2022-06-11,V01,M300,719167.72,475,3.25
ORD-51928,2024-11-03,V04,M300,997905.86,232,3.77
ORD-51929,2024-11-13,V01,M201,355020.74,42,3.7
ORD-51930,2023-07-04,V06,M400,834667.76,92,0.79
ORD-51931,2023-07-01,V06,M100,700658.47,261,3.46
ORD-51932,2022-01-09,V06,M200,1736181.45,48,4.3
ORD-51933,2023-10-10,V04,M300,332577.24,409,3.3
ORD-51934,2023-08-14,V04,M300,787745.77,451,3.85
ORD-51935,2022-05-13,V01,M300,901372.26,282,2.44
ORD-51936,2022-05-06,V02,M400,226362.98,74,1.78
ORD-51937,2023-05-24,V02,M101,629241.87,216,3.2
ORD-51938,2023-10-27,V04,M400,398213.48,446,2.47
ORD-51939,2024-05-26,V01,M100,989652.64,221,4.08
ORD-51940,2022-12-03,V02,M100,484044.49,109,4.4
ORD-51941,2022-06-18,V01,M100,236036.97,135,3.78
ORD-51942,2022-12-25,V01,M100,388039.05,428,4.47
ORD-51943,2024-06-26,V01,M100,657300.01,343,1.89
ORD-51944,2023-09-24,V05,M201,85328.48,238,4.08
ORD-51945,2022-01-30,V06,M300,607565.9,155,1.82
ORD-51946,2024-07-12,V01,M400,931912.51,426,0.97
ORD-51947,2023-09-23,V05,M201,851859.16,329,2.99
ORD-51948,2024-12-14,V04,M400,76996.8,492,2.32
ORD-51949,2023-11-30,V02,M101,993455.98,56,4.19
ORD-51950,2024-07-08,V06,M200,1754349.125,387,2.47
ORD-51951,2022-12-11,V02,M300,170658.02,382,4.21
ORD-51952,2022-02-10,V06,M101,22291.93,397,0.81
ORD-51953,2023-10-23,V02,M201,179569.81,198,3.82
ORD-51954,2024-07-19,V06,M200,2099485.4,315,3.54
ORD-51955,2022-02-04,V02,M101,31422.93,38,3.38
ORD-51956,2024-11-25,V02,M400,240815.83,341,1.92
ORD-51957,2022-06-24,V02,M200,1899331.35,339,3.64
ORD-51958,2023-05-19,V02,M400,590249.43,217,2.43
ORD-51959,2024-07-05,V04,M101,784908.35,231,3.36
ORD-51960,2022-04-16,V01,M201,748689.0,452,2.71
ORD-51961,2022-08-16,V03,M400,60095.37,342,1.13
ORD-51962,2024-03-19,V05,M200,2233965.75,453,0.76
ORD-51963,2023-12-02,V03,M101,234761.52,257,1.96
ORD-51964,2022-04-07,V03,M400,557858.52,434,4.23
ORD-51965,2023-06-24,V06,M201,647845.27,209,2.62
ORD-51966,2024-05-25,V01,M300,176941.93,201,3.71
ORD-51967,2023-02-25,V06,M201,976468.94,137,2.8
ORD-51968,2024-05-23,V01,M201,493274.4,128,4.33
ORD-51969,2022-07-05,V01,M300,67066.27,53,1.98
ORD-51970,2024-07-09,V02,M201,937889.42,344,0.73
ORD-51971,2023-07-10,V04,M300,590405.16,394,3.62
ORD-51972,2024-02-29,V02,M300,702201.27,84,3.32
ORD-51973,2023-08-16,V04,M400,529924.03,209,2.61
ORD-51974,2024-06-20,V06,M400,836390.58,333,1.81
ORD-51975,2023-04-30,V04,M300,42802.13,285,1.25
ORD-51976,2022-08-18,V06,M101,275694.58,36,2.43
ORD-51977,2022-04-28,V03,M200,1187379.675,215,3.16
ORD-51978,2023-01-26,V03,M101,85837.58,27,2.82
ORD-51979,2023-11-03,V04,M300,708847.6,146,2.25
ORD-51980,2022-05-26,V04,M200,999316.9500000001,18,2.66
ORD-51981,2022-07-09,V06,M400,279941.31,118,0.93
ORD-51982,2023-05-27,V02,M200,33362.65,137,3.28
ORD-51983,2022-03-24,V06,M300,722632.01,67,3.44
ORD-51984,2024-11-23,V02,M400,835471.22,391,0.55
ORD-51985,2023-04-26,V03,M200,1002725.325,314,1.58
ORD-51986,2022-10-19,V01,M200,1421439.5,463,0.87
ORD-51987,2024-11-07,V04,M101,235409.76,30,4.49
ORD-51988,2023-05-23,V02,M200,1564939.175,73,2.87
ORD-51989,2023-01-09,V06,M300,22016.08,123,2.36
ORD-51990,2022-12-06,V03,M100,493757.46,445,2.35
ORD-51991,2022-01-06,V02,M100,647763.43,489,4.36
ORD-51992,2022-09-08,V06,M100,919009.86,475,3.14
ORD-51993,2024-08-07,V04,M300,387522.46,228,1.17
ORD-51994,2023-07-06,V04,M100,767538.3,338,2.29
ORD-51995,2022-12-23,V05,M101,601710.16,479,3.6
ORD-51996,2023-11-04,V01,M300,927741.99,273,2.19
ORD-51997,2022-10-26,V05,M400,404393.9,246,1.74
ORD-51998,2022-09-28,V03,M300,325904.39,437,4.46
ORD-51999,2022-03-11,V02,M300,888270.58,390,4.24
ORD-52000,2022-06-16,V03,M200,146879.9,39,4.27
ORD-52001,2024-02-22,V06,M200,362553.85000000003,409,1.03
ORD-52002,2022-06-01,V04,M200,228950.975,170,1.44
ORD-52003,2022-07-22,V05,M201,844678.86,426,2.27
ORD-52004,2023-05-21,V05,M101,20501.35,315,3.83
ORD-52005,2023-07-19,V05,M300,863040.58,102,3.45
ORD-52006,2024-03-07,V03,M300,456755.12,294,3.9
ORD-52007,2022-09-18,V04,M200,34962.575000000004,415,4.18
ORD-52008,2022-04-23,V02,M300,407628.73,243,3.62
ORD-52009,2024-09-13,V06,M400,194932.83,157,1.55
ORD-52010,2024-01-29,V02,M300,628156.48,360,1.64
ORD-52011,2023-02-06,V03,M100,682565.2,265,1.91
ORD-52012,2022-04-05,V06,M400,492652.29,257,1.71
ORD-52013,2023-04-01,V05,M400,50114.33,464,1.5
ORD-52014,2024-06-23,V01,M300,659567.52,358,3.51
ORD-52015,2022-12-16,V03,M201,843618.4,343,0.64
ORD-52016,2023-06-13,V03,M200,1807802.5750000002,123,3.41
ORD-52017,2023-06-05,V04,M101,831658.34,456,3.79
ORD-52018,2024-11-24,V02,M101,208504.43,47,0.76
ORD-52019,2022-08-10,V03,M100,889999.06,332,0.75
ORD-52020,2022-11-30,V03,M101,328971.52,10,1.64
ORD-52021,2023-12-19,V05,M101,23270.77,144,1.33
ORD-52022,2023-07-14,V05,M200,2112394.325,431,2.82
ORD-52023,2024-01-26,V06,M200,2356007.6500000004,299,3.2
ORD-52024,2022-02-27,V01,M201,659002.62,152,3.04
ORD-52025,2023-10-18,V04,M100,239122.26,487,1.93
ORD-52026,2024-09-23,V01,M101,259227.02,136,2.49
ORD-52027,2022-05-01,V06,M201,471926.94,75,3.06
ORD-52028,2023-05-15,V05,M100,898852.77,361,0.98
ORD-52029,2022-06-17,V02,M400,158101.68,26,1.42
ORD-52030,2022-03-23,V05,M101,827713.93,7,4.06
ORD-52031,2024-07-16,V04,M101,298389.78,79,1.87
ORD-52032,2022-12-19,V05,M200,2026250.7750000001,15,3.7
ORD-52033,2023-05-15,V04,M300,921068.49,432,1.5
ORD-52034,2022-05-24,V04,M100,433218.93,387,0.67
ORD-52035,2022-11-12,V04,M101,371400.15,400,2.5
ORD-52036,2024-05-09,V06,M100,804199.11,207,4.07
ORD-52037,2022-03-18,V04,M201,534188.05,89,3.78
ORD-52038,2024-05-12,V04,M201,687604.56,97,1.51
ORD-52039,2022-04-01,V02,M300,626600.94,398,4.14
ORD-52040,2023-11-28,V01,M101,161359.96,216,2.42
ORD-52041,2022-07-19,V03,M200,2115856.15,459,0.7
ORD-52042,2023-06-09,V01,M101,203817.36,259,0.61
ORD-52043,2024-12-17,V04,M100,932959.32,329,2.44
ORD-52044,2023-10-30,V02,M400,258065.58,454,2.69
ORD-52045,2022-03-21,V05,M201,736542.16,287,0.82
ORD-52046,2023-04-08,V02,M100,291808.84,375,4.19
ORD-52047,2023-10-14,V04,M300,324607.55,464,3.37
ORD-52048,2022-06-30,V02,M201,316901.83,75,3.71
ORD-52049,2023-04-25,V02,M200,1876033.325,242,2.84
ORD-52050,2024-05-11,V04,M201,561246.97,17,3.15
ORD-52051,2023-04-27,V06,M400,884122.93,177,2.05
ORD-52052,2024-06-19,V02,M101,314298.99,259,3.22
ORD-52053,2022-09-18,V03,M400,695072.6,123,4.41
ORD-52054,2023-03-07,V03,M400,755419.11,467,3.09
ORD-52055,2024-05-03,V02,M101,159967.29,472,1.87
ORD-52056,2022-11-27,V06,M201,406583.46,311,1.64
ORD-52057,2023-09-26,V05,M300,487989.32,111,4.35
ORD-52058,2022-11-27,V04,M101,362130.52,256,1.24
ORD-52059,2024-07-30,V03,M101,328891.47,234,3.72
ORD-52060,2022-03-14,V05,M200,1723889.25,456,2.36
ORD-52061,2024-09-05,V02,M201,223707.73,497,2.28
ORD-52062,2024-10-05,V05,M101,712296.84,356,3.49
ORD-52063,2024-06-24,V01,M300,935693.75,40,1.09
ORD-52064,2023-02-23,V03,M100,569545.55,122,2.37
ORD-52065,2022-02-22,V02,M201,615319.89,450,0.64
ORD-52066,2023-11-28,V04,M200,195608.45,215,3.18
ORD-52067,2023-01-18,V06,M400,865832.13,296,0.73
ORD-52068,2022-01-31,V02,M101,292593.31,286,0.85
ORD-52069,2023-04-22,V04,M300,618900.65,281,3.88
ORD-52070,2023-05-15,V06,M201,979321.05,7,2.27
ORD-52071,2023-07-25,V06,M300,599547.57,92,1.3
ORD-52072,2022-07-19,V02,M300,727462.39,361,2.87
ORD-52073,2022-04-08,V05,M400,450866.42,434,2.58
ORD-52074,2024-12-28,V05,M200,174405.475,123,2.14
ORD-52075,2024-08-01,V06,M201,799623.36,337,4.12
ORD-52076,2024-01-06,V05,M101,44648.85,96,3.5
ORD-52077,2024-09-02,V01,M200,1759128.125,1,1.11
ORD-52078,2024-02-25,V06,M101,32692.36,91,2.78
ORD-52079,2024-01-18,V06,M100,863682.18,428,0.85
ORD-52080,2022-12-08,V04,M300,166059.68,484,1.48
ORD-52081,2023-07-24,V05,M100,519128.78,433,4.14
ORD-52082,2022-09-09,V06,M300,601179.2,7,2.35
ORD-52083,2023-12-13,V01,M400,462969.95,120,4.07
ORD-52084,2023-01-02,V04,M200,868389.625,387,1.16
ORD-52085,2022-09-09,V02,M101,473136.15,350,1.32
ORD-52086,2023-09-12,V06,M400,318301.6,129,1.91
ORD-52087,2024-07-20,V01,M101,443741.12,179,1.97
ORD-52088,2023-12-20,V03,M200,913309.6499999999,98,3.48
ORD-52089,2024-09-20,V01,M201,570542.78,422,2.9
ORD-52090,2023-08-16,V01,M100,245544.92,43,2.71
ORD-52091,2022-08-04,V04,M100,988769.99,183,2.91
ORD-52092,2024-04-29,V02,M101,505861.25,185,3.43
ORD-52093,2023-04-23,V03,M101,202220.46,53,4.07
ORD-52094,2023-10-30,V05,M101,482296.08,228,2.16
ORD-52095,2024-02-21,V05,M200,2169377.45,161,3.71
ORD-52096,2022-08-10,V01,M201,31588.73,235,2.48
ORD-52097,2024-09-29,V04,M100,682758.58,464,3.39
ORD-52098,2024-05-08,V04,M400,552488.12,446,4.0
ORD-52099,2022-03-21,V05,M300,177862.41,358,0.63
ORD-52100,2023-04-29,V03,M200,2048254.175,395,2.69
ORD-52101,2024-04-27,V02,M100,375195.78,200,4.46
ORD-52102,2022-09-19,V03,M201,300864.01,436,2.48
ORD-52103,2024-01-13,V06,M200,2074609.8499999999,1,3.96
ORD-52104,2022-08-24,V06,M400,642139.8,14,1.24
ORD-52105,2022-11-13,V02,M100,899276.49,478,2.92
ORD-52106,2022-09-24,V05,M200,1583962.175,213,3.98
ORD-52107,2022-01-31,V02,M100,743409.48,378,2.23
ORD-52108,2022-03-08,V04,M100,838081.44,277,2.45
ORD-52109,2024-01-04,V06,M201,64192.24,34,0.83
ORD-52110,2023-10-19,V01,M300,778288.47,486,0.67
ORD-52111,2024-05-31,V01,M201,617569.42,474,2.37
ORD-52112,2024-06-06,V05,M100,78812.72,361,3.87
ORD-52113,2022-07-08,V04,M200,1283730.35,270,4.23
ORD-52114,2023-08-25,V03,M400,91633.5,168,3.13
ORD-52115,2024-12-18,V04,M201,738587.73,378,3.81
ORD-52116,2024-07-15,V01,M300,551036.7,419,3.44
ORD-52117,2024-01-28,V01,M100,954037.8,170,3.31
ORD-52118,2024-10-01,V06,M400,191304.02,82,3.58
ORD-52119,2024-09-26,V04,M201,609973.12,404,2.52
ORD-52120,2023-07-18,V04,M201,219466.31,316,2.33
ORD-52121,2022-01-23,V01,M201,617924.33,137,1.14
ORD-52122,2022-09-27,V03,M201,725423.21,233,3.88
ORD-52123,2023-01-11,V05,M400,725081.29,115,0.68
ORD-52124,2023-04-01,V05,M200,2042308.125,252,1.57
ORD-52125,2023-07-06,V04,M300,855014.73,493,2.58
ORD-52126,2023-09-21,V05,M300,86499.01,289,4.39
ORD-52127,2023-08-21,V01,M100,349834.49,49,3.64
ORD-52128,2022-09-23,V01,M101,690251.3,452,1.97
ORD-52129,2022-02-03,V04,M200,1259001.05,4,3.36
ORD-52130,2023-09-30,V04,M100,198769.19,379,4.23
ORD-52131,2022-03-28,V06,M100,557182.47,176,2.66
ORD-52132,2023-08-08,V04,M201,413361.3,272,2.35
ORD-52133,2023-04-12,V03,M101,396137.89,431,2.71
ORD-52134,2022-10-17,V05,M101,811656.18,26,1.75
ORD-52135,2024-02-11,V04,M200,1033805.875,70,4.13
ORD-52136,2022-05-03,V02,M101,36189.96,293,3.69
ORD-52137,2022-01-19,V06,M100,67482.71,406,3.32
ORD-52138,2023-12-03,V02,M101,857681.6,234,2.86
ORD-52139,2023-06-16,V01,M101,960994.8,231,4.38
ORD-52140,2023-06-10,V05,M300,691525.24,263,1.69
ORD-52141,2022-12-19,V04,M100,370724.61,426,1.63
ORD-52142,2024-06-10,V02,M400,939214.31,286,1.47
ORD-52143,2024-10-01,V05,M101,666175.06,74,3.47
ORD-52144,2022-01-27,V01,M101,845890.21,121,3.69
ORD-52145,2024-07-16,V03,M201,768193.78,463,2.89
ORD-52146,2024-05-03,V06,M101,385347.92,6,3.11
ORD-52147,2023-11-04,V05,M101,483915.18,24,1.9
ORD-52148,2023-06-02,V05,M300,194270.83,194,0.66
ORD-52149,2022-03-24,V03,M100,299093.96,168,1.51
ORD-52150,2022-10-16,V05,M200,1950861.0,377,2.84
ORD-52151,2024-08-06,V01,M100,895038.61,399,3.75
ORD-52152,2024-03-15,V01,M201,727215.82,437,3.61
ORD-52153,2022-10-11,V03,M100,470521.96,341,1.22
ORD-52154,2022-02-10,V06,M101,95644.18,210,0.71
ORD-52155,2023-01-08,V04,M201,66378.47,133,3.9
ORD-52156,2024-11-11,V02,M100,380582.31,345,0.8
ORD-52157,2024-07-27,V04,M201,469183.5,292,2.07
ORD-52158,2024-08-21,V05,M200,1532573.55,458,0.88
ORD-52159,2022-09-05,V02,M100,16424.63,499,2.76
ORD-52160,2024-04-24,V03,M400,989825.66,174,1.95
ORD-52161,2022-06-30,V03,M101,370299.49,151,1.31
ORD-52162,2024-12-14,V06,M201,849613.72,88,2.88
ORD-52163,2023-01-29,V02,M400,539617.04,301,1.95
ORD-52164,2024-03-24,V01,M400,139135.06,266,1.17
ORD-52165,2023-11-04,V02,M300,799589.9,310,3.3
ORD-52166,2024-01-13,V05,M201,712728.8,70,3.85
ORD-52167,2024-06-19,V01,M400,532161.72,205,1.59
ORD-52168,2024-03-21,V03,M300,519407.56,341,1.25
ORD-52169,2022-01-29,V02,M400,96604.81,32,0.8
ORD-52170,2023-06-27,V04,M101,659290.46,43,2.61
ORD-52171,2024-05-19,V06,M200,2280331.75,118,3.83
ORD-52172,2022-07-27,V04,M300,102312.47,377,1.5
ORD-52173,2022-12-11,V06,M200,677190.8500000001,15,2.34
ORD-52174,2024-08-11,V05,M201,903284.89,322,1.14
ORD-52175,2023-07-11,V04,M101,291500.47,399,2.12
ORD-52176,2022-07-04,V02,M300,657404.24,115,0.56
ORD-52177,2023-10-01,V02,M201,539469.98,337,4.14
ORD-52178,2022-07-22,V04,M400,600364.33,20,3.21
ORD-52179,2023-10-01,V02,M100,421631.01,178,1.83
ORD-52180,2024-09-04,V05,M201,306991.56,262,4.02
ORD-52181,2022-03-19,V01,M200,145120.30000000002,79,1.23
ORD-52182,2022-07-27,V05,M101,746838.13,381,0.81
ORD-52183,2023-06-12,V06,M101,748632.53,401,4.27
ORD-52184,2024-04-07,V05,M201,674018.48,120,1.74
ORD-52185,2022-09-20,V06,M400,647197.45,26,4.24
ORD-52186,2022-08-06,V02,M100,251279.96,22,3.05
ORD-52187,2023-05-05,V01,M200,80303.7,201,4.42
ORD-52188,2023-08-01,V02,M201,810628.24,64,3.51
ORD-52189,2024-06-11,V03,M201,496227.15,460,0.92
ORD-52190,2022-09-14,V02,M101,313769.75,214,3.91
ORD-52191,2022-04-25,V06,M200,277281.475,314,1.09
ORD-52192,2022-10-27,V02,M100,72094.37,471,3.27
ORD-52193,2023-06-27,V02,M101,355378.05,293,2.5
ORD-52194,2022-02-05,V01,M201,806689.69,78,3.33
ORD-52195,2024-08-05,V02,M101,919536.51,216,3.56
ORD-52196,2022-01-04,V01,M101,897783.85,456,3.71
ORD-52197,2024-01-21,V04,M300,920800.83,474,3.84
ORD-52198,2024-04-26,V03,M101,908648.09,224,3.89
ORD-52199,2024-02-27,V01,M400,531952.5,377,2.15
ORD-52200,2024-11-15,V06,M101,227221.48,28,4.06
ORD-52201,2024-09-01,V04,M400,800066.12,480,3.38
ORD-52202,2022-11-28,V01,M200,553939.625,470,3.86
ORD-52203,2023-04-15,V01,M101,274535.2,305,4.46
ORD-52204,2022-04-01,V03,M100,240921.78,201,0.97
ORD-52205,2024-12-08,V06,M400,519832.58,67,1.98
ORD-52206,2023-05-07,V05,M400,328609.23,473,3.73
ORD-52207,2024-08-11,V05,M201,162614.49,359,0.85
ORD-52208,2022-02-18,V01,M200,1146604.2,126,2.66
ORD-52209,2022-06-05,V02,M101,875168.17,460,3.93
ORD-52210,2022-01-20,V06,M100,574847.33,349,0.58
ORD-52211,2024-12-14,V04,M201,879552.25,195,4.26
ORD-52212,2022-05-02,V02,M200,509783.64999999997,425,4.41
ORD-52213,2023-02-11,V02,M400,175304.13,174,1.79
ORD-52214,2024-05-23,V06,M100,579821.35,87,3.57
ORD-52215,2024-09-19,V01,M101,468695.61,343,1.01
ORD-52216,2023-08-21,V01,M300,663570.92,311,3.59
ORD-52217,2023-08-04,V01,M300,796680.52,466,2.43
ORD-52218,2023-05-25,V01,M200,1884485.5499999998,395,3.94
ORD-52219,2022-07-26,V05,M100,942838.56,484,1.35
ORD-52220,2022-11-17,V01,M201,404273.85,154,3.19
ORD-52221,2024-01-23,V05,M100,214322.87,456,3.64
ORD-52222,2024-07-06,V05,M400,555403.51,476,1.31
ORD-52223,2022-02-20,V01,M300,119635.69,210,3.77
ORD-52224,2024-06-25,V03,M200,739906.5249999999,13,4.33
ORD-52225,2022-10-24,V04,M101,215809.17,164,2.96
ORD-52226,2022-09-18,V02,M100,402598.08,490,3.64
ORD-52227,2024-12-08,V05,M300,120104.41,488,2.63
ORD-52228,2023-03-30,V06,M201,41523.33,255,2.89
ORD-52229,2024-04-13,V06,M200,1650565.1500000001,384,0.55
ORD-52230,2024-12-09,V04,M101,614146.49,492,2.6
ORD-52231,2022-02-09,V06,M100,711275.35,64,2.8
ORD-52232,2024-12-31,V03,M201,663782.58,307,3.18
ORD-52233,2024-03-26,V06,M101,123151.73,76,1.18
ORD-52234,2024-04-08,V02,M400,298168.09,22,1.47
ORD-52235,2023-07-20,V02,M300,138231.34,60,3.52
ORD-52236,2022-05-01,V05,M400,844542.68,386,1.17
ORD-52237,2023-06-22,V01,M300,749434.62,56,2.16
ORD-52238,2022-09-13,V03,M201,209511.73,168,1.5
ORD-52239,2023-12-20,V05,M400,347896.15,412,2.68
ORD-52240,2023-07-26,V03,M300,966948.84,205,4.45
ORD-52241,2022-07-30,V01,M200,1495544.4,353,3.91
ORD-52242,2024-06-03,V06,M201,803144.04,259,1.58
ORD-52243,2023-03-13,V06,M300,271945.12,191,1.97
ORD-52244,2023-05-19,V01,M100,217952.39,482,4.17
ORD-52245,2024-11-27,V05,M300,786077.76,407,4.09
ORD-52246,2024-01-19,V01,M400,689013.73,55,1.14
ORD-52247,2023-08-02,V04,M200,1710420.375,416,3.82
ORD-52248,2022-03-16,V02,M101,557108.24,340,1.69
ORD-52249,2024-10-06,V05,M101,567942.56,284,2.68
ORD-52250,2023-10-06,V03,M300,738340.53,380,0.52
ORD-52251,2024-11-05,V04,M101,277302.46,264,4.49
ORD-52252,2024-12-03,V05,M300,359240.78,259,3.54
ORD-52253,2024-09-01,V01,M200,2182301.0,350,1.47
ORD-52254,2024-11-27,V01,M101,315776.55,89,3.24
ORD-52255,2024-05-19,V01,M400,550846.48,437,1.67
ORD-52256,2023-08-31,V01,M400,705613.07,222,0.86
ORD-52257,2023-07-19,V03,M100,999925.58,413,2.2
ORD-52258,2023-08-03,V04,M300,440938.42,495,2.95
ORD-52259,2022-02-15,V06,M101,433811.95,350,0.86
ORD-52260,2023-10-05,V02,M400,844162.5,482,2.57
ORD-52261,2022-09-30,V03,M200,2018620.2,89,2.56
ORD-52262,2024-01-01,V03,M200,1834412.8,465,3.01
ORD-52263,2024-03-29,V06,M100,468597.34,59,1.48
ORD-52264,2024-11-10,V06,M200,826749.325,152,0.58
ORD-52265,2024-09-20,V02,M200,1531607.9500000002,422,1.8
ORD-52266,2022-03-07,V02,M101,877461.06,28,2.09
ORD-52267,2023-12-18,V06,M300,884939.68,225,3.04
ORD-52268,2022-04-05,V01,M201,117413.36,318,4.22
ORD-52269,2022-01-01,V03,M200,1085166.9500000002,484,1.31
ORD-52270,2024-09-05,V05,M200,1175186.85,51,3.25
ORD-52271,2023-06-26,V02,M201,977839.21,263,0.89
ORD-52272,2022-12-27,V02,M200,1703045.1,279,1.26
ORD-52273,2024-09-14,V06,M101,413173.95,46,2.54
ORD-52274,2023-02-03,V04,M101,35797.31,474,3.33
ORD-52275,2024-09-05,V05,M201,569731.31,334,3.93
ORD-52276,2024-09-22,V05,M400,105115.22,106,3.48
ORD-52277,2024-12-21,V02,M200,2090263.65,284,0.56
ORD-52278,2024-04-06,V01,M400,754993.47,24,3.24
ORD-52279,2024-02-29,V04,M200,1164760.175,7,3.8
ORD-52280,2022-08-14,V05,M300,434918.67,368,2.6
ORD-52281,2022-12-03,V02,M200,2245913.9499999997,484,4.36
ORD-52282,2022-12-19,V05,M101,295573.77,487,0.52
ORD-52283,2022-03-10,V04,M100,256529.76,335,3.77
ORD-52284,2023-09-17,V04,M100,939805.46,433,1.84
ORD-52285,2024-01-14,V03,M100,811153.38,3,3.1
ORD-52286,2022-12-25,V06,M100,822419.34,496,3.27
ORD-52287,2022-03-07,V06,M400,203241.88,258,1.72
ORD-52288,2024-06-11,V02,M400,151863.03,263,4.48
ORD-52289,2024-11-25,V04,M200,89423.125,121,0.91
ORD-52290,2023-08-22,V03,M400,244671.09,208,1.13
ORD-52291,2024-09-19,V03,M200,1941121.4749999999,21,4.07
ORD-52292,2024-09-27,V05,M300,247638.03,393,0.98
ORD-52293,2024-10-17,V05,M200,1829530.625,140,2.03
ORD-52294,2022-05-19,V03,M100,259389.18,477,3.43
ORD-52295,2024-11-15,V05,M201,401339.57,280,3.67
ORD-52296,2022-02-07,V04,M201,983330.67,289,4.32
ORD-52297,2024-05-12,V01,M101,252363.61,206,3.66
ORD-52298,2024-11-11,V04,M101,382606.92,43,3.88
ORD-52299,2022-11-05,V03,M200,770190.775,338,4.3
ORD-52300,2022-08-23,V03,M201,118528.74,118,2.71
ORD-52301,2023-10-06,V04,M100,494995.2,5,1.87
ORD-52302,2023-04-16,V05,M400,384903.76,207,3.55
ORD-52303,2023-06-28,V05,M100,697938.21,123,1.15
ORD-52304,2023-11-02,V06,M100,819418.6,327,0.77
ORD-52305,2023-03-31,V03,M200,1372018.0499999998,345,3.64
ORD-52306,2022-06-02,V02,M200,104686.15,142,4.3
ORD-52307,2022-11-29,V06,M300,622733.13,372,2.27
ORD-52308,2024-07-21,V05,M100,64836.82,232,1.14
ORD-52309,2023-09-03,V04,M100,620192.76,164,2.49
ORD-52310,2023-01-11,V05,M200,1720449.125,35,2.07
ORD-52311,2024-06-26,V04,M200,514474.875,364,1.99
ORD-52312,2022-06-30,V06,M300,821152.69,434,3.01
ORD-52313,2024-06-06,V03,M300,911974.28,472,1.2
ORD-52314,2024-09-28,V05,M101,814956.09,335,2.02
ORD-52315,2023-05-01,V04,M201,312058.1,11,3.97
ORD-52316,2022-12-16,V03,M100,590776.58,408,3.42
ORD-52317,2022-05-20,V02,M100,915667.0,75,0.72
ORD-52318,2024-08-01,V04,M300,327458.08,300,2.56
ORD-52319,2022-03-31,V06,M300,821827.54,435,0.87
ORD-52320,2023-02-16,V02,M101,19380.38,401,4.33
ORD-52321,2023-06-06,V02,M201,13610.24,381,1.48
ORD-52322,2022-11-12,V01,M101,762114.54,198,4.23
ORD-52323,2022-05-08,V05,M201,763833.11,341,3.84
ORD-52324,2022-08-30,V04,M400,791087.42,264,2.71
ORD-52325,2022-10-18,V02,M100,930726.57,335,1.85
ORD-52326,2023-12-18,V01,M101,126727.25,374,3.93
ORD-52327,2024-08-10,V06,M300,239665.14,224,1.11
ORD-52328,2023-02-20,V03,M101,904687.67,122,1.22
ORD-52329,2024-02-03,V04,M400,185463.84,74,1.4
ORD-52330,2023-12-11,V02,M101,685406.97,28,2.89
ORD-52331,2024-06-23,V05,M100,535158.37,463,1.76
ORD-52332,2024-08-14,V01,M400,92361.74,396,4.46
ORD-52333,2024-07-01,V02,M300,292411.03,171,1.28
ORD-52334,2024-01-03,V05,M300,525168.49,466,3.72
ORD-52335,2023-02-06,V02,M200,2134566.55,376,0.88
ORD-52336,2023-06-19,V04,M400,710463.1,421,1.91
ORD-52337,2022-08-14,V04,M200,1564160.825,364,1.48
ORD-52338,2023-10-26,V04,M200,1252681.4,383,4.41
ORD-52339,2022-01-27,V06,M100,305697.14,216,0.6
ORD-52340,2024-05-08,V06,M101,128052.46,319,3.39
ORD-52341,2023-04-12,V01,M300,414985.27,101,1.49
ORD-52342,2022-12-31,V04,M300,38233.31,246,3.74
ORD-52343,2024-10-07,V05,M101,218945.33,93,1.74
ORD-52344,2023-04-14,V02,M300,438158.54,63,1.25
ORD-52345,2024-01-03,V03,M101,424419.13,266,3.27
ORD-52346,2023-04-16,V05,M400,53852.48,206,1.53
ORD-52347,2024-08-15,V06,M100,593169.55,80,2.44
ORD-52348,2024-05-26,V06,M100,554187.41,37,1.03
ORD-52349,2022-08-13,V05,M100,87323.26,11,3.4
ORD-52350,2023-06-28,V06,M101,943731.42,115,2.13
ORD-52351,2023-03-02,V04,M101,108388.95,90,1.06
ORD-52352,2023-12-15,V01,M201,856285.81,232,3.47
ORD-52353,2023-10-15,V02,M300,10306.63,19,0.91
ORD-52354,2022-05-10,V01,M300,883458.28,52,2.8
ORD-52355,2024-10-21,V02,M201,29522.53,374,2.93
ORD-52356,2024-01-14,V02,M201,760233.91,274,4.22
ORD-52357,2024-08-20,V01,M100,368073.9,94,1.1
ORD-52358,2023-04-13,V05,M201,740834.63,32,3.11
ORD-52359,2023-08-23,V02,M101,407727.75,151,2.02
ORD-52360,2023-08-08,V01,M200,200497.09999999998,140,2.1
ORD-52361,2022-10-23,V02,M101,769831.63,58,2.51
ORD-52362,2023-03-26,V03,M201,80540.16,461,1.44
ORD-52363,2024-08-01,V05,M300,922899.23,21,2.34
ORD-52364,2022-05-16,V04,M101,60464.3,149,3.25
ORD-52365,2023-11-03,V02,M300,484532.02,221,2.33
ORD-52366,2023-07-20,V03,M101,725804.09,221,0.67
ORD-52367,2023-03-11,V04,M300,399314.0,242,1.53
ORD-52368,2024-03-09,V04,M400,225061.14,219,1.91
ORD-52369,2024-04-29,V02,M101,761500.05,29,1.92
ORD-52370,2022-01-14,V01,M300,786451.76,463,0.82
ORD-52371,2024-06-04,V02,M200,2308670.075,47,2.3
ORD-52372,2023-03-21,V03,M100,382403.46,396,3.27
ORD-52373,2022-08-04,V04,M101,511189.22,58,0.69
ORD-52374,2023-08-11,V02,M200,923742.8999999999,425,3.5
ORD-52375,2022-09-06,V01,M100,264511.0,275,4.32
ORD-52376,2023-01-05,V02,M101,753522.63,140,0.54
ORD-52377,2022-01-16,V05,M200,865638.3250000001,23,1.27
ORD-52378,2022-11-13,V01,M200,1084669.875,389,2.67
ORD-52379,2024-09-25,V03,M400,409636.92,378,1.37
ORD-52380,2023-10-03,V04,M200,1788836.525,410,3.56
ORD-52381,2023-09-08,V02,M400,918617.67,373,1.75
ORD-52382,2023-02-02,V01,M201,670088.5,63,1.67
ORD-52383,2022-11-04,V05,M300,476866.77,52,0.5
ORD-52384,2022-12-02,V01,M100,781413.06,266,1.58
ORD-52385,2024-10-06,V06,M300,644561.61,342,1.37
ORD-52386,2022-07-22,V05,M300,70004.25,167,1.87
ORD-52387,2023-12-13,V03,M400,104706.95,151,1.09
ORD-52388,2024-05-22,V04,M300,47537.77,11,2.88
ORD-52389,2023-11-22,V03,M200,1155620.4,476,1.45
ORD-52390,2024-06-15,V02,M400,827594.9,95,3.83
ORD-52391,2024-03-01,V01,M300,319952.34,72,1.64
ORD-52392,2023-05-11,V06,M400,390318.58,384,1.34
ORD-52393,2023-01-28,V05,M201,910382.34,487,0.73
ORD-52394,2023-10-06,V05,M400,838534.41,48,3.46
ORD-52395,2023-03-07,V01,M101,668397.63,348,2.53
ORD-52396,2023-06-27,V06,M200,685339.35,272,0.96
ORD-52397,2023-08-04,V01,M100,125871.07,430,1.39
ORD-52398,2024-04-01,V02,M101,25898.23,431,4.49
ORD-52399,2023-06-17,V03,M101,115940.57,95,3.72
ORD-52400,2022-12-12,V05,M101,299670.48,233,1.9
ORD-52401,2022-02-03,V02,M300,556272.16,48,2.67
ORD-52402,2024-03-27,V03,M400,73360.08,208,2.16
ORD-52403,2022-04-20,V02,M400,144865.5,453,0.65
ORD-52404,2022-09-19,V06,M300,189269.9,227,3.61
ORD-52405,2024-11-07,V05,M200,1589155.675,409,3.37
ORD-52406,2022-09-14,V01,M300,619631.9,77,2.14
ORD-52407,2023-07-01,V01,M300,555258.07,349,3.88
ORD-52408,2024-07-31,V03,M300,257996.41,219,2.64
ORD-52409,2022-05-02,V04,M200,943521.225,360,0.76
ORD-52410,2024-03-20,V06,M200,264307.05000000005,81,1.54
ORD-52411,2024-09-03,V03,M201,234196.0,37,2.35
ORD-52412,2024-03-30,V04,M201,898728.17,102,0.91
ORD-52413,2024-11-06,V02,M201,979894.83,191,2.78
ORD-52414,2023-12-08,V06,M201,651182.99,29,0.98
ORD-52415,2022-04-22,V02,M400,917655.06,314,1.3
ORD-52416,2024-03-18,V05,M101,646314.48,253,4.08
ORD-52417,2022-05-16,V06,M101,42864.52,251,4.5
ORD-52418,2022-12-21,V04,M201,996794.96,226,2.7
ORD-52419,2024-11-11,V05,M201,107962.78,94,2.98
ORD-52420,2023-05-25,V01,M100,685815.38,415,3.69
ORD-52421,2024-11-19,V04,M101,260307.84,86,3.28
ORD-52422,2022-04-14,V03,M100,398061.3,110,1.23
ORD-52423,2022-06-10,V01,M100,649474.84,217,2.15
ORD-52424,2023-04-13,V01,M300,442122.48,196,2.64
ORD-52425,2022-06-14,V03,M400,258040.6,483,1.94
ORD-52426,2023-11-30,V06,M200,852754.325,297,1.2
ORD-52427,2023-09-04,V01,M101,348132.64,434,3.44
ORD-52428,2023-06-17,V04,M201,959730.67,44,1.3
ORD-52429,2023-06-10,V05,M201,800626.89,393,1.54
ORD-52430,2024-05-09,V01,M200,1159908.2000000002,443,1.65
ORD-52431,2024-08-26,V04,M101,207822.71,90,1.15
ORD-52432,2023-11-23,V02,M201,812905.95,475,3.9
ORD-52433,2023-04-28,V04,M201,165610.65,155,2.94
ORD-52434,2023-04-21,V05,M300,218357.59,466,3.84
ORD-52435,2023-07-01,V04,M100,372353.26,478,2.47
ORD-52436,2022-04-19,V03,M201,881544.71,109,2.58
ORD-52437,2023-11-01,V05,M400,140468.8,59,2.96
ORD-52438,2022-03-01,V06,M101,131011.85,110,1.98
ORD-52439,2023-07-02,V02,M400,499035.24,479,2.49
ORD-52440,2022-04-30,V03,M200,709116.1,106,2.69
ORD-52441,2024-07-29,V06,M300,573040.66,387,4.31
ORD-52442,2023-02-13,V04,M101,457120.32,221,4.03
ORD-52443,2024-08-12,V05,M300,440609.52,263,1.02
ORD-52444,2022-02-28,V02,M100,120853.24,82,0.67
ORD-52445,2024-11-06,V03,M201,149639.19,272,3.22
ORD-52446,2024-06-11,V06,M101,822867.79,49,0.7
ORD-52447,2023-08-08,V06,M200,2217559.775,377,0.74
ORD-52448,2024-02-02,V02,M100,242336.7,32,1.14
ORD-52449,2024-06-22,V04,M100,122325.9,486,1.91
ORD-52450,2022-11-22,V02,M300,62882.51,89,2.24
ORD-52451,2022-12-13,V06,M100,612214.64,428,2.58
ORD-52452,2023-02-01,V01,M101,718199.68,480,4.47
ORD-52453,2024-09-08,V03,M300,379081.89,19,2.04
ORD-52454,2022-08-23,V02,M100,682879.11,3,1.47
ORD-52455,2022-01-10,V06,M200,1789573.075,378,2.8
ORD-52456,2022-09-08,V04,M400,935988.86,60,1.36
ORD-52457,2024-05-16,V06,M101,74224.9,419,4.26
ORD-52458,2024-06-20,V04,M200,500922.025,242,1.54
ORD-52459,2024-10-15,V02,M200,194601.82499999998,29,4.46
ORD-52460,2022-02-05,V04,M300,869313.99,75,2.17
ORD-52461,2024-07-01,V05,M201,794661.29,70,3.75
ORD-52462,2023-12-06,V05,M300,578895.65,83,3.09
ORD-52463,2023-09-18,V05,M101,92826.78,357,4.23
ORD-52464,2024-11-27,V01,M101,280579.24,173,3.0
ORD-52465,2024-11-28,V02,M300,304742.65,411,2.82
ORD-52466,2024-01-01,V06,M201,565135.76,197,3.11
ORD-52467,2023-02-18,V06,M300,265463.46,346,3.65
ORD-52468,2022-06-08,V01,M101,82230.27,419,4.1
ORD-52469,2022-05-22,V04,M201,733454.68,147,1.57
ORD-52470,2024-09-24,V01,M101,306089.41,273,1.3
ORD-52471,2024-06-07,V04,M201,457850.44,35,0.64
ORD-52472,2023-03-06,V04,M201,136389.97,495,1.98
ORD-52473,2022-02-07,V03,M300,804522.82,113,3.88
ORD-52474,2023-11-27,V06,M300,569876.56,461,0.78
ORD-52475,2022-02-18,V05,M300,902569.77,206,2.65
ORD-52476,2023-08-22,V04,M201,500516.85,158,3.28
ORD-52477,2022-07-11,V03,M201,942011.42,253,3.85
ORD-52478,2023-09-10,V06,M101,892949.52,122,2.83
ORD-52479,2024-05-11,V05,M200,1451738.15,48,1.25
ORD-52480,2022-01-01,V04,M300,934554.5,185,4.36
ORD-52481,2023-12-01,V04,M400,329857.86,491,0.88
ORD-52482,2023-11-26,V01,M101,371985.74,273,3.58
ORD-52483,2024-11-15,V01,M101,55023.17,101,0.85
ORD-52484,2023-11-30,V06,M100,593308.9,15,1.07
ORD-52485,2024-07-21,V05,M300,724704.73,128,4.09
ORD-52486,2023-05-18,V04,M101,775784.0,210,3.51
ORD-52487,2023-07-14,V06,M100,158318.12,112,1.96
ORD-52488,2022-12-08,V06,M400,449717.48,270,3.05
ORD-52489,2023-10-08,V02,M400,185094.58,142,2.33
ORD-52490,2024-09-08,V01,M300,665506.08,173,0.77
ORD-52491,2023-06-06,V05,M201,166366.91,353,3.38
ORD-52492,2022-01-02,V04,M100,905122.05,166,3.55
ORD-52493,2022-01-27,V06,M201,238328.3,447,4.03
ORD-52494,2022-11-18,V04,M400,298488.24,119,2.66
ORD-52495,2023-07-06,V02,M400,852397.26,203,3.19
ORD-52496,2023-10-23,V05,M200,1159707.325,11,2.25
ORD-52497,2022-07-18,V06,M200,84389.97499999999,249,1.78
ORD-52498,2023-01-10,V04,M200,1249100.975,304,2.15
ORD-52499,2024-08-13,V01,M200,234244.75,248,4.15
ORD-52500,2023-02-18,V02,M101,985491.27,154,1.16
ORD-52501,2022-09-15,V05,M200,1480576.125,323,1.49
ORD-52502,2023-11-28,V02,M101,263967.29,25,2.92
ORD-52503,2023-08-19,V01,M101,568080.5,465,0.97
ORD-52504,2023-11-12,V05,M300,86098.43,445,4.07
ORD-52505,2024-12-05,V02,M101,801892.39,342,0.69
ORD-52506,2022-12-08,V03,M101,926074.77,221,3.52
ORD-52507,2023-05-26,V01,M200,2189249.8499999996,110,1.99
ORD-52508,2024-05-13,V01,M101,348340.03,410,0.7
ORD-52509,2022-07-16,V01,M201,332510.44,418,3.87
ORD-52510,2023-03-03,V03,M200,111841.84999999999,90,3.06
ORD-52511,2023-05-03,V03,M100,654886.36,265,0.54
ORD-52512,2023-06-19,V04,M200,1348889.35,40,1.57
ORD-52513,2023-10-29,V06,M101,464752.91,459,1.91
ORD-52514,2023-09-06,V02,M201,908554.64,263,1.79
ORD-52515,2023-10-27,V04,M200,440500.27499999997,158,2.49
ORD-52516,2023-01-15,V02,M201,19569.6,118,2.61
ORD-52517,2024-04-17,V06,M100,82583.29,450,2.09
ORD-52518,2023-04-09,V03,M400,231137.72,256,1.83
ORD-52519,2023-11-13,V06,M100,42952.69,414,2.52
ORD-52520,2022-10-12,V03,M400,507815.27,196,0.63
ORD-52521,2022-07-12,V06,M300,320949.55,314,3.08
ORD-52522,2022-04-27,V04,M400,188678.18,311,2.92
ORD-52523,2023-06-28,V05,M300,752583.23,14,1.62
ORD-52524,2023-02-20,V04,M200,531017.025,461,1.22
ORD-52525,2024-03-02,V02,M300,690729.05,118,0.79
ORD-52526,2022-02-03,V04,M201,355772.26,217,2.85
ORD-52527,2023-05-23,V01,M300,516709.48,205,2.78
ORD-52528,2023-04-05,V02,M201,934528.37,77,2.63
ORD-52529,2023-06-04,V06,M400,46978.12,421,4.44
ORD-52530,2023-12-09,V02,M400,505261.86,380,2.63
ORD-52531,2023-10-23,V05,M400,855878.73,172,3.39
ORD-52532,2024-10-05,V03,M300,592094.51,390,0.95
ORD-52533,2022-04-15,V06,M400,284101.81,26,1.7
ORD-52534,2023-10-09,V02,M300,403704.32,128,1.6
ORD-52535,2024-12-07,V06,M300,683462.97,374,2.8
ORD-52536,2022-05-02,V06,M101,891903.78,142,1.82
ORD-52537,2022-11-20,V06,M101,50655.71,392,3.06
ORD-52538,2023-01-25,V03,M300,80823.43,24,3.26
ORD-52539,2024-02-26,V04,M201,331801.01,470,0.63
ORD-52540,2023-02-15,V06,M200,601129.7250000001,232,3.06
ORD-52541,2024-12-04,V01,M100,272281.58,423,0.97
ORD-52542,2024-09-08,V05,M101,229057.3,177,2.36
ORD-52543,2024-03-03,V03,M300,203866.8,341,3.41
ORD-52544,2022-01-22,V02,M100,139317.73,235,3.31
ORD-52545,2024-11-29,V03,M101,934614.59,319,1.7
ORD-52546,2024-11-10,V02,M200,381868.92500000005,26,1.59
ORD-52547,2022-09-05,V03,M201,212359.74,266,2.26
ORD-52548,2023-08-18,V02,M300,253803.07,461,1.25
ORD-52549,2024-05-07,V06,M200,2334211.8,362,4.4
ORD-52550,2022-11-20,V04,M101,758156.99,117,1.88
ORD-52551,2024-01-26,V02,M300,791802.44,58,4.19
ORD-52552,2024-12-29,V02,M100,113710.68,270,4.13
ORD-52553,2024-02-23,V01,M400,837946.78,329,1.96
ORD-52554,2024-08-04,V02,M201,414111.15,455,1.52
ORD-52555,2022-04-10,V01,M101,270194.8,295,3.58
ORD-52556,2024-11-18,V05,M201,579992.58,122,1.42
ORD-52557,2023-12-09,V06,M300,823961.08,159,2.58
ORD-52558,2024-05-04,V01,M400,780865.63,178,0.94
ORD-52559,2023-04-07,V04,M200,2227743.775,144,2.04
ORD-52560,2022-09-02,V06,M201,928850.86,328,0.81
ORD-52561,2023-07-22,V01,M100,245740.85,368,1.63
ORD-52562,2023-01-19,V06,M101,429619.32,307,3.16
ORD-52563,2022-01-31,V06,M100,24482.25,399,4.47
ORD-52564,2024-02-05,V06,M201,880528.44,89,1.52
ORD-52565,2023-07-20,V05,M400,163026.43,239,2.39
ORD-52566,2023-11-20,V04,M200,2157150.1500000004,38,2.29
ORD-52567,2022-11-10,V03,M200,840233.625,361,1.24
ORD-52568,2022-01-15,V03,M100,374452.25,79,2.94
ORD-52569,2022-10-31,V01,M300,48740.93,345,3.4
ORD-52570,2023-04-29,V06,M300,333610.0,327,1.09
ORD-52571,2023-03-23,V01,M400,889480.05,346,3.53
ORD-52572,2022-04-15,V05,M200,88229.825,252,3.3
ORD-52573,2022-07-20,V05,M100,412264.2,328,1.29
ORD-52574,2023-05-11,V02,M100,41085.63,466,3.1
ORD-52575,2023-06-30,V05,M100,377214.19,149,2.07
ORD-52576,2022-04-01,V02,M201,180914.23,16,3.22
ORD-52577,2022-12-09,V04,M400,259696.21,367,2.48
ORD-52578,2022-04-25,V01,M300,878822.39,323,0.69
ORD-52579,2022-11-08,V04,M300,441688.73,321,3.65
ORD-52580,2023-01-27,V05,M201,281060.01,269,2.72
ORD-52581,2024-01-11,V04,M101,593444.99,118,3.4
ORD-52582,2024-11-18,V04,M201,150685.89,192,1.0
ORD-52583,2022-11-20,V04,M400,266797.69,317,3.39
ORD-52584,2023-10-14,V05,M100,550785.49,288,2.15
ORD-52585,2023-11-18,V06,M201,245147.81,396,3.7
ORD-52586,2024-10-28,V04,M100,682336.46,351,2.9
ORD-52587,2024-06-11,V02,M400,496576.39,297,1.92
ORD-52588,2022-08-22,V05,M400,774269.18,194,1.31
ORD-52589,2024-09-25,V04,M200,2371905.225,489,3.76
ORD-52590,2023-01-25,V06,M100,124646.84,392,2.74
ORD-52591,2022-05-10,V05,M300,341318.36,443,4.45
ORD-52592,2023-04-03,V03,M201,326353.57,281,1.99
ORD-52593,2023-06-04,V06,M400,159671.09,389,3.24
ORD-52594,2024-05-05,V02,M100,812200.11,301,2.99
ORD-52595,2023-07-14,V04,M101,762279.92,386,3.05
ORD-52596,2022-04-09,V03,M200,1223953.0499999998,426,3.45
ORD-52597,2022-04-04,V03,M101,542393.07,250,1.06
ORD-52598,2023-12-25,V05,M400,68948.7,422,2.7
ORD-52599,2023-09-11,V03,M101,559952.28,231,2.54
ORD-52600,2022-08-14,V02,M101,793428.11,3,1.87
ORD-52601,2023-10-05,V02,M200,1445223.25,174,2.24
ORD-52602,2023-05-17,V01,M200,681633.275,240,2.58
ORD-52603,2023-08-27,V02,M200,1677181.975,486,1.78
ORD-52604,2022-02-20,V06,M200,919683.875,406,1.67
ORD-52605,2024-09-02,V03,M101,549424.55,104,3.45
ORD-52606,2023-01-03,V02,M300,492689.71,289,0.77
ORD-52607,2023-04-08,V05,M300,387363.25,244,1.75
ORD-52608,2023-10-25,V01,M200,1804223.0,288,3.11
ORD-52609,2024-11-17,V03,M201,885037.35,367,1.34
ORD-52610,2023-10-10,V01,M100,15160.39,273,2.79
ORD-52611,2024-05-19,V03,M400,934280.35,120,1.71
ORD-52612,2023-05-05,V05,M201,516399.98,338,3.87
ORD-52613,2023-02-08,V01,M400,703724.56,440,1.9
ORD-52614,2024-04-27,V04,M201,857068.32,259,1.42
ORD-52615,2023-10-14,V06,M201,472432.66,70,2.62
ORD-52616,2022-04-11,V06,M300,836624.33,433,1.04
ORD-52617,2024-07-24,V03,M100,185843.62,183,3.69
ORD-52618,2022-11-15,V04,M201,167575.86,461,3.22
ORD-52619,2024-10-01,V01,M200,1652241.6500000001,247,3.58
ORD-52620,2023-06-28,V04,M400,871441.58,118,2.1
ORD-52621,2023-04-16,V04,M300,893501.92,31,3.84
ORD-52622,2024-08-21,V01,M400,647303.05,465,2.47
ORD-52623,2024-03-21,V05,M200,1325585.8499999999,149,0.88
ORD-52624,2023-01-16,V04,M200,845197.8999999999,16,1.4
ORD-52625,2022-12-30,V04,M201,980200.41,273,3.34
ORD-52626,2024-10-15,V05,M200,816246.825,352,4.09
ORD-52627,2024-03-17,V04,M100,746744.25,385,0.88
ORD-52628,2023-07-19,V04,M200,1341654.95,368,3.96
ORD-52629,2022-07-28,V04,M201,612427.22,102,3.7
ORD-52630,2022-09-11,V06,M400,399545.75,72,1.93
ORD-52631,2023-01-15,V02,M200,2412937.225,193,3.26
ORD-52632,2024-06-22,V05,M300,575965.5,322,1.25
ORD-52633,2023-01-16,V04,M300,938409.75,111,3.75
ORD-52634,2023-08-23,V06,M300,17515.5,293,3.13
ORD-52635,2022-08-12,V05,M400,576943.88,408,2.26
ORD-52636,2024-03-20,V03,M101,720015.02,347,3.96
ORD-52637,2022-07-04,V03,M300,747629.37,340,1.06
ORD-52638,2024-10-13,V04,M300,905927.11,367,3.88
ORD-52639,2022-02-10,V06,M101,14357.59,318,0.6
ORD-52640,2022-01-09,V06,M400,10326.86,277,3.51
ORD-52641,2022-09-03,V05,M300,477540.83,106,2.79
ORD-52642,2023-06-02,V05,M201,39000.77,37,3.29
ORD-52643,2024-06-07,V06,M400,974787.23,291,2.15
ORD-52644,2023-11-25,V05,M300,229844.52,422,3.96
ORD-52645,2023-02-04,V06,M300,477938.08,181,1.75
ORD-52646,2022-10-11,V02,M101,70526.25,143,1.6
ORD-52647,2024-12-10,V06,M201,526827.93,114,1.71
ORD-52648,2023-04-20,V03,M400,386156.56,238,3.6
ORD-52649,2023-11-21,V05,M200,135533.575,426,2.48
ORD-52650,2023-03-12,V06,M100,341773.02,94,2.65
ORD-52651,2024-02-04,V06,M201,397521.66,260,3.83
ORD-52652,2024-09-16,V05,M200,2475055.7,107,3.83
ORD-52653,2023-09-03,V02,M201,215807.01,244,1.15
ORD-52654,2023-04-12,V02,M200,1373329.5499999998,423,2.7
ORD-52655,2023-09-06,V05,M200,2468605.975,335,1.0
ORD-52656,2023-07-02,V01,M201,794099.02,23,3.97
ORD-52657,2024-04-21,V05,M101,993433.83,361,3.85
ORD-52658,2022-07-22,V05,M201,968615.33,271,3.9
ORD-52659,2022-02-27,V02,M201,494644.15,474,3.32
ORD-52660,2023-01-12,V02,M200,1748530.2249999999,140,2.37
ORD-52661,2024-09-27,V05,M100,119338.7,466,2.12
ORD-52662,2024-01-02,V05,M200,1116843.35,454,2.08
ORD-52663,2023-08-24,V05,M300,810928.36,384,0.76
ORD-52664,2023-03-09,V02,M201,510281.97,82,4.3
ORD-52665,2023-07-10,V05,M400,705672.04,377,2.3
ORD-52666,2022-03-11,V05,M201,748293.82,498,4.22
ORD-52667,2024-01-20,V04,M101,260934.45,438,4.02
ORD-52668,2024-04-05,V01,M400,876942.38,344,3.81
ORD-52669,2022-12-28,V03,M200,1163060.5250000001,422,2.85
ORD-52670,2024-08-05,V01,M101,218083.25,156,0.91
ORD-52671,2023-10-07,V04,M201,866761.72,335,1.8
ORD-52672,2023-05-04,V03,M200,1059101.55,19,2.91
ORD-52673,2022-04-22,V05,M200,1882023.2750000001,69,0.55
ORD-52674,2024-10-22,V04,M300,552552.74,448,0.67
ORD-52675,2023-03-10,V05,M300,388053.03,132,3.21
ORD-52676,2022-11-15,V02,M100,811777.65,256,4.05
ORD-52677,2023-07-25,V06,M300,588625.23,209,3.92
ORD-52678,2024-05-19,V04,M400,396656.48,10,1.17
ORD-52679,2023-02-08,V02,M200,296254.725,140,4.14
ORD-52680,2022-01-17,V04,M300,896490.86,453,3.29
ORD-52681,2023-02-27,V04,M100,45114.89,135,3.37
ORD-52682,2023-05-10,V02,M201,864555.47,255,1.72
ORD-52683,2022-10-25,V03,M400,366361.91,300,3.36
ORD-52684,2022-06-11,V01,M300,642945.38,407,3.34
ORD-52685,2024-05-27,V05,M200,2307444.325,258,2.88
ORD-52686,2024-04-07,V04,M201,160189.55,94,1.93
ORD-52687,2022-01-05,V05,M200,1428202.4249999998,372,3.74
ORD-52688,2024-11-19,V06,M201,766788.53,241,4.25
ORD-52689,2023-08-21,V02,M400,760007.99,237,3.98
ORD-52690,2024-11-18,V05,M200,1325939.0,165,1.47
ORD-52691,2023-10-24,V02,M300,628492.07,325,2.28
ORD-52692,2024-02-20,V05,M300,759951.72,148,1.87
ORD-52693,2023-10-09,V01,M100,842617.36,218,3.33
ORD-52694,2023-12-20,V01,M201,764194.97,428,3.83
ORD-52695,2022-01-29,V01,M100,360464.89,108,1.36
ORD-52696,2024-03-01,V01,M101,996759.14,231,4.29
ORD-52697,2022-10-25,V01,M300,440157.67,70,3.21
ORD-52698,2024-09-02,V01,M201,34220.06,221,1.37
ORD-52699,2023-09-03,V02,M400,368990.78,74,1.98
ORD-52700,2023-01-17,V04,M100,136505.13,179,0.92
ORD-52701,2024-06-24,V05,M400,130228.19,80,2.89
ORD-52702,2024-01-06,V01,M400,288719.69,354,1.18
ORD-52703,2022-02-09,V02,M400,62841.74,159,3.27
ORD-52704,2024-03-16,V02,M100,691627.07,356,3.45
ORD-52705,2024-08-04,V02,M101,83249.0,169,2.42
ORD-52706,2024-02-18,V04,M100,211256.66,314,0.88
ORD-52707,2022-03-16,V05,M200,254926.8,389,2.94
ORD-52708,2024-11-24,V04,M300,72536.05,161,1.99
ORD-52709,2024-08-16,V03,M100,275074.15,427,4.3
ORD-52710,2024-04-14,V02,M100,576179.98,403,2.55
ORD-52711,2022-05-12,V03,M101,965038.7,32,0.79
ORD-52712,2024-12-02,V06,M200,2192002.725,121,3.04
ORD-52713,2023-06-20,V01,M100,877174.59,215,3.62
ORD-52714,2023-07-08,V01,M300,184306.37,3,1.14
ORD-52715,2023-10-26,V04,M300,272258.12,385,2.3
ORD-52716,2024-11-28,V05,M100,85629.38,228,3.47
ORD-52717,2024-03-16,V03,M400,780683.66,425,0.58
ORD-52718,2024-05-21,V05,M400,79118.14,476,0.62
ORD-52719,2024-11-30,V04,M200,1402821.775,48,3.21
ORD-52720,2024-08-26,V01,M300,255396.82,167,3.4
ORD-52721,2023-05-21,V05,M400,251011.18,389,3.88
ORD-52722,2024-04-25,V05,M300,990817.8,333,2.1
ORD-52723,2022-01-17,V01,M200,1898030.025,11,2.06
ORD-52724,2023-02-23,V03,M200,2096424.9,238,2.71
ORD-52725,2024-12-08,V01,M400,576262.86,278,3.53
ORD-52726,2023-10-13,V05,M100,872304.14,241,3.06
ORD-52727,2023-05-11,V03,M201,649035.63,471,1.81
ORD-52728,2024-09-03,V03,M101,946711.97,192,1.89
ORD-52729,2023-09-16,V01,M201,288525.2,12,3.55
ORD-52730,2022-10-16,V05,M201,599366.35,53,2.64
ORD-52731,2024-12-16,V04,M300,693230.03,55,0.89
ORD-52732,2024-11-12,V05,M200,997519.825,309,1.11
ORD-52733,2024-02-28,V02,M300,880910.9,21,3.9
ORD-52734,2024-06-24,V06,M400,980005.13,19,4.5
ORD-52735,2022-11-12,V04,M101,498831.8,453,1.84
ORD-52736,2023-01-19,V03,M400,396734.25,344,2.05
ORD-52737,2022-05-17,V04,M100,477218.55,350,1.12
ORD-52738,2023-07-05,V03,M101,854209.38,456,1.44
ORD-52739,2022-08-20,V03,M300,649013.74,322,2.2
ORD-52740,2023-06-14,V04,M300,54324.65,315,1.64
ORD-52741,2023-05-09,V03,M400,546748.21,433,3.31
ORD-52742,2023-11-29,V03,M300,27127.12,482,2.65
ORD-52743,2022-04-13,V02,M300,780750.02,59,3.79
ORD-52744,2022-07-06,V05,M201,335029.15,151,3.4
ORD-52745,2024-01-07,V05,M100,477287.41,259,1.01
ORD-52746,2024-06-05,V06,M201,800691.32,440,0.99
ORD-52747,2024-08-30,V06,M300,55984.33,372,4.08
ORD-52748,2023-11-10,V02,M200,417390.3,58,3.78
ORD-52749,2022-02-13,V06,M201,403980.77,216,2.37
ORD-52750,2024-02-29,V04,M300,237625.91,62,1.02
ORD-52751,2024-03-26,V01,M300,344522.41,146,4.09
ORD-52752,2022-04-01,V01,M100,998192.99,445,1.42
ORD-52753,2022-01-08,V01,M400,827160.29,382,0.64
ORD-52754,2023-09-08,V02,M101,885062.8,239,4.2
ORD-52755,2022-08-31,V02,M201,937684.09,293,3.74
ORD-52756,2022-01-18,V03,M201,347526.52,182,3.27
ORD-52757,2022-02-24,V01,M201,304106.19,369,0.64
ORD-52758,2024-05-04,V04,M300,241721.87,95,2.61
ORD-52759,2022-04-05,V06,M100,831815.74,78,3.11
ORD-52760,2024-02-22,V04,M300,682756.34,449,3.54
ORD-52761,2022-04-15,V06,M300,243810.26,142,2.38
ORD-52762,2024-09-27,V01,M400,383223.89,105,4.31
ORD-52763,2024-09-26,V01,M200,1279111.625,261,1.48
ORD-52764,2024-02-12,V01,M100,532858.66,95,0.78
ORD-52765,2022-09-09,V02,M201,889840.45,223,1.83
ORD-52766,2023-11-11,V06,M101,386760.47,478,3.15
ORD-52767,2024-04-04,V02,M201,909438.79,484,3.45
ORD-52768,2023-03-25,V02,M300,446953.88,190,3.45
ORD-52769,2024-01-07,V05,M100,748908.95,129,0.94
ORD-52770,2022-01-25,V04,M100,930951.78,319,4.04
ORD-52771,2023-07-13,V04,M100,908499.95,195,1.62
ORD-52772,2023-10-24,V03,M200,165958.34999999998,20,1.34
ORD-52773,2023-08-01,V02,M201,213647.25,299,2.96
ORD-52774,2023-02-22,V06,M200,1205340.925,240,1.35
ORD-52775,2022-07-25,V05,M400,437238.75,235,2.53
ORD-52776,2024-01-10,V05,M101,644482.75,85,2.13
ORD-52777,2022-02-28,V04,M400,945261.96,94,1.43
ORD-52778,2023-02-03,V02,M300,121280.66,42,1.67
ORD-52779,2024-04-30,V03,M200,1143350.2,364,2.21
ORD-52780,2023-02-06,V02,M200,501217.32499999995,350,1.88
ORD-52781,2023-03-11,V01,M400,895166.52,453,2.03
ORD-52782,2023-03-12,V02,M300,964934.38,74,3.44
ORD-52783,2024-02-07,V01,M100,483914.67,472,1.17
ORD-52784,2022-10-25,V01,M300,112970.19,365,3.01
ORD-52785,2023-12-02,V03,M201,787441.72,115,3.21
ORD-52786,2022-07-12,V06,M400,700169.94,423,3.71
ORD-52787,2023-12-30,V04,M300,361124.12,190,3.89
ORD-52788,2023-07-19,V02,M100,888533.4,432,1.13
ORD-52789,2024-08-18,V01,M300,976073.57,125,1.05
ORD-52790,2022-05-13,V02,M200,1405688.2750000001,6,2.96
ORD-52791,2022-04-24,V06,M101,570070.63,458,3.53
ORD-52792,2022-01-15,V04,M200,761345.925,379,1.59
ORD-52793,2023-04-17,V06,M101,588660.98,42,2.6
ORD-52794,2024-01-01,V04,M300,445245.9,58,3.59
ORD-52795,2023-06-04,V05,M201,309169.12,427,3.57
ORD-52796,2022-04-29,V04,M300,76513.34,10,3.12
ORD-52797,2022-10-03,V03,M100,260180.78,89,0.82
ORD-52798,2022-03-07,V06,M300,205876.1,334,0.7
ORD-52799,2024-06-07,V01,M101,546621.56,111,2.05
ORD-52800,2024-04-19,V05,M200,1514133.2999999998,39,0.61
ORD-52801,2022-06-04,V03,M201,612486.01,397,4.12
ORD-52802,2022-10-22,V02,M300,394299.19,459,0.58
ORD-52803,2024-09-02,V06,M300,427017.44,167,0.62
ORD-52804,2022-01-16,V01,M200,2089740.125,11,1.16
ORD-52805,2022-09-05,V04,M201,481470.49,110,3.01
ORD-52806,2024-09-25,V01,M400,987895.6,497,2.67
ORD-52807,2024-04-29,V02,M300,445221.06,16,3.14
ORD-52808,2022-03-04,V05,M300,653085.14,33,4.07
ORD-52809,2024-09-18,V05,M400,59859.37,233,2.32
ORD-52810,2022-01-12,V06,M101,656806.53,489,0.68
ORD-52811,2023-02-14,V05,M101,852912.13,188,3.55
ORD-52812,2024-12-08,V06,M100,943033.26,224,3.75
ORD-52813,2022-05-23,V06,M200,2493368.525,59,0.7
ORD-52814,2023-01-30,V06,M201,289356.86,458,1.47
ORD-52815,2022-04-10,V04,M300,579616.36,51,3.58
ORD-52816,2023-05-18,V03,M300,456210.81,271,2.0
ORD-52817,2024-12-21,V06,M100,568179.31,464,2.39
ORD-52818,2023-01-11,V06,M300,165878.43,43,3.79
ORD-52819,2024-12-07,V03,M200,2143970.1999999997,27,0.88
ORD-52820,2022-08-22,V01,M100,910473.25,56,3.21
ORD-52821,2023-06-29,V06,M200,1137912.625,121,1.36
ORD-52822,2024-08-28,V04,M100,287625.56,113,0.75
ORD-52823,2022-10-26,V05,M300,149425.09,316,3.15
ORD-52824,2024-11-10,V05,M100,686927.18,115,0.99
ORD-52825,2022-02-23,V02,M101,319109.52,109,3.49
ORD-52826,2022-05-13,V02,M201,910443.18,480,1.31
ORD-52827,2023-09-11,V05,M300,674302.35,454,0.69
ORD-52828,2024-09-19,V05,M400,649228.47,175,0.9
ORD-52829,2024-08-13,V04,M201,563808.09,112,3.87
ORD-52830,2024-08-07,V03,M300,55318.58,100,1.98
ORD-52831,2022-12-15,V02,M201,932603.21,8,1.71
ORD-52832,2023-11-03,V03,M101,631658.12,447,2.46
ORD-52833,2022-07-15,V04,M201,994121.36,473,3.03
ORD-52834,2024-09-05,V05,M100,541982.84,135,0.65
ORD-52835,2022-03-26,V06,M201,713009.78,251,4.09
ORD-52836,2024-01-09,V03,M300,65647.46,337,4.33
ORD-52837,2023-06-29,V05,M400,635418.82,240,2.17
ORD-52838,2022-02-20,V05,M400,767003.12,222,2.15
ORD-52839,2024-08-17,V01,M200,1951822.875,386,4.01
ORD-52840,2023-04-15,V03,M201,772410.54,145,2.22
ORD-52841,2024-10-05,V06,M400,234019.8,377,3.92
ORD-52842,2023-06-04,V03,M201,975644.49,4,0.61
ORD-52843,2023-06-08,V05,M400,995230.3,282,2.46
ORD-52844,2023-04-25,V06,M201,84839.92,334,4.31
ORD-52845,2023-05-29,V04,M300,937081.96,328,1.51
ORD-52846,2024-11-30,V01,M201,296554.7,197,1.56
ORD-52847,2024-04-02,V05,M300,692391.24,389,3.02
ORD-52848,2023-05-21,V02,M300,344729.81,128,4.2
ORD-52849,2022-07-21,V02,M200,2420191.95,261,1.29
ORD-52850,2023-04-28,V01,M400,110488.82,91,4.19
ORD-52851,2024-03-17,V04,M100,502769.35,325,3.15
ORD-52852,2023-01-07,V05,M300,433767.31,259,4.47
ORD-52853,2024-03-04,V03,M400,332763.22,422,3.45
ORD-52854,2023-12-07,V01,M101,649078.65,94,3.17
ORD-52855,2024-07-10,V04,M201,139745.19,257,3.76
ORD-52856,2024-02-09,V03,M101,719495.79,136,1.2
ORD-52857,2022-12-29,V02,M201,980786.2,13,4.28
ORD-52858,2022-05-14,V02,M200,2016282.825,468,1.16
ORD-52859,2023-12-05,V03,M300,861416.59,198,0.6
ORD-52860,2024-09-08,V01,M100,366040.38,498,3.29
ORD-52861,2024-11-26,V02,M300,331637.74,178,1.24
ORD-52862,2022-07-20,V05,M201,521877.87,112,3.54
ORD-52863,2024-12-21,V06,M100,55269.35,264,3.68
ORD-52864,2023-11-05,V03,M300,945904.55,414,1.45
ORD-52865,2023-06-03,V03,M100,152347.32,369,0.85
ORD-52866,2022-08-14,V02,M201,903982.91,424,2.5
ORD-52867,2024-06-07,V01,M200,231866.0,79,4.06
ORD-52868,2024-09-10,V05,M200,2060996.7000000002,378,3.89
ORD-52869,2022-01-29,V01,M300,160442.9,256,0.97
ORD-52870,2022-06-06,V04,M101,47750.3,74,4.36
ORD-52871,2024-02-27,V04,M201,722294.56,383,1.56
ORD-52872,2024-08-03,V06,M300,287462.65,161,1.9
ORD-52873,2022-07-16,V02,M300,717351.19,201,1.1
ORD-52874,2023-07-04,V02,M200,1398836.0,369,2.01
ORD-52875,2023-10-23,V02,M100,117719.32,308,3.04
ORD-52876,2024-09-03,V06,M201,932808.77,377,2.52
ORD-52877,2022-11-04,V04,M100,457791.03,33,3.81
ORD-52878,2023-04-24,V01,M400,737102.81,73,3.07
ORD-52879,2024-03-31,V06,M400,506010.37,462,1.55
ORD-52880,2023-06-16,V06,M201,608317.86,352,2.73
ORD-52881,2023-02-14,V01,M101,309745.86,293,0.76
ORD-52882,2024-05-14,V02,M400,208356.7,198,2.82
ORD-52883,2024-09-24,V05,M200,1367861.25,325,2.06
ORD-52884,2022-03-14,V01,M101,445816.78,388,0.89
ORD-52885,2023-07-06,V04,M300,396212.08,316,1.73
ORD-52886,2022-07-02,V03,M400,675841.52,240,4.09
ORD-52887,2023-04-30,V03,M200,1734003.9249999998,464,2.84
ORD-52888,2024-08-13,V06,M300,55460.86,74,4.11
ORD-52889,2024-04-25,V03,M101,345357.05,31,2.14
ORD-52890,2024-02-17,V05,M201,417646.9,479,4.42
ORD-52891,2022-06-24,V02,M300,105923.24,14,1.94
ORD-52892,2024-08-15,V04,M100,243541.86,205,3.53
ORD-52893,2024-08-28,V05,M201,61125.38,316,1.72
ORD-52894,2022-11-12,V04,M201,996279.68,68,0.92
ORD-52895,2024-01-16,V04,M101,739191.63,128,3.83
ORD-52896,2023-12-28,V02,M101,96575.65,494,3.55
ORD-52897,2023-12-01,V06,M200,75117.225,26,3.78
ORD-52898,2023-06-21,V03,M200,1805237.3,408,1.7
ORD-52899,2023-02-02,V02,M100,444800.24,184,3.31
ORD-52900,2024-02-15,V05,M201,788928.74,137,1.38
ORD-52901,2024-12-13,V06,M100,924241.28,291,0.55
ORD-52902,2023-05-17,V05,M100,603307.39,106,3.97
ORD-52903,2022-06-30,V06,M101,195237.34,463,2.59
ORD-52904,2024-08-07,V05,M100,784372.1,24,4.43
ORD-52905,2022-05-27,V02,M100,956253.63,415,2.04
ORD-52906,2024-05-25,V06,M300,584428.97,339,4.33
ORD-52907,2023-06-30,V06,M200,1712943.6749999998,450,2.96
ORD-52908,2023-01-24,V04,M200,860249.875,194,2.55
ORD-52909,2023-12-07,V04,M201,387712.42,169,1.71
ORD-52910,2024-07-26,V01,M200,1843269.875,36,3.8
ORD-52911,2024-02-25,V05,M400,928493.39,101,3.82
ORD-52912,2023-11-07,V04,M201,632698.5,34,2.17
ORD-52913,2023-01-27,V01,M300,791949.43,377,3.41
ORD-52914,2022-05-24,V04,M200,449796.67500000005,39,2.29
ORD-52915,2023-03-24,V05,M300,219839.5,211,3.46
ORD-52916,2022-03-01,V06,M200,1341785.8499999999,230,4.48
ORD-52917,2024-03-11,V03,M200,461971.625,279,1.55
ORD-52918,2024-09-13,V05,M300,638645.12,80,3.04
ORD-52919,2022-11-15,V02,M100,298736.65,238,2.02
ORD-52920,2023-03-16,V04,M100,793617.29,172,2.69
ORD-52921,2024-02-20,V04,M100,810029.24,326,4.0
ORD-52922,2024-10-05,V06,M400,469149.58,442,1.89
ORD-52923,2024-12-19,V02,M100,189002.53,59,0.79
ORD-52924,2024-01-11,V06,M200,1625768.025,410,3.7
ORD-52925,2022-10-31,V02,M101,992859.15,22,2.72
ORD-52926,2022-10-18,V03,M300,626364.99,365,2.3
ORD-52927,2024-10-16,V04,M101,45416.94,367,1.23
ORD-52928,2022-08-18,V04,M400,27121.04,344,0.87
ORD-52929,2024-05-27,V03,M101,327158.35,238,1.61
ORD-52930,2022-04-21,V01,M201,203825.97,296,3.38
ORD-52931,2022-11-28,V06,M100,814920.7,341,2.15
ORD-52932,2024-01-24,V03,M400,846357.61,94,2.78
ORD-52933,2022-12-21,V06,M200,665081.4500000001,244,0.83
ORD-52934,2024-10-22,V05,M100,332388.33,11,0.99
ORD-52935,2022-06-29,V04,M100,243884.5,117,0.55
ORD-52936,2024-01-27,V06,M101,909298.72,265,3.19
ORD-52937,2023-01-18,V02,M201,507622.84,12,1.56
ORD-52938,2024-09-02,V06,M100,659575.67,154,4.37
ORD-52939,2024-05-16,V05,M300,421327.27,38,1.73
ORD-52940,2023-06-03,V04,M300,634704.05,499,1.95
ORD-52941,2022-12-04,V03,M100,391996.82,131,2.38
ORD-52942,2022-11-18,V05,M101,346281.65,382,1.78
ORD-52943,2022-05-24,V04,M101,638135.27,225,3.77
ORD-52944,2023-05-08,V06,M200,1487878.65,143,4.0
ORD-52945,2023-07-03,V01,M400,300592.67,431,0.54
ORD-52946,2023-07-18,V01,M400,157854.97,389,3.12
ORD-52947,2024-08-17,V02,M400,374890.93,54,3.24
ORD-52948,2022-07-17,V04,M201,421045.66,24,4.35
ORD-52949,2023-02-11,V01,M101,632397.49,395,1.98
ORD-52950,2023-06-22,V03,M200,2288458.7,121,1.28
ORD-52951,2022-09-24,V04,M300,45822.95,119,2.58
ORD-52952,2023-04-30,V03,M400,251224.4,161,2.29
ORD-52953,2023-12-24,V03,M300,201778.78,471,3.67
ORD-52954,2024-07-08,V01,M300,507271.46,74,4.12
ORD-52955,2023-10-30,V04,M100,435403.8,185,0.85
ORD-52956,2022-06-08,V06,M201,731747.25,436,3.89
ORD-52957,2022-08-23,V05,M200,624979.375,192,4.14
ORD-52958,2024-01-24,V01,M201,598553.38,427,4.2
ORD-52959,2022-01-09,V01,M100,885018.69,220,3.56
ORD-52960,2022-11-17,V06,M200,2278927.4,487,3.47
ORD-52961,2024-07-17,V04,M200,2397991.9,121,0.56
ORD-52962,2022-06-18,V04,M101,775528.54,209,4.18
ORD-52963,2024-04-20,V03,M201,906928.03,384,1.91
ORD-52964,2023-09-16,V06,M201,242185.56,300,0.66
ORD-52965,2024-06-05,V06,M101,205605.13,346,2.15
ORD-52966,2023-04-02,V04,M300,16423.2,473,3.43
ORD-52967,2024-12-24,V03,M100,709775.91,164,2.27
ORD-52968,2024-11-21,V01,M201,938092.52,268,3.53
ORD-52969,2023-04-30,V02,M101,195065.99,440,2.54
ORD-52970,2024-02-04,V05,M200,1601435.35,3,1.7
ORD-52971,2024-11-07,V01,M400,748995.16,50,1.31
ORD-52972,2022-09-01,V04,M101,928338.09,413,2.18
ORD-52973,2023-02-01,V05,M400,650391.62,364,0.64
ORD-52974,2022-08-22,V02,M300,970590.8,472,2.19
ORD-52975,2022-08-11,V02,M100,351226.41,211,0.77
ORD-52976,2022-11-27,V03,M400,356429.25,461,4.01
ORD-52977,2023-03-06,V05,M300,547582.38,16,2.8
ORD-52978,2023-01-22,V03,M400,389666.86,168,3.08
ORD-52979,2023-09-16,V01,M200,28528.675,283,1.66
ORD-52980,2024-08-14,V06,M200,1836135.75,379,1.4
ORD-52981,2022-11-21,V06,M200,1885499.675,326,3.33
ORD-52982,2022-04-19,V06,M200,1873762.15,298,3.19
ORD-52983,2023-07-31,V05,M101,351570.46,185,0.99
ORD-52984,2022-05-24,V06,M200,1317666.45,138,1.45
ORD-52985,2023-05-05,V01,M200,915934.4500000001,125,4.29
ORD-52986,2024-09-01,V03,M101,25876.04,422,1.72
ORD-52987,2023-11-21,V05,M200,1417061.125,392,0.6
ORD-52988,2024-05-04,V03,M300,132523.06,402,0.76
ORD-52989,2022-04-25,V05,M300,89240.91,480,3.6
ORD-52990,2023-12-22,V03,M201,757944.08,401,3.53
ORD-52991,2024-03-02,V02,M300,19411.14,58,2.03
ORD-52992,2022-10-06,V03,M100,959418.36,362,1.11
ORD-52993,2024-05-15,V06,M100,520102.81,66,2.49
ORD-52994,2023-03-17,V02,M100,983186.27,428,1.83
ORD-52995,2023-01-27,V03,M101,67417.6,340,2.0
ORD-52996,2023-05-01,V05,M300,587694.25,202,1.54
ORD-52997,2024-06-30,V05,M100,355833.77,9,0.75
ORD-52998,2024-06-27,V05,M201,845047.67,432,3.66
ORD-52999,2022-11-11,V04,M101,367610.51,423,2.97
ORD-53000,2022-03-15,V01,M201,267882.7,105,3.84
ORD-53001,2024-01-18,V05,M300,858977.6,89,2.51
ORD-53002,2024-02-09,V02,M200,952266.4,89,4.44
ORD-53003,2023-01-08,V05,M201,26664.99,344,4.35
ORD-53004,2023-12-05,V04,M200,990965.525,6,1.59
ORD-53005,2022-08-28,V06,M101,657977.05,158,2.05
ORD-53006,2024-04-24,V02,M201,261815.94,379,3.51
ORD-53007,2024-05-18,V04,M201,437667.72,330,3.61
ORD-53008,2024-07-11,V06,M400,66147.99,103,4.14
ORD-53009,2024-06-23,V02,M101,592211.86,223,3.11
ORD-53010,2023-08-26,V03,M101,758731.97,402,2.4
ORD-53011,2022-02-11,V01,M100,419179.44,171,2.01
ORD-53012,2022-06-04,V01,M300,426030.31,33,2.18
ORD-53013,2024-08-18,V04,M201,97399.67,181,3.9
ORD-53014,2023-03-13,V06,M201,209921.46,184,4.42
ORD-53015,2022-09-14,V01,M101,163128.55,403,0.71
ORD-53016,2024-02-26,V06,M101,486870.89,87,2.82
ORD-53017,2024-03-27,V06,M300,533962.99,69,2.58
ORD-53018,2023-03-25,V04,M101,949450.73,380,2.0
ORD-53019,2022-07-12,V04,M200,206247.975,26,3.91
ORD-53020,2024-07-26,V04,M200,1509673.225,413,2.8
ORD-53021,2022-04-22,V01,M400,531233.54,408,1.75
ORD-53022,2022-11-14,V04,M200,1302676.925,6,2.28
ORD-53023,2023-05-10,V01,M200,2186069.2249999996,256,1.93
ORD-53024,2023-06-08,V04,M300,213483.09,182,2.22
ORD-53025,2024-08-15,V05,M201,50365.54,295,0.79
ORD-53026,2024-08-07,V06,M200,1688871.975,260,0.95
ORD-53027,2023-12-02,V04,M400,351705.89,384,2.99
ORD-53028,2022-04-30,V02,M101,27414.02,314,3.24
ORD-53029,2024-03-20,V06,M200,647150.6749999999,304,3.05
ORD-53030,2024-10-08,V06,M400,316233.51,316,3.55
ORD-53031,2023-05-15,V04,M300,620669.99,234,4.27
ORD-53032,2022-11-09,V03,M101,180859.94,282,3.94
ORD-53033,2024-10-26,V04,M400,418923.8,207,2.17
ORD-53034,2024-11-10,V06,M200,1219126.725,77,1.37
ORD-53035,2024-08-21,V02,M201,464645.02,168,1.75
ORD-53036,2023-01-29,V06,M101,974201.36,342,2.85
ORD-53037,2023-01-25,V02,M101,55049.2,379,3.92
ORD-53038,2023-06-22,V01,M201,951458.5,461,3.31
ORD-53039,2023-05-10,V05,M101,586117.84,56,2.67
ORD-53040,2024-05-04,V06,M200,1994426.0999999999,295,2.91
ORD-53041,2023-08-08,V04,M101,436088.69,81,2.61
ORD-53042,2023-09-20,V01,M200,1148248.75,484,4.39
ORD-53043,2024-05-19,V05,M201,880533.23,167,3.76
ORD-53044,2022-05-24,V04,M100,896975.15,176,3.63
ORD-53045,2023-06-14,V03,M201,246301.99,281,2.57
ORD-53046,2024-01-29,V04,M200,518123.64999999997,418,1.83
ORD-53047,2022-01-01,V02,M300,501272.82,383,0.58
ORD-53048,2024-06-30,V02,M201,901274.26,149,0.67
ORD-53049,2023-03-18,V03,M300,329131.54,256,0.62
ORD-53050,2023-02-18,V01,M300,655494.47,281,4.42
ORD-53051,2022-06-30,V05,M200,1777675.425,345,0.96
ORD-53052,2022-11-24,V04,M200,1952219.8,278,1.07
ORD-53053,2023-05-18,V02,M100,568285.21,279,2.44
ORD-53054,2022-12-04,V01,M400,408430.63,409,2.43
ORD-53055,2022-08-26,V03,M101,967345.83,206,4.18
ORD-53056,2024-04-16,V06,M201,615217.45,462,0.79
ORD-53057,2023-05-02,V02,M200,1828198.9000000001,410,4.33
ORD-53058,2022-07-26,V03,M201,351533.02,488,1.37
ORD-53059,2023-01-15,V04,M400,673249.69,30,4.38
ORD-53060,2022-10-21,V05,M400,265219.69,218,2.67
ORD-53061,2022-07-14,V02,M300,252645.95,422,3.11
ORD-53062,2023-12-16,V02,M101,717574.98,470,1.76
ORD-53063,2022-02-02,V04,M100,526180.79,231,2.95
ORD-53064,2022-04-24,V06,M201,686443.84,359,3.34
ORD-53065,2023-03-16,V01,M101,276744.11,162,0.54
ORD-53066,2024-11-30,V05,M100,602736.11,217,0.64
ORD-53067,2024-04-30,V02,M201,449494.31,228,4.45
ORD-53068,2024-04-16,V05,M101,600990.68,333,2.33
ORD-53069,2022-06-23,V02,M200,744927.325,221,4.24
ORD-53070,2024-10-12,V05,M201,718296.45,234,3.42
ORD-53071,2024-03-07,V03,M101,807870.07,73,1.99
ORD-53072,2024-01-21,V02,M400,267317.31,399,1.1
ORD-53073,2022-03-07,V05,M100,307614.35,95,4.41
ORD-53074,2023-02-25,V01,M101,664542.73,428,2.84
ORD-53075,2023-08-27,V03,M200,1746573.2999999998,475,1.27
ORD-53076,2022-11-22,V03,M201,707058.69,95,3.23
ORD-53077,2023-07-12,V01,M201,685871.52,394,0.87
ORD-53078,2023-11-12,V05,M201,398879.64,243,3.97
ORD-53079,2022-04-14,V04,M200,1002262.8500000001,373,0.86
ORD-53080,2023-05-07,V01,M100,262269.45,293,1.44
ORD-53081,2024-02-22,V05,M201,165265.36,263,0.87
ORD-53082,2022-11-11,V01,M100,695651.61,124,0.92
ORD-53083,2024-09-03,V01,M101,102256.9,288,2.6
ORD-53084,2024-03-01,V02,M400,938414.36,267,3.25
ORD-53085,2024-03-11,V05,M400,828419.44,432,3.65
ORD-53086,2023-02-19,V04,M100,858930.68,109,3.28
ORD-53087,2022-12-09,V02,M100,907602.13,348,1.95
ORD-53088,2022-11-04,V01,M400,414518.92,452,2.73
ORD-53089,2023-01-03,V06,M201,848233.72,48,4.21
ORD-53090,2024-08-11,V01,M300,166480.69,301,2.05
ORD-53091,2024-04-07,V01,M300,31425.38,95,1.51
ORD-53092,2024-11-26,V05,M200,1967606.2,477,2.58
ORD-53093,2023-10-07,V05,M400,84048.68,33,1.69
ORD-53094,2024-02-14,V02,M400,988639.42,118,1.55
ORD-53095,2022-03-12,V04,M200,1695121.1749999998,132,3.62
ORD-53096,2022-10-20,V02,M300,755915.21,251,4.06
ORD-53097,2022-09-04,V03,M101,253345.82,303,2.51
ORD-53098,2023-09-23,V01,M201,677126.74,122,3.62
ORD-53099,2024-06-18,V06,M201,52787.74,218,1.25
ORD-53100,2023-09-02,V01,M101,839447.46,53,2.69
ORD-53101,2023-08-05,V01,M101,177927.85,126,3.04
ORD-53102,2022-07-30,V02,M300,700384.49,159,2.46
ORD-53103,2023-10-28,V06,M200,580589.25,159,0.97
ORD-53104,2024-03-30,V06,M101,77768.64,283,3.44
ORD-53105,2024-11-08,V06,M200,1216696.85,89,3.86
ORD-53106,2023-06-16,V02,M100,177593.35,176,3.04
ORD-53107,2023-04-15,V01,M201,732149.55,292,1.18
ORD-53108,2022-11-06,V02,M300,245190.18,433,0.8
ORD-53109,2024-01-11,V05,M201,349047.83,159,1.71
ORD-53110,2022-06-10,V05,M300,571764.86,491,0.65
ORD-53111,2022-04-04,V02,M100,292118.59,249,3.86
ORD-53112,2022-10-04,V06,M201,384208.24,357,3.31
ORD-53113,2024-11-09,V01,M100,817465.55,122,2.75
ORD-53114,2022-11-10,V02,M300,187417.75,237,4.06
ORD-53115,2023-05-09,V02,M101,91379.57,428,0.94
ORD-53116,2023-11-28,V02,M201,335074.21,125,3.36
ORD-53117,2024-02-03,V03,M100,430133.0,315,1.09
ORD-53118,2024-07-17,V05,M400,547232.69,279,0.74
ORD-53119,2024-05-20,V06,M201,378699.46,355,1.03
ORD-53120,2022-12-05,V04,M201,792012.58,324,4.3
ORD-53121,2022-03-23,V06,M201,48926.29,92,2.26
ORD-53122,2023-04-18,V04,M200,1093624.65,426,0.7
ORD-53123,2022-04-15,V03,M100,388433.36,105,2.83
ORD-53124,2022-08-14,V02,M100,651102.71,42,1.3
ORD-53125,2022-08-03,V03,M201,966613.49,397,0.53
ORD-53126,2024-05-22,V03,M101,515271.65,129,3.53
ORD-53127,2024-08-23,V01,M201,987008.08,460,1.12
ORD-53128,2023-11-03,V05,M200,773067.25,491,4.27
ORD-53129,2022-11-17,V04,M300,40559.45,53,2.87
ORD-53130,2023-02-28,V02,M200,435016.35000000003,168,0.85
ORD-53131,2023-06-25,V04,M101,401173.64,90,1.37
ORD-53132,2024-07-09,V06,M201,323170.57,247,2.94
ORD-53133,2023-05-18,V04,M100,106083.59,174,1.85
ORD-53134,2022-12-08,V06,M400,438333.51,494,2.63
ORD-53135,2022-08-20,V05,M201,344734.61,372,3.7
ORD-53136,2022-03-31,V06,M101,131393.03,87,3.67
ORD-53137,2022-01-09,V04,M100,303155.96,369,3.29
ORD-53138,2022-10-07,V04,M200,2218929.2249999996,150,4.04
ORD-53139,2024-07-01,V06,M300,309028.38,249,1.3
ORD-53140,2024-08-13,V03,M300,716815.87,115,1.21
ORD-53141,2024-03-25,V05,M201,615926.61,180,3.7
ORD-53142,2022-10-14,V01,M200,1082273.375,120,1.78
ORD-53143,2022-04-06,V02,M400,246635.38,28,2.55
ORD-53144,2024-09-09,V04,M400,375324.55,309,3.48
ORD-53145,2024-06-18,V02,M101,596186.14,117,2.08
ORD-53146,2022-05-19,V01,M300,357245.68,191,1.02
ORD-53147,2024-06-29,V02,M200,556868.675,145,3.22
ORD-53148,2024-12-26,V01,M201,125298.12,320,3.77
ORD-53149,2024-06-29,V06,M100,880969.27,262,0.55
ORD-53150,2024-12-28,V03,M201,445909.85,142,2.75
ORD-53151,2023-10-30,V04,M201,628956.24,114,2.38
ORD-53152,2022-10-05,V01,M200,1238765.65,384,1.54
ORD-53153,2024-01-22,V02,M300,873840.85,273,1.14
ORD-53154,2022-12-27,V04,M200,1378663.75,38,1.25
ORD-53155,2022-06-12,V03,M100,485973.6,197,3.4
ORD-53156,2024-04-22,V06,M200,2313387.45,13,2.64
ORD-53157,2023-06-22,V04,M101,722492.7,112,4.42
ORD-53158,2024-03-08,V01,M201,120434.41,437,1.47
ORD-53159,2024-01-11,V03,M300,185927.42,137,4.33
ORD-53160,2022-01-05,V02,M400,789251.63,172,2.56
ORD-53161,2023-11-18,V03,M100,837492.81,127,1.08
ORD-53162,2024-12-14,V03,M400,549738.92,362,1.09
ORD-53163,2022-03-23,V05,M201,558910.68,410,2.93
ORD-53164,2024-10-11,V03,M200,1589034.075,333,3.83
ORD-53165,2024-09-21,V03,M400,444724.62,19,3.49
ORD-53166,2024-05-12,V04,M101,683397.13,432,3.12
ORD-53167,2022-07-31,V02,M200,293491.1,465,1.19
ORD-53168,2022-04-18,V04,M201,961666.45,208,0.93
ORD-53169,2023-03-29,V04,M400,752653.28,158,0.5
ORD-53170,2024-12-06,V01,M100,634862.46,160,0.91
ORD-53171,2024-08-20,V04,M400,323158.84,334,3.57
ORD-53172,2023-05-16,V05,M400,169345.93,240,4.08
ORD-53173,2024-07-30,V05,M300,415249.53,376,1.46
ORD-53174,2023-01-20,V01,M400,664960.97,79,3.68
ORD-53175,2024-07-11,V06,M201,637372.65,332,1.3
ORD-53176,2024-10-07,V02,M100,388814.74,357,1.5
ORD-53177,2023-02-14,V02,M201,617153.53,331,1.4
ORD-53178,2022-05-30,V04,M101,815610.81,197,0.71
ORD-53179,2022-10-21,V04,M200,90054.79999999999,120,1.28
ORD-53180,2023-05-29,V06,M400,456114.84,248,1.99
ORD-53181,2022-12-09,V04,M300,760969.68,139,2.12
ORD-53182,2022-05-21,V02,M100,550683.03,226,1.74
ORD-53183,2024-06-10,V03,M300,654961.33,83,2.56
ORD-53184,2024-09-29,V05,M300,521509.63,410,2.01
ORD-53185,2023-05-07,V03,M300,991955.8,26,4.38
ORD-53186,2024-01-30,V03,M400,64075.32,128,3.73
ORD-53187,2022-04-04,V02,M100,496134.37,401,4.22
ORD-53188,2023-10-15,V03,M100,100502.38,223,2.73
ORD-53189,2024-06-20,V06,M300,168187.71,339,3.21
ORD-53190,2023-04-30,V01,M200,973019.9249999999,44,1.17
ORD-53191,2024-02-08,V04,M400,163984.69,84,3.51
ORD-53192,2024-12-22,V01,M400,964050.29,407,1.44
ORD-53193,2024-02-13,V05,M201,947321.88,25,1.08
ORD-53194,2022-07-12,V04,M400,342748.55,220,0.67
ORD-53195,2023-09-30,V03,M300,643350.23,293,2.39
ORD-53196,2022-10-16,V05,M101,538415.79,204,1.65
ORD-53197,2024-06-21,V04,M300,817431.11,368,4.45
ORD-53198,2023-02-04,V06,M100,631171.15,193,1.5
ORD-53199,2024-10-11,V06,M400,10249.93,2,3.97
ORD-53200,2024-10-14,V06,M400,765542.64,202,1.77
ORD-53201,2024-07-18,V06,M201,749379.64,354,3.5
ORD-53202,2022-12-07,V03,M101,514625.48,32,3.14
ORD-53203,2023-04-08,V01,M400,903889.78,89,2.75
ORD-53204,2023-05-24,V04,M201,909361.74,202,2.17
ORD-53205,2023-02-20,V03,M201,528672.56,439,3.18
ORD-53206,2022-02-25,V06,M101,611908.35,178,2.13
ORD-53207,2023-06-27,V01,M300,996556.85,193,2.69
ORD-53208,2023-10-13,V05,M300,305832.03,160,2.86
ORD-53209,2024-10-08,V05,M300,331371.07,293,1.57
ORD-53210,2023-08-04,V05,M200,477365.4,204,1.86
ORD-53211,2022-09-21,V06,M300,896908.27,241,0.57
ORD-53212,2022-07-05,V05,M101,747043.51,115,3.91
ORD-53213,2023-09-15,V02,M200,286466.05,210,3.52
ORD-53214,2022-11-07,V04,M300,981949.68,222,1.23
ORD-53215,2022-05-03,V04,M200,1834130.2249999999,397,1.95
ORD-53216,2022-02-16,V06,M101,852016.89,182,2.18
ORD-53217,2022-02-16,V02,M300,57669.28,259,1.84
ORD-53218,2024-08-04,V03,M100,509911.31,469,3.69
ORD-53219,2024-02-07,V03,M400,701612.3,426,3.4
ORD-53220,2023-07-11,V05,M101,547517.12,462,3.57
ORD-53221,2024-09-16,V01,M201,669980.99,40,4.12
ORD-53222,2022-09-14,V03,M201,819695.32,330,2.88
ORD-53223,2024-09-07,V01,M101,380593.69,322,2.96
ORD-53224,2023-01-16,V04,M201,850181.99,60,3.39
ORD-53225,2022-12-08,V01,M101,171286.94,493,3.22
ORD-53226,2023-09-30,V04,M100,278177.19,485,3.98
ORD-53227,2024-05-11,V02,M101,52912.16,11,3.58
ORD-53228,2024-08-31,V02,M300,370782.54,120,0.98
ORD-53229,2024-04-05,V06,M300,386110.45,385,4.21
ORD-53230,2022-11-17,V06,M200,2018044.725,410,3.23
ORD-53231,2022-05-08,V05,M201,656599.36,42,1.01
ORD-53232,2023-12-19,V03,M400,442355.33,190,3.59
ORD-53233,2024-08-13,V05,M201,655592.84,123,1.93
ORD-53234,2024-12-04,V04,M101,62255.52,189,3.72
ORD-53235,2023-12-07,V05,M400,188468.82,252,4.32
ORD-53236,2023-06-18,V01,M400,630678.38,461,1.52
ORD-53237,2024-11-21,V04,M201,644953.15,92,3.93
ORD-53238,2024-05-08,V06,M400,776393.31,484,3.59
ORD-53239,2023-10-05,V02,M400,408969.76,213,3.18
ORD-53240,2024-02-01,V06,M300,725328.56,318,2.04
ORD-53241,2022-09-15,V03,M100,687140.53,202,0.94
ORD-53242,2023-05-26,V04,M101,963759.44,268,2.44
ORD-53243,2023-03-10,V04,M201,222978.92,494,0.92
ORD-53244,2024-02-17,V01,M300,556162.77,155,2.5
ORD-53245,2023-06-04,V03,M200,1514367.0,195,3.78
ORD-53246,2022-03-01,V02,M400,998661.41,28,4.49
ORD-53247,2024-04-14,V04,M400,209172.3,194,1.29
ORD-53248,2023-10-07,V04,M201,527985.84,412,1.33
ORD-53249,2024-12-19,V01,M100,352723.45,499,3.74
ORD-53250,2024-12-12,V05,M100,530634.04,223,2.38
ORD-53251,2023-08-26,V02,M201,239807.32,107,4.16
ORD-53252,2023-06-11,V06,M201,57136.25,149,3.58
ORD-53253,2024-12-11,V03,M300,576839.8,135,3.45
ORD-53254,2023-02-14,V04,M201,342495.77,498,0.91
ORD-53255,2022-02-22,V04,M200,475304.975,95,0.64
ORD-53256,2024-03-10,V06,M300,330696.21,270,1.77
ORD-53257,2023-12-24,V02,M400,58787.4,423,1.37
ORD-53258,2022-01-06,V05,M400,950937.81,374,3.35
ORD-53259,2023-04-26,V04,M400,585336.44,126,2.3
ORD-53260,2022-05-02,V02,M400,816620.99,359,2.59
ORD-53261,2023-06-26,V06,M101,428887.02,329,3.75
ORD-53262,2024-11-28,V01,M200,2260703.8,471,2.41
ORD-53263,2024-10-23,V05,M300,488485.04,318,2.68
ORD-53264,2023-08-20,V03,M300,578205.87,12,3.87
ORD-53265,2022-05-27,V04,M400,496876.04,477,2.23
ORD-53266,2024-03-06,V02,M100,735945.51,294,0.83
ORD-53267,2024-01-22,V01,M300,570989.52,442,2.59
ORD-53268,2023-12-05,V03,M200,697207.325,440,2.82
ORD-53269,2024-01-18,V02,M201,154084.14,295,2.55
ORD-53270,2022-02-04,V02,M200,1525157.85,342,1.53
ORD-53271,2024-12-27,V03,M400,494288.16,4,1.39
ORD-53272,2022-11-24,V01,M400,105015.94,304,1.98
ORD-53273,2023-05-30,V06,M101,401661.29,391,1.16
ORD-53274,2024-03-28,V01,M300,519628.66,316,3.16
ORD-53275,2024-05-14,V05,M300,828624.3,168,2.96
ORD-53276,2022-11-12,V04,M300,85340.05,8,3.03
ORD-53277,2022-11-17,V03,M400,355010.39,124,1.4
ORD-53278,2024-12-09,V06,M300,824429.56,372,1.49
ORD-53279,2024-01-10,V03,M100,651939.69,314,3.65
ORD-53280,2024-02-23,V03,M100,297058.74,185,3.26
ORD-53281,2023-07-14,V01,M201,846881.77,35,4.0
ORD-53282,2022-06-12,V04,M300,498360.64,73,2.11
ORD-53283,2022-02-03,V05,M101,503368.37,371,2.69
ORD-53284,2022-03-21,V02,M201,976821.47,13,3.46
ORD-53285,2022-02-11,V02,M400,947645.34,39,4.4
ORD-53286,2022-12-05,V03,M300,364947.36,84,4.46
ORD-53287,2024-10-16,V04,M100,149173.34,21,4.5
ORD-53288,2024-01-27,V06,M101,332410.06,253,4.06
ORD-53289,2023-05-17,V01,M201,40178.43,303,3.06
ORD-53290,2022-09-16,V04,M101,30560.21,467,0.53
ORD-53291,2023-12-27,V04,M300,401566.91,258,3.3
ORD-53292,2024-07-17,V01,M200,2354024.05,300,1.45
ORD-53293,2024-06-01,V03,M101,872643.77,488,0.73
ORD-53294,2023-01-09,V04,M101,516328.41,30,3.29
ORD-53295,2023-01-08,V02,M400,569574.12,471,3.52
ORD-53296,2023-05-13,V01,M100,15874.16,128,3.14
ORD-53297,2024-12-31,V06,M300,223346.14,311,1.96
ORD-53298,2022-10-24,V05,M101,34526.39,40,2.54
ORD-53299,2023-10-17,V03,M300,756994.14,461,4.24
ORD-53300,2023-09-27,V01,M100,154189.34,97,3.42
ORD-53301,2022-01-20,V05,M400,870356.63,224,2.52
ORD-53302,2023-06-19,V05,M300,646891.07,92,2.87
ORD-53303,2024-09-11,V06,M100,237124.49,280,4.21
ORD-53304,2023-07-29,V04,M100,166143.11,170,2.08
ORD-53305,2023-12-18,V06,M201,631348.45,284,0.91
ORD-53306,2023-06-21,V04,M400,901828.61,222,1.8
ORD-53307,2023-08-28,V04,M400,721176.62,117,2.16
ORD-53308,2023-12-28,V01,M300,355061.19,248,1.59
ORD-53309,2022-10-19,V01,M200,1478774.4,361,2.62
ORD-53310,2022-08-09,V03,M201,317654.08,349,1.72
ORD-53311,2022-09-19,V04,M400,999158.07,354,0.91
ORD-53312,2023-02-15,V05,M100,751350.8,435,1.25
ORD-53313,2022-11-22,V02,M400,618237.82,406,4.17
ORD-53314,2022-09-03,V03,M200,1072566.375,89,3.02
ORD-53315,2024-05-25,V01,M101,621970.77,78,1.76
ORD-53316,2023-06-19,V06,M101,348199.9,458,1.97
ORD-53317,2022-05-19,V03,M400,38576.19,74,2.47
ORD-53318,2023-02-20,V03,M400,401137.64,392,3.19
ORD-53319,2023-12-03,V03,M201,931176.01,14,2.83
ORD-53320,2023-12-21,V03,M400,630038.08,45,4.23
ORD-53321,2024-10-31,V02,M200,232790.375,38,3.0
ORD-53322,2022-01-27,V06,M400,886143.68,416,4.14
ORD-53323,2023-01-17,V06,M300,276186.1,245,0.52
ORD-53324,2024-07-06,V06,M200,628329.5,62,4.06
ORD-53325,2022-06-06,V04,M201,304120.06,493,3.39
ORD-53326,2024-06-17,V05,M300,581430.21,96,1.19
ORD-53327,2022-12-16,V06,M300,549241.21,323,1.55
ORD-53328,2023-11-18,V03,M101,496499.62,252,2.67
ORD-53329,2024-03-26,V03,M200,1800903.725,468,1.0
ORD-53330,2024-09-05,V06,M300,323372.35,61,3.64
ORD-53331,2022-12-30,V06,M201,784243.88,269,3.66
ORD-53332,2022-05-27,V03,M101,183568.46,119,1.7
ORD-53333,2024-06-10,V04,M300,784794.58,87,0.78
ORD-53334,2022-04-15,V01,M200,1667930.0,83,4.46
ORD-53335,2023-06-03,V01,M101,686376.23,80,1.5
ORD-53336,2024-01-31,V06,M200,1216844.65,228,0.77
ORD-53337,2023-09-28,V02,M200,1675828.8,483,1.82
ORD-53338,2024-04-10,V06,M200,222497.7,303,4.38
ORD-53339,2022-04-20,V06,M101,853035.61,111,3.67
ORD-53340,2024-02-12,V01,M300,64991.76,370,2.42
ORD-53341,2022-07-17,V03,M400,157254.09,310,1.72
ORD-53342,2022-07-24,V06,M100,581021.81,71,2.19
ORD-53343,2024-12-12,V03,M300,742017.34,436,0.57
ORD-53344,2022-07-03,V03,M101,85489.05,485,3.37
ORD-53345,2023-11-09,V02,M100,921557.17,328,0.9
ORD-53346,2022-10-02,V03,M100,973871.57,25,2.58
ORD-53347,2023-01-17,V01,M100,609890.67,279,2.76
ORD-53348,2022-06-08,V04,M400,486431.02,202,0.51
ORD-53349,2024-07-26,V04,M201,743981.02,414,4.42
ORD-53350,2024-11-11,V05,M101,335073.78,225,1.71
ORD-53351,2024-12-02,V06,M400,498331.79,267,0.81
ORD-53352,2023-05-24,V01,M400,916989.52,419,3.92
ORD-53353,2022-08-25,V03,M201,956098.87,283,1.11
ORD-53354,2024-04-29,V04,M100,927798.42,117,0.6
ORD-53355,2024-09-04,V01,M201,269823.59,67,2.48
ORD-53356,2023-02-27,V04,M201,240144.35,47,1.02
ORD-53357,2023-01-09,V03,M400,304687.86,241,4.43
ORD-53358,2022-01-06,V04,M101,446898.0,178,0.54
ORD-53359,2023-06-26,V06,M200,802564.35,8,0.7
ORD-53360,2022-10-19,V06,M201,380470.67,183,3.83
ORD-53361,2024-02-06,V05,M201,624430.58,77,1.46
ORD-53362,2022-06-15,V05,M100,764900.42,426,4.15
ORD-53363,2022-11-06,V04,M100,738202.62,67,1.74
ORD-53364,2024-10-05,V01,M400,816279.33,148,0.78
ORD-53365,2022-01-01,V06,M100,41862.56,494,0.54
ORD-53366,2024-07-29,V01,M300,57256.45,173,1.63
ORD-53367,2024-07-29,V01,M201,791489.13,35,2.39
ORD-53368,2023-05-15,V04,M100,537748.03,77,0.5
ORD-53369,2022-12-13,V01,M101,582359.27,404,2.82
ORD-53370,2024-07-14,V06,M300,62060.99,280,1.83
ORD-53371,2023-01-28,V03,M400,262760.66,185,2.06
ORD-53372,2022-11-21,V05,M200,1604926.9,55,1.55
ORD-53373,2023-03-10,V03,M201,860590.07,393,2.62
ORD-53374,2023-07-08,V01,M201,917813.56,94,1.42
ORD-53375,2023-02-06,V03,M101,505415.3,473,1.04
ORD-53376,2022-05-02,V06,M200,1375048.725,144,4.06
ORD-53377,2023-05-10,V06,M200,2086797.825,247,2.06
ORD-53378,2023-08-27,V01,M400,542248.35,439,0.81
ORD-53379,2023-05-11,V04,M400,521689.94,200,1.42
ORD-53380,2024-06-12,V03,M300,906033.2,236,1.74
ORD-53381,2024-08-06,V04,M201,792033.39,314,3.58
ORD-53382,2024-10-13,V04,M100,909981.8,320,0.59
ORD-53383,2024-12-26,V02,M400,226064.58,220,2.41
ORD-53384,2024-05-20,V01,M101,529131.73,332,2.13
ORD-53385,2024-10-18,V05,M101,844047.41,371,4.37
ORD-53386,2023-11-02,V06,M101,120036.35,216,1.22
ORD-53387,2024-09-26,V06,M400,796715.53,49,3.01
ORD-53388,2022-01-10,V01,M400,191143.65,285,1.31
ORD-53389,2024-04-08,V05,M101,810037.57,463,2.69
ORD-53390,2024-12-14,V06,M400,615880.93,118,2.72
ORD-53391,2023-12-21,V01,M100,201303.63,82,0.8
ORD-53392,2023-09-12,V06,M100,478620.64,263,2.33
ORD-53393,2024-11-10,V04,M300,685086.11,77,2.34
ORD-53394,2022-10-06,V03,M201,637514.37,211,1.78
ORD-53395,2023-05-24,V03,M100,432974.72,496,1.61
ORD-53396,2024-08-05,V06,M300,900372.86,491,1.4
ORD-53397,2024-12-20,V02,M200,1310176.9500000002,122,0.52
ORD-53398,2022-09-01,V05,M201,510808.63,325,0.51
ORD-53399,2022-10-20,V05,M100,71628.08,90,2.86
ORD-53400,2023-12-17,V05,M200,2307247.9749999996,258,1.67
ORD-53401,2024-01-18,V04,M300,185345.4,161,1.17
ORD-53402,2022-06-24,V05,M100,533061.25,176,3.24
ORD-53403,2022-08-22,V03,M100,805531.93,293,2.62
ORD-53404,2023-06-13,V04,M400,223298.74,89,4.16
ORD-53405,2024-01-06,V01,M200,1330248.9000000001,127,3.82
ORD-53406,2023-10-18,V05,M100,248278.06,473,3.41
ORD-53407,2023-10-23,V05,M101,762098.05,359,1.01
ORD-53408,2022-09-09,V01,M400,568697.76,286,3.16
ORD-53409,2023-12-27,V05,M400,857416.1,297,3.28
ORD-53410,2024-03-31,V01,M100,895612.42,260,3.55
ORD-53411,2024-09-06,V04,M400,652246.15,339,1.55
ORD-53412,2024-10-12,V03,M201,728137.33,475,3.06
ORD-53413,2023-03-23,V01,M200,1384319.75,244,2.97
ORD-53414,2024-12-16,V02,M201,390584.45,111,2.04
ORD-53415,2024-09-24,V01,M300,651636.74,423,3.15
ORD-53416,2024-02-23,V05,M201,909205.74,24,0.85
ORD-53417,2022-04-27,V04,M101,422513.58,50,3.07
ORD-53418,2022-12-03,V06,M400,321265.93,37,2.92
ORD-53419,2023-09-16,V04,M400,394552.57,181,1.34
ORD-53420,2022-01-16,V06,M101,441043.65,253,3.77
ORD-53421,2022-06-06,V01,M400,82825.42,25,4.0
ORD-53422,2022-06-19,V03,M201,503457.42,349,1.34
ORD-53423,2023-12-28,V02,M300,499371.11,125,0.8
ORD-53424,2022-11-29,V04,M100,592559.39,31,2.91
ORD-53425,2024-09-13,V05,M101,369191.83,237,2.42
ORD-53426,2024-06-27,V06,M201,616976.52,227,2.21
ORD-53427,2022-02-11,V05,M201,879434.15,348,3.54
ORD-53428,2023-11-05,V03,M201,955916.28,38,4.38
ORD-53429,2023-09-12,V06,M100,587776.09,383,2.41
ORD-53430,2023-03-31,V04,M200,130412.6,58,0.52
ORD-53431,2024-01-20,V01,M400,969543.64,236,2.89
ORD-53432,2023-08-26,V05,M400,708803.44,181,3.12
ORD-53433,2022-11-03,V03,M300,342604.01,114,3.81
ORD-53434,2022-08-30,V04,M200,389215.3,306,1.3
ORD-53435,2024-02-24,V04,M400,151984.43,132,2.6
ORD-53436,2024-05-27,V04,M300,176066.96,348,2.29
ORD-53437,2023-12-16,V04,M300,55116.8,180,3.16
ORD-53438,2022-10-08,V06,M201,903132.65,415,0.76
ORD-53439,2024-11-18,V04,M101,545360.55,471,4.04
ORD-53440,2022-11-10,V05,M201,702959.82,78,2.54
ORD-53441,2024-07-04,V03,M100,829827.42,220,4.01
ORD-53442,2024-03-13,V06,M400,793625.6,142,1.86
ORD-53443,2023-06-04,V04,M300,883779.57,385,3.11
ORD-53444,2023-08-03,V02,M101,967582.08,43,4.33
ORD-53445,2022-02-12,V02,M400,444679.91,480,4.27
ORD-53446,2024-08-19,V03,M300,950832.11,118,4.28
ORD-53447,2024-03-10,V01,M300,726057.05,59,0.67
ORD-53448,2022-11-06,V01,M201,79961.51,61,2.11
ORD-53449,2024-07-19,V06,M101,684965.29,41,0.74
ORD-53450,2024-01-19,V06,M101,689849.49,274,1.74
ORD-53451,2022-12-18,V06,M400,906801.96,188,1.2
ORD-53452,2022-08-21,V01,M300,379202.81,453,2.98
ORD-53453,2023-05-08,V02,M101,589062.39,490,3.62
ORD-53454,2024-06-12,V01,M101,22065.68,335,2.55
ORD-53455,2024-01-25,V05,M400,338754.49,187,3.68
ORD-53456,2024-05-30,V04,M201,71621.29,426,0.55
ORD-53457,2024-11-12,V06,M200,1316635.6,464,3.78
ORD-53458,2022-03-03,V02,M100,819273.17,228,1.21
ORD-53459,2022-10-13,V03,M200,535945.6749999999,164,2.34
ORD-53460,2024-04-08,V03,M101,532166.64,424,2.27
ORD-53461,2022-02-22,V04,M300,211968.55,286,3.99
ORD-53462,2022-12-13,V02,M100,129481.58,102,4.36
ORD-53463,2023-05-13,V01,M100,515886.82,471,1.52
ORD-53464,2024-08-10,V01,M300,88357.13,267,0.77
ORD-53465,2023-12-15,V05,M100,591481.08,124,3.1
ORD-53466,2022-03-05,V05,M300,41024.09,153,2.51
ORD-53467,2022-06-06,V01,M100,115647.82,429,2.76
ORD-53468,2023-07-06,V03,M400,554497.51,179,0.69
ORD-53469,2023-01-02,V06,M400,595493.34,427,3.6
ORD-53470,2024-01-15,V03,M200,96742.65,66,1.43
ORD-53471,2024-12-02,V05,M100,577643.02,99,1.84
ORD-53472,2023-05-10,V04,M201,840117.5,431,1.41
ORD-53473,2024-05-25,V01,M300,725093.02,24,4.28
ORD-53474,2023-11-17,V05,M100,139873.25,333,1.17
ORD-53475,2023-08-09,V05,M400,596549.9,249,3.43
ORD-53476,2023-09-23,V06,M400,675529.98,490,1.48
ORD-53477,2022-09-30,V01,M300,46858.89,165,2.2
ORD-53478,2024-04-30,V06,M201,856794.19,384,4.48
ORD-53479,2023-05-10,V01,M100,907204.72,440,0.9
ORD-53480,2024-10-23,V06,M100,851947.75,94,4.03
ORD-53481,2023-12-03,V03,M201,826385.15,459,4.28
ORD-53482,2022-01-09,V04,M201,747515.55,343,3.29
ORD-53483,2024-10-05,V04,M201,637097.71,124,0.54
ORD-53484,2023-07-29,V01,M400,681840.73,302,3.78
ORD-53485,2022-04-03,V02,M300,808331.34,156,4.03
ORD-53486,2023-12-09,V05,M201,665873.47,349,4.42
ORD-53487,2022-03-03,V05,M300,334449.69,249,3.86
ORD-53488,2022-03-16,V01,M200,955503.725,436,2.28
ORD-53489,2022-12-09,V06,M100,898086.89,271,3.25
ORD-53490,2024-08-11,V02,M100,26950.86,429,2.44
ORD-53491,2023-02-14,V03,M101,701832.38,58,1.91
ORD-53492,2024-12-03,V06,M200,2388074.45,195,3.01
ORD-53493,2023-08-11,V06,M201,709165.89,201,3.58
ORD-53494,2022-10-12,V01,M201,993972.87,72,3.04
ORD-53495,2024-04-09,V01,M400,690669.46,495,3.81
ORD-53496,2024-01-20,V05,M200,110048.5,247,1.21
ORD-53497,2024-10-03,V01,M201,828739.78,481,1.99
ORD-53498,2024-05-31,V01,M101,291783.61,98,1.75
ORD-53499,2022-07-29,V01,M300,451596.65,329,1.28
ORD-53500,2024-09-01,V05,M100,318971.0,81,2.27
ORD-53501,2023-11-03,V03,M200,689671.425,425,4.29
ORD-53502,2023-10-28,V03,M100,437091.65,65,2.65
ORD-53503,2024-03-30,V01,M300,384963.93,424,1.65
ORD-53504,2022-11-25,V05,M200,1592513.0,5,1.92
ORD-53505,2022-07-13,V03,M300,815019.69,478,2.95
ORD-53506,2024-09-10,V06,M201,304117.77,459,1.91
ORD-53507,2023-09-08,V03,M201,221583.94,284,2.65
ORD-53508,2024-01-03,V03,M201,670226.32,294,1.6
ORD-53509,2022-08-24,V05,M300,673616.87,81,1.88
ORD-53510,2024-12-13,V06,M300,902119.93,498,3.32
ORD-53511,2024-10-06,V05,M300,25786.23,87,2.84
ORD-53512,2024-11-20,V01,M100,854510.26,402,0.87
ORD-53513,2024-02-23,V04,M300,525792.15,293,4.39
ORD-53514,2022-04-03,V03,M201,625089.07,411,0.7
ORD-53515,2022-06-25,V04,M101,100457.73,281,0.83
ORD-53516,2023-04-16,V05,M300,438288.78,197,3.31
ORD-53517,2024-01-28,V05,M101,235029.38,252,3.33
ORD-53518,2023-11-06,V05,M201,261682.78,83,0.58
ORD-53519,2022-12-22,V04,M300,509054.16,27,3.07
ORD-53520,2022-11-02,V05,M100,814331.39,333,0.63
ORD-53521,2023-12-24,V01,M100,746343.12,182,4.34
ORD-53522,2023-02-20,V05,M101,595089.96,135,3.28
ORD-53523,2023-12-01,V02,M400,544024.01,90,1.25
ORD-53524,2024-04-11,V04,M100,433032.98,206,1.13
ORD-53525,2023-10-05,V02,M100,972982.87,27,2.78
ORD-53526,2024-03-23,V05,M100,564590.63,378,3.03
ORD-53527,2024-05-23,V01,M201,261426.73,59,3.82
ORD-53528,2023-01-23,V03,M100,237789.88,72,4.11
ORD-53529,2024-03-04,V06,M200,1538098.75,415,2.07
ORD-53530,2023-05-03,V06,M300,527599.25,227,3.88
ORD-53531,2024-06-02,V05,M100,17620.82,91,2.67
ORD-53532,2022-07-29,V01,M400,831764.72,68,2.38
ORD-53533,2024-06-19,V04,M400,707081.13,362,3.3
ORD-53534,2024-06-16,V02,M100,665211.0,260,0.91
ORD-53535,2022-08-31,V02,M100,78092.85,146,1.56
ORD-53536,2024-08-21,V02,M200,921088.225,63,3.77
ORD-53537,2024-10-08,V04,M100,936028.44,343,2.52
ORD-53538,2024-05-24,V06,M100,863963.35,480,4.13
ORD-53539,2023-01-15,V01,M300,292687.51,460,0.85
ORD-53540,2024-03-01,V04,M400,165488.3,180,1.75
ORD-53541,2024-09-02,V02,M200,1136492.7,468,1.92
ORD-53542,2022-06-21,V05,M400,362272.07,111,2.19
ORD-53543,2024-11-06,V03,M200,1713510.275,191,4.45
ORD-53544,2023-08-02,V04,M400,966770.46,429,1.74
ORD-53545,2024-12-09,V04,M100,369371.44,396,2.57
ORD-53546,2024-11-13,V01,M400,71601.93,392,2.64
ORD-53547,2022-10-11,V01,M400,898637.87,246,3.58
ORD-53548,2022-10-20,V04,M200,118925.57500000001,278,2.57
ORD-53549,2022-12-20,V02,M101,953238.24,347,2.92
ORD-53550,2024-10-13,V03,M200,1669834.075,425,3.51
ORD-53551,2024-11-04,V01,M200,2355680.8,372,0.9
ORD-53552,2022-06-05,V02,M200,519157.725,297,4.35
ORD-53553,2022-11-21,V05,M201,50292.8,337,3.89
ORD-53554,2023-06-23,V01,M201,493327.88,123,2.06
ORD-53555,2023-07-26,V02,M201,456117.18,57,3.41
ORD-53556,2023-02-12,V02,M200,845443.375,160,3.55
ORD-53557,2022-12-08,V03,M101,958079.91,127,3.9
ORD-53558,2023-06-27,V03,M200,2060894.725,225,1.25
ORD-53559,2023-01-22,V05,M100,664966.2,95,3.31
ORD-53560,2023-09-23,V02,M101,171229.71,311,0.63
ORD-53561,2023-07-28,V06,M201,736980.17,6,0.96
ORD-53562,2024-04-04,V02,M400,729742.33,423,3.6
ORD-53563,2023-04-21,V03,M400,430817.49,265,3.75
ORD-53564,2024-06-11,V06,M300,925538.05,234,2.87
ORD-53565,2024-04-30,V01,M101,175308.1,288,2.83
ORD-53566,2024-02-21,V01,M201,274664.19,420,3.5
ORD-53567,2022-04-24,V04,M101,72592.1,384,4.12
ORD-53568,2022-06-23,V03,M101,797496.45,16,2.18
ORD-53569,2024-07-01,V04,M400,625541.79,140,0.96
ORD-53570,2023-05-26,V06,M200,804477.25,297,3.86
ORD-53571,2022-03-23,V03,M100,172175.53,195,1.87
ORD-53572,2023-01-18,V05,M300,49746.29,186,1.04
ORD-53573,2022-02-24,V02,M201,175078.11,475,2.96
ORD-53574,2022-11-07,V05,M101,458751.8,475,2.81
ORD-53575,2023-11-19,V06,M300,254705.2,393,2.4
ORD-53576,2022-08-04,V03,M101,266392.36,125,3.94
ORD-53577,2022-07-15,V06,M400,876820.6,17,1.59
ORD-53578,2024-12-10,V02,M100,519986.3,366,0.55
ORD-53579,2023-03-08,V01,M400,731959.45,389,1.79
ORD-53580,2023-04-12,V01,M300,45353.84,26,0.54
ORD-53581,2023-05-13,V06,M201,371511.72,213,2.67
ORD-53582,2023-08-17,V04,M101,484377.65,385,2.01
ORD-53583,2024-11-10,V03,M100,194552.69,1,3.76
ORD-53584,2022-10-04,V03,M400,128989.63,291,3.69
ORD-53585,2022-10-03,V01,M300,871600.74,265,2.24
ORD-53586,2024-10-09,V05,M400,940037.31,343,1.37
ORD-53587,2023-02-28,V02,M101,88018.63,38,2.19
ORD-53588,2023-09-21,V05,M101,355528.53,233,3.07
ORD-53589,2023-04-12,V05,M201,958702.77,260,1.26
ORD-53590,2023-09-21,V06,M100,92330.12,308,3.59
ORD-53591,2023-11-30,V01,M200,1618012.4,403,1.82
ORD-53592,2024-03-08,V01,M400,972499.16,485,4.23
ORD-53593,2022-03-08,V01,M101,978441.43,261,2.55
ORD-53594,2023-02-03,V06,M300,476511.1,476,3.89
ORD-53595,2022-09-16,V04,M400,171121.62,238,2.96
ORD-53596,2023-03-08,V05,M201,210063.47,106,2.72
ORD-53597,2022-09-19,V06,M201,890705.38,247,3.23
ORD-53598,2023-08-24,V03,M101,912566.17,304,3.75
ORD-53599,2022-02-09,V02,M101,611800.85,343,3.08
ORD-53600,2023-03-21,V04,M101,768514.64,447,3.69
ORD-53601,2024-01-24,V03,M200,1856329.8499999999,38,1.26
ORD-53602,2024-11-13,V05,M101,665203.38,308,1.61
ORD-53603,2023-01-05,V01,M400,829004.19,343,1.42
ORD-53604,2024-07-08,V05,M400,688552.56,46,3.69
ORD-53605,2023-06-03,V06,M100,538662.28,210,0.84
ORD-53606,2023-02-01,V02,M300,244586.8,93,3.68
ORD-53607,2024-02-17,V06,M101,746449.26,220,2.06
ORD-53608,2022-01-05,V04,M400,478703.49,256,0.82
ORD-53609,2023-03-24,V04,M400,301843.77,137,2.2
ORD-53610,2022-11-30,V02,M400,803926.81,231,1.7
ORD-53611,2024-12-18,V03,M200,1749366.15,306,2.87
ORD-53612,2023-11-05,V03,M300,937966.17,202,2.39
ORD-53613,2024-07-14,V04,M201,173787.22,66,1.69
ORD-53614,2023-01-28,V04,M400,652697.39,461,3.95
ORD-53615,2024-11-03,V01,M101,251797.07,38,2.13
ORD-53616,2023-09-14,V03,M400,904547.16,155,2.38
ORD-53617,2023-11-20,V02,M300,108504.42,105,3.89
ORD-53618,2024-02-23,V03,M201,659600.19,255,0.86
ORD-53619,2023-07-19,V01,M200,1982937.15,404,2.06
ORD-53620,2022-10-27,V06,M100,361368.66,488,2.11
ORD-53621,2022-08-02,V04,M101,954596.7,446,2.48
ORD-53622,2024-07-21,V04,M100,852223.38,458,0.92
ORD-53623,2022-10-23,V01,M200,754180.3,16,0.91
ORD-53624,2024-12-21,V02,M300,17465.68,79,2.17
ORD-53625,2022-08-24,V04,M300,303690.6,13,0.63
ORD-53626,2024-08-19,V05,M200,721243.425,370,1.52
ORD-53627,2023-01-20,V04,M400,891064.96,102,1.3
ORD-53628,2024-10-23,V05,M200,2418624.925,404,2.46
ORD-53629,2024-10-08,V01,M101,79735.59,152,0.54
ORD-53630,2024-05-13,V01,M201,476581.88,489,3.2
ORD-53631,2024-09-04,V04,M100,552848.68,178,3.92
ORD-53632,2024-07-30,V03,M100,101982.54,391,3.33
ORD-53633,2024-05-21,V05,M300,383722.73,87,3.77
ORD-53634,2022-02-25,V02,M400,323911.59,88,3.07
ORD-53635,2022-08-18,V04,M300,540695.79,29,2.53
ORD-53636,2024-11-14,V02,M101,664578.99,389,1.38
ORD-53637,2022-07-28,V04,M200,1766125.65,363,1.62
ORD-53638,2024-08-19,V03,M100,145387.47,493,1.77
ORD-53639,2024-08-24,V03,M101,814818.22,419,0.65
ORD-53640,2024-05-24,V03,M300,681756.61,321,4.15
ORD-53641,2023-11-23,V06,M300,890184.17,100,4.1
ORD-53642,2022-08-10,V03,M100,454842.7,115,0.93
ORD-53643,2024-06-25,V01,M300,894950.87,210,2.73
ORD-53644,2023-02-05,V01,M400,867116.38,454,2.37
ORD-53645,2023-03-01,V06,M300,444025.24,343,3.23
ORD-53646,2023-12-26,V05,M201,387331.88,74,2.91
ORD-53647,2022-11-08,V02,M200,2333709.725,135,1.0
ORD-53648,2022-02-28,V04,M300,718013.09,428,3.14
ORD-53649,2023-11-05,V04,M201,928962.89,456,2.94
ORD-53650,2024-01-13,V06,M101,799005.03,269,2.62
ORD-53651,2022-12-30,V01,M300,613204.46,350,2.11
ORD-53652,2023-04-15,V04,M400,124694.25,466,4.32
ORD-53653,2024-08-11,V01,M101,298565.87,78,3.9
ORD-53654,2023-03-06,V05,M300,969153.98,459,2.84
ORD-53655,2023-07-29,V02,M100,326227.88,380,0.53
ORD-53656,2023-12-29,V05,M201,102322.32,490,2.23
ORD-53657,2022-09-26,V06,M201,710477.82,125,3.3
ORD-53658,2024-05-30,V03,M100,736664.21,38,0.97
ORD-53659,2023-05-03,V03,M200,731507.8500000001,269,2.13
ORD-53660,2024-08-16,V03,M400,304695.26,310,1.27
ORD-53661,2024-05-04,V05,M201,474204.06,106,1.85
ORD-53662,2024-01-15,V04,M101,31571.06,44,0.61
ORD-53663,2024-12-24,V02,M400,791429.78,225,1.01
ORD-53664,2022-11-05,V03,M201,323917.9,242,2.32
ORD-53665,2024-09-16,V06,M200,2138063.675,397,4.09
ORD-53666,2023-04-04,V06,M101,804604.12,153,2.46
ORD-53667,2022-09-01,V03,M400,664788.01,24,2.31
ORD-53668,2024-04-07,V03,M101,331626.12,124,3.65
ORD-53669,2022-07-05,V02,M100,521153.4,285,1.57
ORD-53670,2024-07-18,V03,M300,450380.97,484,0.88
ORD-53671,2024-08-24,V02,M100,345493.07,454,1.34
ORD-53672,2022-04-25,V06,M400,849654.93,402,3.67
ORD-53673,2024-05-28,V03,M300,488672.0,348,3.21
ORD-53674,2024-12-16,V05,M100,834395.87,261,0.87
ORD-53675,2024-07-30,V05,M300,114166.29,146,3.17
ORD-53676,2023-10-09,V06,M201,149614.54,191,4.23
ORD-53677,2024-02-18,V02,M101,977547.1,381,0.68
ORD-53678,2023-02-12,V05,M300,591890.78,165,2.97
ORD-53679,2024-08-30,V02,M201,514671.98,71,2.02
ORD-53680,2022-01-13,V05,M200,1319811.25,439,2.5
ORD-53681,2023-10-04,V05,M100,223116.09,201,2.61
ORD-53682,2024-09-03,V02,M200,1803792.2750000001,355,3.58
ORD-53683,2024-12-25,V04,M400,93932.82,12,2.73
ORD-53684,2024-07-11,V05,M201,577590.48,52,2.87
ORD-53685,2024-11-20,V03,M200,1437652.775,441,1.83
ORD-53686,2024-07-18,V06,M200,2287616.35,256,1.0
ORD-53687,2022-09-27,V04,M201,530920.98,302,3.23
ORD-53688,2023-07-03,V02,M101,145692.07,360,0.5
ORD-53689,2022-02-26,V04,M300,577025.73,300,1.81
ORD-53690,2022-07-01,V01,M400,100414.37,487,1.37
ORD-53691,2023-02-01,V01,M400,211755.9,408,2.05
ORD-53692,2023-01-05,V05,M100,40797.5,9,1.75
ORD-53693,2022-06-01,V05,M300,518160.65,140,3.32
ORD-53694,2024-02-20,V03,M100,93687.29,100,1.54
ORD-53695,2024-03-26,V06,M400,474700.43,485,2.74
ORD-53696,2022-01-03,V04,M300,933615.58,137,2.32
ORD-53697,2023-07-18,V01,M200,1806409.5,359,3.7
ORD-53698,2024-02-15,V05,M101,86637.56,366,2.21
ORD-53699,2022-12-22,V06,M200,579919.275,372,3.96
ORD-53700,2024-03-21,V04,M101,676925.8,22,0.5
ORD-53701,2022-01-28,V05,M201,895754.84,145,2.92
ORD-53702,2022-10-23,V05,M100,42589.4,161,0.54
ORD-53703,2022-10-13,V01,M100,814326.62,249,3.36
ORD-53704,2023-02-16,V01,M201,566195.74,175,1.44
ORD-53705,2022-03-14,V05,M300,550630.41,88,2.02
ORD-53706,2022-06-19,V02,M201,958235.05,399,2.02
ORD-53707,2024-12-26,V05,M400,750168.17,477,3.89
ORD-53708,2022-12-31,V06,M201,851617.68,480,0.91
ORD-53709,2022-09-22,V05,M101,360455.61,33,3.17
ORD-53710,2023-05-13,V03,M400,558820.4,477,4.43
ORD-53711,2023-06-14,V03,M201,619251.62,271,0.59
ORD-53712,2024-09-02,V03,M100,328368.1,283,4.36
ORD-53713,2022-02-14,V02,M200,1436364.1,226,0.57
ORD-53714,2022-03-09,V02,M101,244288.83,445,3.86
ORD-53715,2023-10-02,V05,M101,151941.91,452,4.34
ORD-53716,2022-03-08,V03,M300,380230.56,497,4.47
ORD-53717,2022-09-15,V02,M200,1854741.825,112,2.34
ORD-53718,2022-01-07,V01,M101,917025.28,82,3.97
ORD-53719,2022-02-04,V05,M201,463136.91,213,0.99
ORD-53720,2023-07-14,V06,M101,646395.45,304,2.2
ORD-53721,2023-08-07,V04,M101,112006.76,8,1.73
ORD-53722,2024-09-04,V05,M101,905419.12,134,2.08
ORD-53723,2023-11-16,V04,M300,572918.17,447,3.31
ORD-53724,2023-10-04,V03,M101,782534.87,118,0.85
ORD-53725,2023-12-17,V04,M101,796496.79,84,4.49
ORD-53726,2022-04-07,V03,M300,263915.72,258,3.04
ORD-53727,2024-09-02,V01,M400,533882.71,243,3.99
ORD-53728,2024-08-19,V04,M200,2402187.375,237,3.82
ORD-53729,2022-11-20,V05,M400,98738.2,150,3.56
ORD-53730,2022-04-11,V03,M100,686219.4,374,0.66
ORD-53731,2024-04-05,V05,M300,962641.44,21,2.57
ORD-53732,2023-12-09,V02,M300,307571.34,134,1.81
ORD-53733,2024-05-30,V03,M101,862833.44,379,0.95
ORD-53734,2022-03-15,V04,M101,934320.97,96,1.87
ORD-53735,2024-06-21,V03,M100,749615.35,454,3.08
ORD-53736,2023-05-29,V05,M101,239015.03,13,1.42
ORD-53737,2022-04-17,V01,M201,340660.71,1,2.28
ORD-53738,2023-09-28,V03,M101,45451.2,150,2.12
ORD-53739,2023-09-07,V04,M101,833138.7,117,0.71
ORD-53740,2024-04-20,V02,M201,851115.07,152,3.01
ORD-53741,2022-09-08,V06,M100,636383.21,64,2.98
ORD-53742,2023-08-12,V01,M201,359002.57,425,4.37
ORD-53743,2023-12-12,V02,M300,86042.92,478,1.69
ORD-53744,2022-03-01,V03,M201,755527.03,150,2.18
ORD-53745,2024-02-15,V05,M200,1823152.3250000002,317,2.11
ORD-53746,2023-02-24,V05,M300,913476.5,364,4.18
ORD-53747,2024-03-18,V04,M101,733226.7,12,2.13
ORD-53748,2024-11-05,V05,M300,830407.99,90,2.27
ORD-53749,2024-09-19,V01,M100,748495.07,388,1.51
ORD-53750,2023-01-09,V05,M100,634380.32,83,0.5
ORD-53751,2024-06-07,V04,M201,432696.73,464,0.94
ORD-53752,2022-08-10,V06,M300,903096.14,250,3.32
ORD-53753,2024-05-21,V03,M101,654458.89,384,3.23
ORD-53754,2024-06-26,V03,M100,404371.77,396,1.79
ORD-53755,2022-05-22,V05,M400,92634.6,33,2.39
ORD-53756,2022-01-07,V02,M101,297797.81,149,1.69
ORD-53757,2024-07-13,V03,M400,548289.47,128,3.42
ORD-53758,2023-07-15,V06,M200,707197.55,100,3.87
ORD-53759,2022-06-23,V05,M400,229022.99,457,4.1
ORD-53760,2023-07-10,V04,M100,532119.58,487,1.2
ORD-53761,2024-07-23,V06,M201,178122.14,362,3.28
ORD-53762,2023-02-10,V05,M200,2006014.9,493,4.35
ORD-53763,2024-03-18,V06,M300,489524.47,328,3.1
ORD-53764,2022-07-19,V03,M101,578124.15,212,1.9
ORD-53765,2024-05-31,V04,M100,155909.43,74,3.04
ORD-53766,2024-12-30,V05,M200,828326.425,96,3.25
ORD-53767,2024-02-02,V01,M200,1039971.975,92,2.09
ORD-53768,2023-02-09,V04,M100,810130.7,330,0.92
ORD-53769,2022-11-19,V01,M300,772457.93,328,2.93
ORD-53770,2023-05-19,V06,M300,230747.7,436,3.71
ORD-53771,2023-03-18,V02,M201,620017.29,175,4.49
ORD-53772,2022-06-29,V04,M400,251021.79,225,1.39
ORD-53773,2023-06-24,V06,M300,988364.68,315,3.3
ORD-53774,2023-01-19,V01,M201,952602.64,175,0.61
ORD-53775,2024-06-21,V03,M400,567632.07,56,4.38
ORD-53776,2022-02-14,V03,M200,1754783.875,497,0.55
ORD-53777,2024-06-16,V02,M100,803416.08,269,1.94
ORD-53778,2022-09-29,V04,M300,723788.44,428,0.81
ORD-53779,2023-08-30,V04,M201,702830.4,35,2.98
ORD-53780,2023-05-02,V04,M200,2397421.175,119,1.86
ORD-53781,2023-12-09,V06,M300,600491.55,371,3.43
ORD-53782,2022-08-05,V02,M101,639939.65,413,2.45
ORD-53783,2023-05-26,V04,M200,2126940.1500000004,56,2.18
ORD-53784,2023-12-10,V06,M300,673191.96,389,1.89
ORD-53785,2024-03-09,V03,M200,1839008.25,451,0.84
ORD-53786,2022-02-16,V01,M100,241827.0,309,1.32
ORD-53787,2022-07-29,V06,M100,377554.25,357,3.06
ORD-53788,2023-09-05,V03,M100,155828.33,376,2.49
ORD-53789,2023-03-24,V03,M400,510707.79,316,0.78
ORD-53790,2022-10-16,V01,M101,461170.13,105,2.68
ORD-53791,2024-04-26,V03,M100,997191.19,390,0.72
ORD-53792,2023-03-26,V02,M101,615096.57,176,2.55
ORD-53793,2023-03-07,V01,M100,788580.37,106,4.36
ORD-53794,2024-07-19,V03,M400,340674.52,80,1.73
ORD-53795,2023-11-13,V05,M200,2083074.7,163,3.39
ORD-53796,2023-01-23,V06,M300,618934.12,402,3.48
ORD-53797,2022-07-02,V03,M300,700022.41,267,2.12
ORD-53798,2022-03-10,V02,M100,301486.47,51,2.87
ORD-53799,2022-09-25,V04,M300,553152.01,377,2.39
ORD-53800,2024-08-27,V03,M100,637696.6,279,1.63
ORD-53801,2024-11-03,V04,M100,593203.73,303,3.52
ORD-53802,2023-11-22,V05,M201,916041.77,75,3.31
ORD-53803,2023-11-09,V03,M201,899289.94,443,4.1
ORD-53804,2024-05-06,V01,M201,971274.22,441,2.97
ORD-53805,2022-01-14,V04,M101,670753.73,349,2.05
ORD-53806,2024-10-23,V05,M201,972194.99,127,3.36
ORD-53807,2024-03-21,V01,M100,834153.22,246,2.98
ORD-53808,2022-10-14,V01,M400,278123.82,312,2.97
ORD-53809,2024-07-17,V01,M400,433161.31,234,3.9
ORD-53810,2024-02-22,V01,M200,615021.2999999999,155,4.14
ORD-53811,2024-11-01,V03,M201,14155.19,73,1.22
ORD-53812,2022-02-27,V06,M400,196168.27,419,1.76
ORD-53813,2023-01-18,V03,M201,14019.98,439,3.1
ORD-53814,2023-04-11,V03,M200,1806600.2,137,2.73
ORD-53815,2023-06-16,V05,M400,431278.95,274,3.11
ORD-53816,2023-10-12,V05,M100,319448.98,44,2.23
ORD-53817,2024-04-27,V06,M101,764103.68,247,2.15
ORD-53818,2022-12-23,V05,M201,834161.91,149,0.97
ORD-53819,2022-09-29,V02,M400,975546.54,56,2.99
ORD-53820,2023-07-11,V06,M400,645593.45,176,1.2
ORD-53821,2024-02-19,V05,M200,1167284.175,356,3.18
ORD-53822,2023-04-06,V06,M100,312211.66,257,4.37
ORD-53823,2024-07-25,V03,M300,230095.03,411,1.53
ORD-53824,2024-12-07,V03,M400,220796.69,301,1.07
ORD-53825,2024-08-13,V06,M101,415097.48,63,0.6
ORD-53826,2023-10-20,V02,M200,2479671.225,314,2.02
ORD-53827,2023-12-12,V02,M400,10845.16,424,1.36
ORD-53828,2023-02-11,V06,M400,205233.84,63,2.47
ORD-53829,2024-12-27,V05,M200,491272.625,294,2.6
ORD-53830,2023-04-19,V04,M200,1799870.725,29,1.9
ORD-53831,2024-09-15,V02,M201,358959.88,40,3.5
ORD-53832,2023-06-06,V01,M400,462688.2,147,4.12
ORD-53833,2022-11-28,V03,M300,157137.89,88,1.35
ORD-53834,2022-10-10,V06,M101,410947.07,56,3.85
ORD-53835,2023-12-22,V01,M100,112167.81,300,1.02
ORD-53836,2023-06-17,V06,M100,537712.86,193,1.41
ORD-53837,2024-07-30,V03,M300,106958.98,100,2.75
ORD-53838,2023-12-19,V03,M200,1981508.25,215,1.73
ORD-53839,2023-07-09,V02,M200,1427339.25,141,0.67
ORD-53840,2023-02-06,V02,M200,1816820.5,414,1.68
ORD-53841,2022-05-02,V01,M400,424331.22,49,4.12
ORD-53842,2024-09-14,V06,M200,969190.95,499,1.2
ORD-53843,2023-06-01,V03,M200,268067.0,115,3.56
ORD-53844,2024-12-16,V01,M400,528617.05,229,3.39
ORD-53845,2023-02-17,V04,M400,519357.14,252,0.92
ORD-53846,2024-09-09,V01,M300,473421.02,75,1.82
ORD-53847,2022-07-31,V05,M201,743113.18,191,1.26
ORD-53848,2024-11-21,V01,M400,834179.36,199,0.59
ORD-53849,2023-04-18,V05,M101,753281.78,163,1.19
ORD-53850,2024-01-14,V05,M200,381067.725,139,1.31
ORD-53851,2023-07-23,V05,M201,625838.91,49,1.16
ORD-53852,2023-07-19,V04,M100,89519.87,363,0.86
ORD-53853,2022-09-12,V01,M300,697676.06,367,2.61
ORD-53854,2024-04-30,V01,M201,388020.71,115,1.79
ORD-53855,2023-06-09,V04,M400,141173.97,168,4.13
ORD-53856,2024-09-02,V03,M200,2158575.875,496,1.25
ORD-53857,2023-09-28,V02,M200,1544670.65,277,2.91
ORD-53858,2024-10-19,V01,M200,902944.2999999999,47,4.1
ORD-53859,2022-02-14,V02,M201,40419.91,259,0.69
ORD-53860,2023-08-21,V06,M200,1354842.9000000001,414,2.57
ORD-53861,2022-04-01,V06,M400,923993.62,216,2.3
ORD-53862,2022-11-18,V04,M201,600416.03,230,4.22
ORD-53863,2022-11-21,V06,M200,2429835.25,127,3.16
ORD-53864,2022-11-07,V06,M100,145086.61,323,1.9
ORD-53865,2023-05-15,V03,M100,572622.05,318,3.35
ORD-53866,2023-05-16,V03,M101,800143.8,421,2.83
ORD-53867,2022-11-29,V03,M200,1325713.2999999998,225,1.89
ORD-53868,2022-06-28,V06,M200,250389.225,150,3.64
ORD-53869,2022-02-15,V04,M201,587057.14,287,3.17
ORD-53870,2022-03-02,V05,M201,615620.53,46,0.52
ORD-53871,2024-10-17,V05,M200,1828555.4000000001,460,3.96
ORD-53872,2022-02-19,V02,M101,763599.4,301,2.09
ORD-53873,2023-02-07,V05,M200,1932662.4,14,3.08
ORD-53874,2024-10-27,V05,M400,666809.95,121,2.09
ORD-53875,2024-05-27,V03,M201,223653.07,396,4.03
ORD-53876,2024-07-18,V03,M200,1025483.5,375,3.1
ORD-53877,2023-04-22,V06,M201,778368.67,191,2.82
ORD-53878,2023-08-29,V02,M200,2384731.775,475,4.42
ORD-53879,2024-04-12,V01,M300,88157.5,333,1.62
ORD-53880,2024-03-01,V02,M201,540181.31,344,0.76
ORD-53881,2023-05-28,V02,M101,319397.05,166,2.56
ORD-53882,2022-03-28,V04,M300,233139.96,117,2.2
ORD-53883,2023-11-26,V06,M400,510752.58,431,2.32
ORD-53884,2022-12-31,V04,M200,1525071.125,124,2.98
ORD-53885,2024-12-24,V02,M400,19674.51,54,2.96
ORD-53886,2023-05-12,V02,M201,782404.51,439,2.07
ORD-53887,2023-12-12,V02,M300,821683.31,304,3.95
ORD-53888,2022-01-24,V05,M400,965855.72,457,3.11
ORD-53889,2024-02-21,V04,M101,188837.3,456,4.06
ORD-53890,2024-07-07,V02,M201,598607.04,357,4.15
ORD-53891,2024-05-20,V03,M300,432359.12,271,1.17
ORD-53892,2023-02-07,V06,M400,341479.57,199,3.22
ORD-53893,2023-06-02,V06,M300,569977.12,216,1.77
ORD-53894,2024-11-22,V03,M300,784559.26,113,3.85
ORD-53895,2024-09-28,V06,M400,32822.26,16,3.43
ORD-53896,2023-03-19,V05,M100,969706.11,216,1.29
ORD-53897,2024-08-21,V05,M200,2029456.925,427,4.25
ORD-53898,2023-11-11,V01,M201,753642.17,135,3.23
ORD-53899,2023-08-14,V01,M201,762783.51,43,4.29
ORD-53900,2024-02-15,V01,M201,395170.1,252,1.31
ORD-53901,2022-01-13,V06,M300,754104.35,284,3.98
ORD-53902,2022-04-10,V05,M400,392902.51,322,3.17
ORD-53903,2024-10-20,V05,M200,2249299.4,98,2.71
ORD-53904,2023-02-11,V05,M101,185450.16,60,3.78
ORD-53905,2023-02-27,V03,M201,299423.95,230,3.03
ORD-53906,2022-08-11,V05,M400,555824.17,384,3.18
ORD-53907,2024-02-13,V03,M200,815047.325,131,1.51
ORD-53908,2024-08-03,V01,M200,1074987.175,385,3.77
ORD-53909,2024-04-17,V01,M100,497498.46,159,3.1
ORD-53910,2022-04-25,V06,M400,857789.82,312,3.88
ORD-53911,2022-04-10,V01,M201,527960.33,471,1.91
ORD-53912,2023-11-23,V06,M300,368835.25,84,1.83
ORD-53913,2022-10-30,V02,M200,638147.0,208,0.6
ORD-53914,2024-10-01,V02,M200,1036473.0499999999,174,3.57
ORD-53915,2022-08-11,V04,M101,520578.74,288,1.82
ORD-53916,2022-09-10,V06,M100,748653.71,81,1.81
ORD-53917,2024-08-13,V04,M200,324595.725,18,3.25
ORD-53918,2022-02-06,V04,M200,573482.75,196,1.51
ORD-53919,2023-06-03,V02,M300,385857.48,291,4.14
ORD-53920,2023-05-31,V06,M300,366794.42,360,2.65
ORD-53921,2024-09-07,V02,M101,397830.61,356,4.38
ORD-53922,2024-01-13,V04,M400,795586.05,279,0.81
ORD-53923,2024-10-18,V06,M101,330912.86,463,1.85
ORD-53924,2022-07-07,V04,M101,506879.2,397,2.03
ORD-53925,2022-01-07,V05,M300,627667.96,462,3.42
ORD-53926,2024-11-08,V06,M400,239856.76,254,1.35
ORD-53927,2023-06-15,V06,M300,721508.43,142,2.0
ORD-53928,2024-11-22,V04,M100,551640.21,165,4.14
ORD-53929,2023-04-04,V05,M201,452313.35,5,0.96
ORD-53930,2023-11-01,V03,M201,811686.19,251,3.48
ORD-53931,2023-10-27,V02,M100,251060.31,150,3.31
ORD-53932,2023-05-23,V04,M201,884344.21,28,1.02
ORD-53933,2023-07-10,V06,M400,565438.25,237,3.25
ORD-53934,2024-09-13,V02,M300,613083.13,132,2.78
ORD-53935,2023-10-30,V02,M201,876308.37,306,1.65
ORD-53936,2022-10-27,V02,M400,819406.86,358,1.74
ORD-53937,2024-03-20,V03,M300,605546.45,285,3.83
ORD-53938,2023-02-05,V01,M400,755655.83,293,1.42
ORD-53939,2022-09-08,V04,M100,438986.3,163,2.55
ORD-53940,2022-12-17,V01,M101,551903.98,404,3.22
ORD-53941,2022-01-20,V01,M100,71449.44,419,1.02
ORD-53942,2023-05-10,V01,M201,98959.34,227,4.23
ORD-53943,2023-05-13,V02,M300,831131.15,468,1.54
ORD-53944,2024-07-09,V05,M400,69074.94,130,1.78
ORD-53945,2023-01-14,V02,M201,177705.13,372,3.16
ORD-53946,2024-07-03,V02,M201,797874.33,58,0.81
ORD-53947,2023-03-01,V06,M101,11134.49,146,3.01
ORD-53948,2024-08-22,V06,M201,289580.29,478,4.16
ORD-53949,2023-09-20,V01,M101,588198.27,362,1.5
ORD-53950,2022-12-28,V02,M300,599495.43,312,1.95
ORD-53951,2024-08-20,V01,M300,779381.38,122,1.43
ORD-53952,2024-04-25,V06,M400,510866.99,192,3.78
ORD-53953,2023-11-11,V05,M101,514307.85,245,1.17
ORD-53954,2023-09-01,V04,M100,728057.47,477,1.89
ORD-53955,2023-03-29,V01,M300,503638.22,103,2.9
ORD-53956,2024-09-26,V05,M400,612406.18,379,2.12
ORD-53957,2024-09-05,V04,M100,898796.33,436,0.76
ORD-53958,2024-05-03,V03,M300,407436.5,250,4.29
ORD-53959,2023-03-17,V01,M300,391273.82,22,1.85
ORD-53960,2024-06-10,V01,M400,13513.5,477,2.28
ORD-53961,2022-05-29,V03,M400,617292.0,60,1.17
ORD-53962,2023-06-18,V03,M200,98685.475,238,3.96
ORD-53963,2022-03-19,V01,M201,509107.0,394,1.67
ORD-53964,2024-12-08,V03,M201,806191.45,340,0.58
ORD-53965,2023-05-19,V02,M100,554421.86,384,1.77
ORD-53966,2024-08-09,V04,M201,276939.8,336,4.44
ORD-53967,2022-10-29,V04,M100,788306.74,134,1.09
ORD-53968,2023-12-18,V04,M300,277019.83,337,0.62
ORD-53969,2022-03-31,V02,M200,1839253.65,262,2.81
ORD-53970,2024-11-17,V03,M200,1535389.675,342,1.99
ORD-53971,2022-08-22,V05,M300,178296.33,338,3.68
ORD-53972,2024-03-31,V03,M400,906082.54,480,3.43
ORD-53973,2022-07-23,V01,M101,208637.25,412,1.24
ORD-53974,2024-03-02,V06,M101,989691.2,42,2.76
ORD-53975,2024-02-01,V04,M201,17237.38,74,0.63
ORD-53976,2023-07-02,V03,M400,270848.54,297,2.26
ORD-53977,2024-11-11,V05,M100,207861.69,319,3.36
ORD-53978,2023-06-08,V01,M200,59633.7,22,2.16
ORD-53979,2024-03-03,V02,M201,735044.22,220,0.97
ORD-53980,2022-11-12,V02,M300,696491.54,79,0.75
ORD-53981,2023-06-05,V05,M400,794427.45,235,3.91
ORD-53982,2022-11-23,V01,M200,660328.9,157,4.07
ORD-53983,2024-12-08,V04,M100,449891.82,327,1.87
ORD-53984,2023-11-30,V03,M100,662522.39,114,1.16
ORD-53985,2024-05-29,V01,M101,445370.82,290,4.41
ORD-53986,2022-03-23,V02,M201,700352.51,96,2.68
ORD-53987,2022-12-07,V05,M300,637633.67,130,2.41
ORD-53988,2024-06-17,V05,M200,308753.30000000005,410,3.47
ORD-53989,2024-03-12,V03,M100,783232.69,109,1.18
ORD-53990,2022-08-21,V05,M200,1808674.0,75,2.82
ORD-53991,2024-02-29,V05,M300,659276.04,473,4.06
ORD-53992,2022-01-11,V01,M200,408856.67500000005,275,0.59
ORD-53993,2022-05-17,V04,M201,275316.48,381,3.19
ORD-53994,2024-08-25,V03,M101,399245.26,20,2.71
ORD-53995,2024-04-01,V01,M200,717825.8250000001,161,4.3
ORD-53996,2022-07-24,V04,M400,235532.19,209,1.53
ORD-53997,2024-08-05,V01,M101,807304.09,372,3.94
ORD-53998,2024-05-07,V06,M300,641849.92,94,1.74
ORD-53999,2022-05-02,V01,M101,569817.41,82,2.22
ORD-54000,2022-09-26,V05,M200,584232.95,352,1.35
ORD-54001,2022-08-07,V04,M200,2297239.5,104,3.95
ORD-54002,2024-11-22,V03,M400,199271.21,237,1.28
ORD-54003,2022-04-07,V03,M100,797001.42,260,3.94
ORD-54004,2023-05-20,V04,M400,967005.94,160,2.32
ORD-54005,2023-05-24,V05,M200,1824554.5,403,3.84
ORD-54006,2022-07-09,V02,M101,992930.19,387,1.56
ORD-54007,2022-11-01,V01,M400,654540.61,486,1.03
ORD-54008,2024-06-26,V05,M400,225285.74,348,2.72
ORD-54009,2024-01-10,V06,M100,211781.3,61,2.54
ORD-54010,2023-11-20,V04,M200,828296.6000000001,38,1.93
ORD-54011,2022-08-21,V01,M200,42646.8,118,3.15
ORD-54012,2023-03-09,V03,M300,684881.49,390,0.88
ORD-54013,2022-05-15,V02,M100,275981.11,312,2.99
ORD-54014,2024-07-09,V06,M300,817031.4,168,1.35
ORD-54015,2022-11-28,V03,M300,365580.92,377,1.02
ORD-54016,2023-03-14,V04,M300,485156.93,337,4.14
ORD-54017,2023-11-08,V01,M201,966032.03,362,2.34
ORD-54018,2024-01-09,V04,M300,249750.4,376,3.55
ORD-54019,2023-03-09,V01,M400,724041.56,69,0.86
ORD-54020,2022-06-08,V05,M101,757566.61,83,0.73
ORD-54021,2022-11-23,V02,M400,228788.18,235,2.48
ORD-54022,2024-02-02,V05,M400,505986.87,42,1.76
ORD-54023,2022-04-11,V05,M200,891749.7749999999,99,0.52
ORD-54024,2024-03-07,V04,M201,774187.18,470,1.23
ORD-54025,2022-05-17,V02,M300,626258.49,472,1.38
ORD-54026,2023-05-25,V01,M200,1203058.0499999998,458,1.65
ORD-54027,2024-10-23,V01,M100,781569.63,130,4.01
ORD-54028,2022-01-11,V06,M100,242804.01,28,2.18
ORD-54029,2023-09-06,V03,M200,1890214.1500000001,233,3.22
ORD-54030,2024-06-15,V06,M101,866720.57,229,0.57
ORD-54031,2024-05-19,V06,M200,2199588.45,117,3.76
ORD-54032,2024-02-27,V01,M200,1964592.15,401,1.46
ORD-54033,2022-04-18,V04,M201,413934.03,326,1.74
ORD-54034,2024-12-04,V05,M100,981989.94,107,0.68
ORD-54035,2022-08-31,V05,M100,385797.71,379,2.14
ORD-54036,2022-06-13,V05,M300,642239.15,325,3.91
ORD-54037,2024-07-14,V02,M400,169463.44,295,2.01
ORD-54038,2023-08-31,V01,M200,2451611.025,391,4.13
ORD-54039,2024-07-01,V04,M200,1767365.1500000001,160,3.97
ORD-54040,2023-10-21,V02,M101,755843.77,4,0.75
ORD-54041,2024-09-11,V03,M100,75118.94,149,1.72
ORD-54042,2024-05-21,V04,M101,765783.64,234,4.14
ORD-54043,2023-01-08,V06,M201,776976.19,254,0.62
ORD-54044,2024-02-25,V04,M300,675055.0,416,3.56
ORD-54045,2023-03-06,V04,M101,298990.52,248,4.13
ORD-54046,2024-10-21,V05,M100,494793.14,338,3.58
ORD-54047,2022-09-14,V04,M201,119330.03,353,3.48
ORD-54048,2022-09-01,V06,M200,1192178.0,398,3.87
ORD-54049,2022-08-26,V06,M201,251385.61,70,3.16
ORD-54050,2023-11-19,V01,M400,355606.02,203,2.19
ORD-54051,2024-03-19,V04,M101,170974.4,302,0.75
ORD-54052,2022-08-22,V05,M100,237753.82,148,3.65
ORD-54053,2024-04-01,V04,M101,85802.96,221,4.12
ORD-54054,2022-07-29,V03,M200,2301755.875,186,2.55
ORD-54055,2023-09-03,V03,M200,1337766.45,355,2.63
ORD-54056,2023-12-14,V05,M100,402774.55,336,2.11
ORD-54057,2024-11-20,V01,M400,539678.92,48,3.93
ORD-54058,2023-02-19,V01,M300,632010.3,263,0.56
ORD-54059,2024-04-20,V06,M201,922660.01,296,3.0
ORD-54060,2024-08-11,V06,M201,186906.02,315,4.13
ORD-54061,2022-09-05,V02,M200,756492.4249999999,292,0.91
ORD-54062,2024-10-23,V05,M101,976031.44,172,4.34
ORD-54063,2023-02-06,V04,M101,377481.06,364,4.37
ORD-54064,2022-12-11,V05,M400,32336.03,31,4.22
ORD-54065,2022-08-20,V02,M300,156167.06,170,2.35
ORD-54066,2022-07-12,V06,M101,36075.31,44,2.03
ORD-54067,2024-01-19,V05,M201,990023.91,427,3.32
ORD-54068,2023-04-06,V05,M101,286082.14,43,1.77
ORD-54069,2023-03-14,V06,M300,924307.33,431,0.77
ORD-54070,2022-10-06,V02,M201,995927.41,134,4.11
ORD-54071,2024-06-25,V06,M101,603842.81,349,3.04
ORD-54072,2022-08-14,V01,M201,42864.35,219,1.33
ORD-54073,2023-12-04,V04,M200,226939.27500000002,491,0.57
ORD-54074,2024-02-03,V06,M200,1216932.9,450,3.39
ORD-54075,2023-10-16,V02,M400,412110.29,86,3.91
ORD-54076,2022-03-29,V03,M200,1525288.8250000002,251,2.12
ORD-54077,2023-01-21,V01,M101,444459.33,265,0.82
ORD-54078,2022-11-21,V03,M300,934736.08,11,3.09
ORD-54079,2023-02-10,V06,M201,539392.32,80,1.69
ORD-54080,2024-03-14,V01,M100,696788.8,109,1.08
ORD-54081,2023-05-08,V04,M200,2243801.0500000003,461,2.54
ORD-54082,2022-04-23,V06,M200,388507.9,118,2.43
ORD-54083,2022-03-21,V04,M100,237437.31,252,2.57
ORD-54084,2022-06-08,V05,M100,116245.47,18,3.8
ORD-54085,2023-08-22,V03,M101,148242.02,256,2.44
ORD-54086,2024-02-02,V01,M201,517458.13,245,4.1
ORD-54087,2022-06-17,V04,M200,819918.6749999999,153,3.87
ORD-54088,2024-07-25,V02,M300,428941.11,97,3.1
ORD-54089,2024-12-27,V04,M101,982664.93,458,0.73
ORD-54090,2024-12-16,V02,M101,165137.3,186,3.96
ORD-54091,2023-02-13,V06,M300,545403.95,30,4.12
ORD-54092,2024-07-04,V01,M300,107882.44,115,2.0
ORD-54093,2023-04-16,V04,M400,325311.35,241,2.6
ORD-54094,2023-08-05,V04,M300,532250.66,257,1.62
ORD-54095,2022-08-02,V01,M100,947165.43,447,0.56
ORD-54096,2023-04-01,V04,M200,993289.85,353,2.42
ORD-54097,2023-04-23,V02,M400,74257.63,113,1.02
ORD-54098,2022-09-09,V04,M100,394279.83,335,1.23
ORD-54099,2023-01-03,V03,M400,154283.76,29,2.42
ORD-54100,2023-02-17,V06,M200,594224.3,322,3.97
ORD-54101,2023-12-01,V05,M400,621909.72,459,3.88
ORD-54102,2023-02-06,V02,M100,76749.63,437,4.36
ORD-54103,2024-03-25,V03,M201,470076.52,226,2.43
ORD-54104,2022-03-18,V06,M200,1533417.4249999998,244,2.71
ORD-54105,2022-05-06,V01,M101,427639.81,361,3.79
ORD-54106,2022-12-13,V02,M200,72337.725,19,3.3
ORD-54107,2024-06-20,V05,M200,2464160.4,322,1.23
ORD-54108,2024-03-01,V06,M200,933611.5249999999,112,2.09
ORD-54109,2022-04-28,V05,M201,780791.42,212,4.22
ORD-54110,2022-04-09,V01,M100,332390.03,233,1.08
ORD-54111,2022-01-27,V01,M101,480266.59,436,1.34
ORD-54112,2023-09-15,V02,M100,394579.01,159,2.1
ORD-54113,2024-10-26,V04,M400,349113.84,60,4.26
ORD-54114,2022-04-21,V01,M400,31632.86,373,0.96
ORD-54115,2022-04-24,V06,M400,366420.73,324,3.19
ORD-54116,2024-06-23,V04,M100,890595.09,93,1.03
ORD-54117,2024-11-17,V03,M300,693489.41,248,2.6
ORD-54118,2024-09-26,V05,M201,153968.63,158,2.65
ORD-54119,2022-12-22,V04,M300,595243.45,141,0.67
ORD-54120,2022-02-17,V05,M400,893308.55,399,4.32
ORD-54121,2023-10-22,V04,M201,703033.7,404,3.73
ORD-54122,2023-09-14,V03,M100,157197.55,418,1.71
ORD-54123,2022-07-09,V01,M400,869154.17,220,1.02
ORD-54124,2022-07-22,V03,M100,308528.57,404,1.88
ORD-54125,2024-02-03,V01,M201,459535.38,306,4.08
ORD-54126,2023-08-06,V01,M100,530881.33,89,1.03
ORD-54127,2023-12-05,V05,M100,852001.54,155,1.9
ORD-54128,2022-04-10,V06,M101,932291.42,414,2.48
ORD-54129,2023-06-26,V03,M300,930356.35,440,0.63
ORD-54130,2024-09-16,V04,M300,17874.64,233,1.57
ORD-54131,2023-04-05,V03,M300,922669.6,468,2.88
ORD-54132,2022-08-28,V05,M200,159607.75,193,1.8
ORD-54133,2024-06-03,V01,M101,273115.92,99,3.98
ORD-54134,2022-09-11,V05,M400,519837.98,439,4.25
ORD-54135,2024-01-31,V02,M400,485126.43,113,2.27
ORD-54136,2024-02-24,V02,M400,608662.7,107,2.63
ORD-54137,2023-06-12,V04,M300,484651.77,24,3.02
ORD-54138,2024-12-12,V05,M300,935031.92,281,3.16
ORD-54139,2022-12-29,V04,M101,248143.36,488,0.75
ORD-54140,2023-01-17,V04,M100,281284.45,437,0.71
ORD-54141,2023-07-10,V02,M300,921530.56,204,3.96
ORD-54142,2023-08-08,V04,M400,85972.12,11,1.38
ORD-54143,2023-04-23,V02,M100,613465.21,350,2.84
ORD-54144,2024-11-23,V01,M300,684918.59,316,3.0
ORD-54145,2022-01-27,V05,M201,510486.31,205,1.16
ORD-54146,2022-07-20,V04,M200,1743223.9000000001,431,3.55
ORD-54147,2023-03-24,V02,M300,181027.1,409,3.96
ORD-54148,2024-04-19,V03,M201,854105.91,25,1.64
ORD-54149,2023-05-20,V04,M101,148625.43,401,4.01
ORD-54150,2023-02-11,V06,M201,406804.32,140,0.82
ORD-54151,2023-01-30,V01,M101,84505.03,123,3.7
ORD-54152,2022-03-25,V01,M300,549758.97,499,3.06
ORD-54153,2024-10-21,V03,M101,673048.35,436,2.83
ORD-54154,2023-10-06,V02,M201,941809.42,11,1.42
ORD-54155,2023-09-01,V04,M200,1854857.075,266,1.95
ORD-54156,2023-04-19,V02,M100,545691.89,81,4.14
ORD-54157,2022-09-09,V01,M100,933290.85,444,2.36
ORD-54158,2024-03-04,V02,M200,1209131.1749999998,310,2.88
ORD-54159,2022-01-13,V01,M400,565593.6,109,4.24
ORD-54160,2024-07-11,V02,M100,600137.54,208,2.37
ORD-54161,2024-07-13,V03,M300,415879.93,319,2.05
ORD-54162,2023-08-29,V05,M400,840097.86,244,4.07
ORD-54163,2022-07-31,V03,M300,193324.18,276,4.14
ORD-54164,2022-10-21,V03,M201,559293.77,497,1.92
ORD-54165,2023-12-04,V05,M201,725010.92,261,2.87
ORD-54166,2023-07-14,V05,M400,904936.41,297,4.35
ORD-54167,2022-09-17,V04,M400,885079.21,374,0.72
ORD-54168,2023-09-03,V04,M400,513652.89,63,0.66
ORD-54169,2024-02-28,V03,M400,646729.84,184,2.57
ORD-54170,2024-08-10,V03,M101,400295.36,32,1.66
ORD-54171,2022-08-23,V01,M400,473495.99,283,2.83
ORD-54172,2022-04-04,V01,M400,907203.13,324,3.4
ORD-54173,2024-08-19,V04,M201,931396.95,361,0.78
ORD-54174,2023-08-25,V06,M300,896459.92,432,4.03
ORD-54175,2024-05-22,V06,M201,146987.15,7,1.61
ORD-54176,2022-08-06,V04,M100,851583.18,174,2.03
ORD-54177,2024-03-24,V01,M101,948880.09,462,1.85
ORD-54178,2022-06-14,V01,M101,367637.2,359,3.86
ORD-54179,2022-09-04,V06,M300,523459.83,472,1.18
ORD-54180,2024-03-20,V02,M400,781304.3,368,0.61
ORD-54181,2022-01-30,V02,M201,566457.36,146,4.39
ORD-54182,2022-06-08,V01,M100,993548.69,252,4.42
ORD-54183,2023-03-26,V02,M201,461156.23,166,1.53
ORD-54184,2024-12-09,V05,M400,716803.28,103,0.54
ORD-54185,2023-03-15,V04,M400,794665.23,499,3.08
ORD-54186,2024-02-07,V04,M200,1247898.525,488,3.09
ORD-54187,2022-08-10,V01,M201,858413.97,193,4.26
ORD-54188,2023-03-24,V03,M300,550693.05,17,1.69
ORD-54189,2022-08-23,V06,M201,417534.29,90,1.26
ORD-54190,2023-11-26,V01,M101,116745.44,371,2.97
ORD-54191,2022-03-27,V02,M100,399479.44,86,2.75
ORD-54192,2022-08-23,V06,M300,736597.09,103,3.37
ORD-54193,2023-06-17,V03,M200,2305183.875,82,4.04
ORD-54194,2023-01-25,V02,M100,259162.61,126,2.74
ORD-54195,2022-06-26,V05,M100,361683.16,38,1.1
ORD-54196,2023-02-13,V02,M101,162421.38,348,2.89
ORD-54197,2023-09-05,V05,M101,693815.67,213,2.0
ORD-54198,2024-01-06,V06,M101,960586.55,319,2.31
ORD-54199,2022-11-04,V05,M300,644542.7,486,4.34
ORD-54200,2022-11-18,V06,M201,620905.76,225,2.72
ORD-54201,2024-09-02,V06,M100,557955.03,222,1.1
ORD-54202,2024-02-14,V06,M201,97571.18,426,2.27
ORD-54203,2024-09-13,V06,M201,732208.79,247,1.41
ORD-54204,2022-03-12,V06,M101,606029.05,136,1.04
ORD-54205,2022-11-20,V02,M201,664862.0,286,3.35
ORD-54206,2024-07-26,V06,M100,899822.98,231,3.01
ORD-54207,2024-03-17,V02,M100,786121.18,320,2.49
ORD-54208,2023-11-17,V06,M400,783106.1,9,2.19
ORD-54209,2023-12-09,V05,M200,2319779.825,225,1.79
ORD-54210,2023-04-19,V06,M300,990035.6,313,0.85
ORD-54211,2024-12-11,V03,M201,585469.9,107,1.7
ORD-54212,2022-05-21,V06,M300,117792.8,187,3.85
ORD-54213,2024-06-24,V06,M300,464538.61,221,3.63
ORD-54214,2024-10-03,V05,M300,789725.13,95,4.39
ORD-54215,2023-03-15,V04,M400,37448.07,195,3.12
ORD-54216,2023-01-02,V05,M300,66318.56,242,2.71
ORD-54217,2022-02-14,V03,M400,76486.2,230,1.68
ORD-54218,2022-03-27,V04,M100,733725.4,331,0.81
ORD-54219,2024-10-20,V01,M201,506154.96,5,2.97
ORD-54220,2024-02-20,V01,M400,375208.96,351,2.45
ORD-54221,2023-04-08,V03,M200,286402.175,468,3.54
ORD-54222,2022-12-15,V05,M300,734917.85,4,2.15
ORD-54223,2024-07-27,V02,M200,819524.0249999999,264,4.44
ORD-54224,2022-01-17,V03,M100,272670.83,426,2.09
ORD-54225,2022-03-10,V04,M100,655796.01,253,1.83
ORD-54226,2022-10-11,V04,M101,563420.78,163,3.98
ORD-54227,2022-02-02,V06,M300,368786.54,141,2.08
ORD-54228,2024-03-10,V01,M101,645072.6,497,3.98
ORD-54229,2023-02-28,V04,M200,696273.275,389,0.61
ORD-54230,2024-08-01,V03,M201,796881.96,296,3.27
ORD-54231,2024-01-30,V04,M101,237025.76,19,0.79
ORD-54232,2022-06-15,V03,M100,167249.32,82,1.09
ORD-54233,2023-11-10,V02,M300,784615.02,481,3.3
ORD-54234,2024-11-26,V06,M200,1777032.775,381,1.66
ORD-54235,2022-07-28,V01,M400,190812.59,4,1.34
ORD-54236,2022-02-02,V04,M100,125083.3,128,3.71
ORD-54237,2022-06-17,V03,M400,840015.1,187,4.28
ORD-54238,2022-03-27,V05,M201,778832.5,146,1.43
ORD-54239,2024-01-23,V01,M300,333984.8,494,1.77
ORD-54240,2024-04-03,V02,M201,661615.43,152,3.36
ORD-54241,2022-02-14,V03,M201,132918.58,363,3.76
ORD-54242,2023-12-13,V06,M300,511977.18,93,4.5
ORD-54243,2022-08-05,V06,M300,28542.99,31,1.59
ORD-54244,2022-06-20,V02,M400,397685.86,314,2.73
ORD-54245,2023-01-02,V02,M201,84094.39,28,1.04
ORD-54246,2024-08-24,V06,M200,1200989.2750000001,137,1.82
ORD-54247,2024-01-29,V04,M400,427464.83,429,0.68
ORD-54248,2024-06-21,V04,M300,449941.18,90,1.34
ORD-54249,2024-09-28,V03,M100,54877.99,49,2.53
ORD-54250,2024-05-11,V05,M400,368000.18,367,1.16
ORD-54251,2024-06-04,V03,M101,758919.01,258,4.06
ORD-54252,2022-11-23,V05,M200,938063.075,6,3.34
ORD-54253,2024-07-18,V02,M400,718020.23,29,0.61
ORD-54254,2022-01-06,V01,M300,375783.94,410,4.01
ORD-54255,2023-10-04,V03,M300,429007.05,156,4.41
ORD-54256,2022-10-09,V03,M200,1420632.9749999999,263,2.51
ORD-54257,2023-11-08,V05,M101,951175.12,34,1.76
ORD-54258,2022-03-30,V02,M400,117771.84,440,1.55
ORD-54259,2022-11-30,V02,M400,42584.63,237,0.85
ORD-54260,2024-04-04,V05,M201,611877.61,138,2.47
ORD-54261,2023-02-26,V02,M100,949606.12,368,0.7
ORD-54262,2023-08-17,V06,M300,989825.9,489,2.52
ORD-54263,2024-08-21,V04,M400,489322.6,488,1.51
ORD-54264,2023-07-03,V06,M400,473400.8,57,2.41
ORD-54265,2022-11-19,V01,M400,648514.13,175,2.17
ORD-54266,2024-08-29,V03,M101,560078.41,214,1.72
ORD-54267,2024-06-01,V01,M100,637747.18,27,2.29
ORD-54268,2023-10-22,V03,M400,875259.43,295,2.4
ORD-54269,2024-12-22,V04,M200,1872107.775,406,3.83
ORD-54270,2023-03-31,V02,M300,501908.62,119,3.16
ORD-54271,2023-01-03,V06,M201,467245.81,147,2.23
ORD-54272,2023-04-12,V05,M200,1608014.325,356,4.12
ORD-54273,2022-08-28,V06,M300,461149.22,265,3.52
ORD-54274,2022-07-18,V04,M101,463201.56,403,0.8
ORD-54275,2023-07-15,V01,M100,26142.84,258,1.11
ORD-54276,2022-06-29,V05,M100,182323.5,348,0.83
ORD-54277,2023-03-09,V02,M300,493628.5,189,1.78
ORD-54278,2023-03-25,V04,M200,2061067.3,315,2.24
ORD-54279,2024-03-14,V05,M201,285939.74,231,2.52
ORD-54280,2022-02-14,V04,M101,527417.0,470,3.91
ORD-54281,2022-12-15,V04,M300,351512.46,499,0.57
ORD-54282,2024-08-28,V02,M101,113755.95,198,2.21
ORD-54283,2022-11-28,V03,M100,958715.5,239,2.14
ORD-54284,2022-08-12,V05,M400,856127.13,327,4.29
ORD-54285,2024-12-23,V02,M400,87707.5,70,1.46
ORD-54286,2022-01-03,V04,M201,722589.39,417,0.99
ORD-54287,2024-10-19,V02,M101,354104.11,252,1.07
ORD-54288,2023-08-13,V03,M300,994901.31,462,2.58
ORD-54289,2023-03-24,V06,M201,309374.53,193,2.06
ORD-54290,2023-01-09,V05,M200,615877.65,25,3.52
ORD-54291,2023-12-08,V03,M400,572211.64,70,1.79
ORD-54292,2022-11-03,V01,M300,836774.9,156,1.01
ORD-54293,2023-01-11,V05,M101,200593.68,146,2.05
ORD-54294,2023-10-15,V03,M201,712308.74,319,4.03
ORD-54295,2024-01-05,V04,M300,70792.52,219,2.12
ORD-54296,2022-05-16,V05,M201,919745.4,49,3.83
ORD-54297,2023-10-06,V05,M201,90264.17,379,1.99
ORD-54298,2022-07-17,V02,M201,915089.06,380,1.63
ORD-54299,2023-05-02,V04,M101,495899.18,194,3.6
ORD-54300,2023-05-01,V01,M300,453610.2,40,1.34
ORD-54301,2023-07-28,V06,M100,973574.01,85,1.43
ORD-54302,2024-10-06,V03,M100,990480.34,343,0.7
ORD-54303,2022-03-01,V02,M101,653676.34,450,1.25
ORD-54304,2023-03-15,V03,M101,135848.1,336,2.02
ORD-54305,2023-04-07,V01,M400,511108.38,4,2.1
ORD-54306,2022-09-10,V01,M201,533871.47,290,2.18
ORD-54307,2023-11-04,V05,M300,519301.96,247,2.42
ORD-54308,2024-02-16,V01,M300,573796.92,5,2.79
ORD-54309,2024-08-12,V03,M200,71343.675,497,1.26
ORD-54310,2024-11-01,V04,M200,1785287.525,226,2.96
ORD-54311,2023-09-18,V04,M100,715270.36,150,1.85
ORD-54312,2024-06-30,V05,M200,310787.7,238,3.44
ORD-54313,2024-12-28,V06,M200,1436342.625,148,2.73
ORD-54314,2022-06-15,V03,M100,572677.57,103,2.72
ORD-54315,2022-06-17,V03,M400,685625.92,175,3.24
ORD-54316,2024-12-18,V01,M100,94543.72,498,1.83
ORD-54317,2023-03-02,V03,M200,1575595.675,461,2.22
ORD-54318,2022-11-13,V02,M300,287944.43,236,2.83
ORD-54319,2023-03-15,V06,M200,1279832.4000000001,34,2.19
ORD-54320,2023-12-18,V01,M201,775590.32,172,2.28
ORD-54321,2023-09-05,V02,M201,708589.48,6,1.59
ORD-54322,2023-10-10,V05,M201,127713.99,440,1.65
ORD-54323,2022-03-20,V04,M400,595272.94,285,3.3
ORD-54324,2024-01-23,V05,M101,969425.37,225,0.52
ORD-54325,2024-05-11,V04,M201,165201.74,53,0.88
ORD-54326,2024-03-18,V05,M300,854378.02,257,4.3
ORD-54327,2023-01-11,V03,M400,705522.6,495,1.25
ORD-54328,2022-03-14,V02,M101,776263.28,59,2.17
ORD-54329,2023-08-20,V04,M101,289138.74,432,3.9
ORD-54330,2024-03-06,V01,M201,295010.04,246,0.5
ORD-54331,2022-01-13,V02,M200,2267398.15,7,4.2
ORD-54332,2023-02-28,V01,M100,366233.71,214,0.71
ORD-54333,2023-12-13,V02,M200,180963.1,416,1.18
ORD-54334,2023-06-06,V02,M200,1511476.85,78,0.62
ORD-54335,2022-03-10,V05,M101,133569.49,189,2.58
ORD-54336,2022-05-09,V04,M101,798630.28,441,4.27
ORD-54337,2024-08-08,V04,M400,645328.98,307,3.86
ORD-54338,2024-03-11,V02,M400,875979.24,216,3.06
ORD-54339,2024-07-20,V03,M101,786988.88,403,1.24
ORD-54340,2022-03-02,V03,M300,120992.51,283,3.98
ORD-54341,2024-12-31,V01,M300,387259.97,319,3.52
ORD-54342,2023-04-11,V01,M100,776814.65,444,1.57
ORD-54343,2024-12-30,V05,M101,423168.06,61,3.72
ORD-54344,2024-08-25,V02,M201,972641.83,61,4.01
ORD-54345,2023-08-09,V01,M400,738383.05,215,3.29
ORD-54346,2023-03-27,V01,M101,25344.92,382,0.9
ORD-54347,2024-05-23,V06,M300,881185.83,45,4.44
ORD-54348,2024-12-12,V02,M101,109796.74,405,0.8
ORD-54349,2023-01-19,V05,M300,149118.49,172,3.12
ORD-54350,2022-04-11,V01,M101,737147.48,221,0.94
ORD-54351,2022-03-20,V05,M201,866318.87,385,4.12
ORD-54352,2022-04-27,V04,M100,540986.13,95,1.9
ORD-54353,2024-07-21,V05,M201,296159.24,347,2.55
ORD-54354,2024-11-10,V03,M300,357802.39,44,1.22
ORD-54355,2023-06-04,V03,M400,349460.44,228,2.69
ORD-54356,2023-09-30,V05,M400,333411.32,62,4.26
ORD-54357,2022-05-07,V03,M200,626201.45,317,4.11
ORD-54358,2024-04-11,V04,M201,612778.42,219,0.76
ORD-54359,2023-04-24,V02,M101,901401.27,335,2.01
ORD-54360,2023-09-18,V03,M100,314011.59,89,1.57
ORD-54361,2024-05-22,V03,M101,194827.35,112,2.43
ORD-54362,2023-06-04,V05,M101,840191.89,207,3.83
ORD-54363,2024-10-09,V04,M201,744365.5,488,3.46
ORD-54364,2023-12-27,V02,M100,931528.66,467,1.88
ORD-54365,2024-10-04,V05,M200,434661.35000000003,367,2.03
ORD-54366,2023-06-26,V05,M101,152808.8,306,3.12
ORD-54367,2024-06-11,V06,M100,546015.1,203,1.28
ORD-54368,2024-12-12,V04,M200,1545723.2999999998,297,0.91
ORD-54369,2023-02-17,V02,M101,485371.71,33,1.47
ORD-54370,2024-11-22,V04,M100,602976.97,489,1.0
ORD-54371,2022-10-04,V02,M201,188575.97,215,1.91
ORD-54372,2024-11-17,V04,M400,484817.62,12,4.25
ORD-54373,2023-09-14,V05,M400,661511.64,2,0.98
ORD-54374,2024-06-21,V05,M101,438379.38,363,3.77
ORD-54375,2024-04-24,V01,M101,682652.86,149,2.64
ORD-54376,2022-12-04,V03,M100,456679.37,142,3.03
ORD-54377,2022-09-24,V06,M400,340263.59,290,1.18
ORD-54378,2024-02-01,V04,M101,310569.0,207,1.11
ORD-54379,2022-08-27,V06,M200,1041982.6,341,1.15
ORD-54380,2024-01-19,V01,M101,32858.73,192,3.17
ORD-54381,2024-07-24,V03,M400,671839.89,407,3.49
ORD-54382,2024-06-22,V04,M300,846654.58,341,4.18
ORD-54383,2022-10-07,V02,M400,361080.82,306,2.09
ORD-54384,2023-05-09,V03,M200,138932.0,398,2.35
ORD-54385,2024-12-20,V05,M100,986907.84,469,2.38
ORD-54386,2022-12-05,V01,M200,677653.175,252,1.58
ORD-54387,2024-04-19,V03,M300,135354.91,204,1.81
ORD-54388,2022-01-07,V03,M300,376054.98,362,3.89
ORD-54389,2024-03-01,V05,M101,741171.47,46,1.87
ORD-54390,2023-02-01,V04,M101,300977.43,374,3.98
ORD-54391,2023-05-07,V02,M400,578956.17,495,1.72
ORD-54392,2022-01-22,V05,M201,421404.39,261,1.86
ORD-54393,2023-04-22,V02,M200,316465.875,66,2.74
ORD-54394,2023-10-10,V04,M400,336984.14,150,0.91
ORD-54395,2024-03-09,V03,M201,727621.8,70,4.19
ORD-54396,2024-03-09,V02,M400,615883.86,364,3.78
ORD-54397,2023-04-10,V01,M300,128580.6,2,3.18
ORD-54398,2024-01-03,V01,M101,171689.19,29,4.45
ORD-54399,2022-03-02,V05,M101,644326.03,256,0.56
ORD-54400,2024-07-23,V04,M400,815281.26,61,2.14
ORD-54401,2022-12-15,V05,M101,355979.75,100,3.93
ORD-54402,2024-05-17,V05,M100,599357.64,384,2.23
ORD-54403,2022-08-16,V06,M400,178937.15,455,0.52
ORD-54404,2023-11-02,V05,M300,318262.57,144,1.13
ORD-54405,2023-01-05,V06,M400,30067.5,192,2.24
ORD-54406,2024-10-25,V01,M400,770593.19,353,3.17
ORD-54407,2023-07-02,V01,M101,406999.72,353,1.15
ORD-54408,2023-08-10,V05,M300,817964.32,270,2.29
ORD-54409,2024-03-22,V01,M400,711289.27,299,0.55
ORD-54410,2024-11-24,V04,M101,830456.82,460,2.41
ORD-54411,2022-02-10,V06,M200,732005.2000000001,427,4.08
ORD-54412,2022-02-14,V06,M300,193257.64,326,2.89
ORD-54413,2023-02-18,V05,M201,972186.63,311,2.26
ORD-54414,2022-04-21,V01,M100,720154.51,204,1.15
ORD-54415,2023-09-01,V02,M201,835701.85,245,1.31
ORD-54416,2022-05-19,V06,M300,23002.04,31,0.81
ORD-54417,2023-01-18,V05,M400,360917.0,332,3.47
ORD-54418,2023-12-02,V05,M101,745388.52,458,0.81
ORD-54419,2024-04-25,V04,M300,87203.0,424,2.04
ORD-54420,2024-11-25,V03,M100,571666.53,411,3.5
ORD-54421,2022-08-26,V03,M300,434782.04,52,3.35
ORD-54422,2022-09-12,V06,M101,27440.34,384,2.81
ORD-54423,2024-11-11,V04,M201,243615.82,243,2.79
ORD-54424,2023-06-20,V04,M200,729860.175,263,0.86
ORD-54425,2024-12-02,V04,M201,120741.35,174,1.2
ORD-54426,2022-12-12,V06,M101,635221.54,100,2.64
ORD-54427,2022-12-06,V03,M101,249973.9,417,1.89
ORD-54428,2024-05-17,V04,M100,284843.3,475,0.58
ORD-54429,2022-03-24,V01,M300,899256.21,392,3.69
ORD-54430,2024-11-16,V05,M300,472451.86,389,3.12
ORD-54431,2023-09-30,V05,M201,398206.87,61,1.8
ORD-54432,2023-07-30,V02,M200,1816580.825,456,0.89
ORD-54433,2024-10-17,V02,M200,2276294.15,360,2.86
ORD-54434,2022-07-21,V06,M100,34785.97,188,1.89
ORD-54435,2022-07-07,V06,M101,453756.46,469,1.52
ORD-54436,2022-03-01,V05,M100,614673.54,408,3.39
ORD-54437,2022-07-07,V01,M300,325377.47,7,1.81
ORD-54438,2022-07-15,V03,M400,774683.64,189,1.04
ORD-54439,2023-04-26,V03,M400,971762.3,83,2.43
ORD-54440,2022-03-11,V06,M400,943993.09,351,3.81
ORD-54441,2022-11-10,V01,M101,273322.71,420,3.9
ORD-54442,2023-01-11,V06,M100,234074.9,283,3.9
ORD-54443,2024-02-26,V03,M201,957915.63,124,2.18
ORD-54444,2024-03-19,V06,M300,464042.2,157,3.66
ORD-54445,2023-03-15,V04,M400,216214.75,87,3.9
ORD-54446,2024-05-30,V06,M200,1774817.475,148,2.34
ORD-54447,2023-10-04,V05,M100,291576.12,70,1.77
ORD-54448,2023-10-25,V06,M300,274574.51,460,3.31
ORD-54449,2023-05-16,V05,M300,880456.55,370,4.12
ORD-54450,2022-02-01,V01,M200,427135.89999999997,76,4.39
ORD-54451,2024-05-25,V03,M200,184372.55000000002,114,1.66
ORD-54452,2024-05-04,V02,M200,691236.4500000001,3,4.32
ORD-54453,2023-06-22,V02,M400,610875.96,234,2.5
ORD-54454,2022-12-31,V03,M400,131856.97,167,1.72
ORD-54455,2022-06-08,V02,M100,476878.73,99,4.45
ORD-54456,2024-04-05,V06,M200,1577659.35,124,4.01
ORD-54457,2024-07-02,V01,M201,850249.62,467,3.27
ORD-54458,2022-01-13,V01,M300,237570.9,45,4.08
ORD-54459,2024-05-05,V03,M200,2047932.15,382,3.23
ORD-54460,2022-05-07,V02,M300,242557.2,324,2.26
ORD-54461,2024-05-16,V06,M101,679998.88,287,4.29
ORD-54462,2023-07-15,V01,M101,436366.84,106,4.35
ORD-54463,2023-02-26,V01,M200,308836.07499999995,294,1.76
ORD-54464,2023-08-04,V04,M300,717120.83,481,1.92
ORD-54465,2022-01-10,V04,M101,225584.99,134,2.03
ORD-54466,2024-02-09,V01,M200,462142.975,8,3.79
ORD-54467,2022-01-19,V03,M300,364739.7,28,3.66
ORD-54468,2022-12-15,V05,M200,1641893.3499999999,271,4.43
ORD-54469,2023-11-06,V05,M400,241656.51,223,2.36
ORD-54470,2023-04-18,V06,M300,191824.92,8,3.45
ORD-54471,2023-03-01,V01,M101,19854.09,310,3.93
ORD-54472,2024-01-09,V01,M200,1192316.675,134,1.38
ORD-54473,2024-12-23,V01,M101,434359.11,29,2.98
ORD-54474,2023-10-02,V03,M200,603822.675,115,2.69
ORD-54475,2023-10-04,V04,M100,63115.64,494,3.47
ORD-54476,2024-01-30,V01,M101,434963.32,34,3.28
ORD-54477,2022-08-13,V01,M101,790323.06,7,3.75
ORD-54478,2024-05-29,V02,M201,718129.31,40,1.74
ORD-54479,2023-12-07,V03,M400,862186.94,330,1.37
ORD-54480,2023-08-04,V06,M101,19486.86,397,3.72
ORD-54481,2024-04-25,V01,M300,966755.12,62,1.94
ORD-54482,2023-07-29,V02,M200,869995.325,86,1.65
ORD-54483,2024-03-06,V05,M100,990493.82,213,1.85
ORD-54484,2024-05-29,V06,M300,260093.27,116,0.77
ORD-54485,2024-07-26,V01,M300,476821.02,65,3.59
ORD-54486,2024-08-25,V01,M300,360388.4,297,3.36
ORD-54487,2024-06-29,V02,M300,362203.11,379,2.71
ORD-54488,2022-10-20,V03,M100,843859.28,170,3.36
ORD-54489,2023-03-17,V01,M201,748954.75,116,1.99
ORD-54490,2023-11-07,V05,M400,992229.92,322,1.68
ORD-54491,2022-04-12,V01,M101,617379.54,116,3.95
ORD-54492,2024-07-24,V05,M300,468624.04,221,2.19
ORD-54493,2022-01-12,V06,M101,99173.12,395,1.28
ORD-54494,2023-11-20,V06,M101,996595.81,357,3.5
ORD-54495,2023-12-17,V04,M300,556015.35,50,1.84
ORD-54496,2023-12-30,V04,M201,703472.69,327,1.35
ORD-54497,2023-09-06,V05,M101,412674.96,419,0.61
ORD-54498,2024-06-28,V03,M200,1380596.375,478,4.38
ORD-54499,2024-08-19,V01,M101,943151.95,336,2.37
ORD-54500,2024-05-20,V01,M400,174755.24,79,1.15
ORD-54501,2022-04-14,V04,M300,299448.86,488,3.53
ORD-54502,2022-02-02,V05,M100,160539.13,20,4.05
ORD-54503,2024-11-12,V01,M101,794293.74,412,2.61
ORD-54504,2024-10-30,V01,M201,71424.81,379,0.61
ORD-54505,2022-03-16,V03,M200,227038.325,37,1.96
ORD-54506,2023-02-09,V02,M200,763772.9249999999,259,1.47
ORD-54507,2022-08-22,V04,M100,519046.3,93,3.05
ORD-54508,2024-07-21,V04,M400,412212.05,187,2.58
ORD-54509,2022-01-14,V02,M100,54368.15,357,1.92
ORD-54510,2024-11-17,V01,M400,957916.64,201,3.09
ORD-54511,2023-02-18,V03,M101,953340.83,411,2.84
ORD-54512,2023-12-03,V03,M300,286562.76,288,4.13
ORD-54513,2024-10-05,V04,M201,734210.36,48,2.89
ORD-54514,2024-07-16,V03,M200,1456974.1500000001,253,2.53
ORD-54515,2022-12-19,V06,M100,245101.93,46,3.79
ORD-54516,2024-11-26,V02,M201,269549.84,370,1.31
ORD-54517,2024-07-09,V01,M400,496241.64,231,1.47
ORD-54518,2022-10-31,V06,M300,425044.57,95,3.63
ORD-54519,2023-08-01,V02,M200,745792.5750000001,303,2.27
ORD-54520,2024-07-16,V05,M200,2023591.2,218,2.14
ORD-54521,2024-06-14,V04,M400,486648.29,40,4.05
ORD-54522,2023-05-17,V03,M300,658299.58,387,2.94
ORD-54523,2022-06-29,V05,M200,493451.925,203,3.71
ORD-54524,2022-05-29,V03,M300,538172.59,116,3.74
ORD-54525,2023-10-26,V06,M200,811990.725,413,0.98
ORD-54526,2024-08-22,V01,M101,531149.47,91,3.11
ORD-54527,2024-02-29,V01,M400,783017.58,58,4.31
ORD-54528,2024-10-28,V01,M300,771224.08,434,2.42
ORD-54529,2024-02-22,V03,M201,360678.47,495,3.43
ORD-54530,2023-05-02,V05,M101,697334.35,10,2.77
ORD-54531,2022-08-30,V01,M201,941877.05,256,1.32
ORD-54532,2022-07-12,V05,M400,629412.64,317,1.28
ORD-54533,2024-09-05,V03,M200,392315.05,249,2.24
ORD-54534,2023-10-11,V06,M201,682911.54,483,2.43
ORD-54535,2024-07-05,V05,M101,113855.34,367,2.51
ORD-54536,2023-03-18,V06,M300,873389.3,377,4.32
ORD-54537,2022-12-18,V03,M100,521493.89,317,0.9
ORD-54538,2024-03-19,V03,M201,391289.33,407,2.02
ORD-54539,2024-10-25,V04,M100,66436.53,6,2.56
ORD-54540,2023-01-16,V03,M400,386975.9,331,4.35
ORD-54541,2022-05-01,V03,M201,904174.6,188,2.52
ORD-54542,2024-05-18,V02,M201,30773.17,235,3.6
ORD-54543,2023-04-15,V01,M300,479901.68,371,3.5
ORD-54544,2022-11-12,V04,M200,2329616.275,411,2.77
ORD-54545,2023-06-07,V04,M101,400892.59,183,1.02
ORD-54546,2023-06-24,V04,M101,433893.93,287,1.38
ORD-54547,2023-02-06,V02,M101,582774.45,123,1.46
ORD-54548,2022-01-04,V06,M400,468307.96,158,0.65
ORD-54549,2024-09-24,V03,M200,442289.17500000005,323,2.02
ORD-54550,2024-03-08,V01,M100,28369.98,13,2.94
ORD-54551,2022-08-24,V05,M101,613713.54,315,1.08
ORD-54552,2023-07-29,V06,M100,921598.52,54,1.2
ORD-54553,2024-11-16,V03,M200,288251.22500000003,360,3.33
ORD-54554,2024-03-12,V02,M400,218843.19,277,1.18
ORD-54555,2022-12-27,V03,M200,941317.975,43,1.04
ORD-54556,2024-02-27,V03,M300,810654.81,267,4.41
ORD-54557,2022-03-03,V02,M101,276567.71,109,0.56
ORD-54558,2022-06-29,V04,M400,883233.86,323,1.8
ORD-54559,2022-11-26,V04,M300,64408.3,166,0.64
ORD-54560,2024-09-01,V01,M101,941547.06,351,3.85
ORD-54561,2022-09-30,V01,M200,1412849.025,408,2.83
ORD-54562,2022-06-08,V04,M200,1655474.75,106,0.69
ORD-54563,2022-03-29,V06,M201,374012.63,51,2.96
ORD-54564,2022-10-03,V05,M201,784174.34,204,0.99
ORD-54565,2023-04-01,V03,M200,437251.475,445,2.48
ORD-54566,2022-07-03,V05,M200,146056.775,302,3.18
ORD-54567,2022-11-25,V03,M100,401561.77,43,1.09
ORD-54568,2023-08-05,V04,M100,855158.76,283,2.49
ORD-54569,2023-12-18,V01,M300,757377.57,85,2.33
ORD-54570,2024-07-28,V06,M201,521984.41,217,4.16
ORD-54571,2024-12-18,V01,M201,576416.37,158,4.48
ORD-54572,2023-08-04,V05,M200,346484.75,350,3.12
ORD-54573,2022-09-24,V01,M200,2105686.7249999996,127,3.92
ORD-54574,2023-09-03,V04,M300,789090.09,191,3.09
ORD-54575,2024-02-28,V06,M400,659905.69,266,4.01
ORD-54576,2023-05-20,V05,M400,471529.13,387,2.23
ORD-54577,2024-10-31,V06,M400,964814.68,461,2.93
ORD-54578,2022-06-06,V03,M201,880241.65,60,3.88
ORD-54579,2024-09-07,V01,M100,647986.19,283,4.17
ORD-54580,2024-10-22,V06,M400,378082.99,466,0.6
ORD-54581,2022-01-26,V02,M101,621842.06,379,0.92
ORD-54582,2024-03-13,V01,M300,579686.52,429,4.22
ORD-54583,2022-06-26,V03,M400,400299.57,62,2.77
ORD-54584,2022-08-08,V06,M101,313607.23,408,4.46
ORD-54585,2024-01-10,V05,M400,412940.68,302,3.67
ORD-54586,2023-01-02,V03,M100,578172.29,126,3.77
ORD-54587,2022-02-18,V02,M100,433853.5,462,2.04
ORD-54588,2022-03-20,V06,M400,270938.74,487,1.53
ORD-54589,2023-07-05,V04,M101,763353.68,172,2.89
ORD-54590,2022-01-31,V01,M300,536152.82,63,4.02
ORD-54591,2024-02-23,V05,M101,76998.41,260,3.4
ORD-54592,2024-12-14,V04,M300,374633.34,16,2.39
ORD-54593,2023-09-29,V06,M400,886064.32,179,3.51
ORD-54594,2024-06-04,V06,M300,757684.17,330,3.26
ORD-54595,2024-05-29,V03,M200,825035.8,368,4.15
ORD-54596,2023-07-14,V06,M201,938801.32,101,1.55
ORD-54597,2024-05-01,V05,M201,85836.88,475,0.98
ORD-54598,2023-12-18,V04,M100,961622.36,176,2.38
ORD-54599,2022-06-03,V05,M200,633120.1,193,1.94
ORD-54600,2023-03-13,V02,M201,19003.24,453,4.4
ORD-54601,2022-05-19,V02,M400,439469.96,461,0.53
ORD-54602,2022-03-15,V01,M300,365380.73,301,4.23
ORD-54603,2023-07-30,V01,M300,543698.12,387,4.32
ORD-54604,2022-10-29,V02,M101,798805.13,273,0.7
ORD-54605,2023-11-12,V06,M101,844006.49,467,4.06
ORD-54606,2023-12-27,V05,M300,407217.7,421,2.38
ORD-54607,2024-03-29,V02,M400,435547.29,261,3.56
ORD-54608,2024-05-15,V01,M300,156695.95,175,0.82
ORD-54609,2024-02-15,V02,M101,57072.13,234,4.32
ORD-54610,2023-01-03,V06,M201,644802.84,300,2.93
ORD-54611,2023-05-10,V02,M100,73793.25,216,4.09
ORD-54612,2022-10-05,V05,M101,736491.82,491,3.19
ORD-54613,2022-01-14,V04,M400,543699.24,417,2.65
ORD-54614,2023-07-02,V06,M201,206597.15,247,1.19
ORD-54615,2022-06-07,V01,M201,544127.71,21,1.21
ORD-54616,2022-03-29,V05,M201,191167.74,451,2.39
ORD-54617,2022-03-19,V02,M200,1110874.6,324,3.98
ORD-54618,2024-06-20,V02,M200,2003911.775,243,0.96
ORD-54619,2024-11-05,V04,M201,467300.1,288,4.49
ORD-54620,2023-02-12,V01,M400,157212.33,280,4.0
ORD-54621,2023-04-07,V01,M300,726590.4,244,2.07
ORD-54622,2022-01-13,V03,M400,194900.73,163,1.51
ORD-54623,2023-05-29,V01,M200,1852910.95,146,4.19
ORD-54624,2024-01-22,V04,M101,484558.77,67,0.99
ORD-54625,2023-05-13,V03,M200,1148010.85,103,1.89
ORD-54626,2022-08-01,V03,M300,852920.69,310,0.84
ORD-54627,2024-12-19,V02,M100,711517.49,410,4.31
ORD-54628,2023-08-15,V02,M200,106454.225,444,2.97
ORD-54629,2024-06-25,V01,M400,303212.57,125,1.84
ORD-54630,2023-04-29,V03,M400,872211.45,117,1.6
ORD-54631,2024-04-15,V02,M201,28142.91,472,2.28
ORD-54632,2024-08-27,V04,M201,549800.91,251,0.87
ORD-54633,2022-02-17,V02,M201,730547.41,321,4.06
ORD-54634,2022-01-05,V06,M100,625637.52,435,2.54
ORD-54635,2024-07-20,V06,M300,762926.88,370,3.4
ORD-54636,2022-09-09,V02,M101,728434.93,226,1.43
ORD-54637,2023-02-12,V03,M400,695110.39,188,2.51
ORD-54638,2024-12-26,V03,M400,823324.46,187,1.34
ORD-54639,2024-12-08,V05,M300,649233.76,76,3.76
ORD-54640,2022-10-20,V06,M100,408394.31,273,3.6
ORD-54641,2024-01-07,V04,M201,477190.02,469,1.09
ORD-54642,2023-05-08,V03,M300,719557.53,149,0.8
ORD-54643,2024-06-19,V01,M101,877542.97,195,3.8
ORD-54644,2023-11-08,V06,M201,279496.61,364,0.94
ORD-54645,2022-11-01,V04,M101,348656.03,284,2.69
ORD-54646,2022-09-15,V04,M200,2328580.0,473,2.64
ORD-54647,2022-11-14,V03,M101,582726.67,44,1.31
ORD-54648,2024-10-04,V04,M201,187172.2,454,2.87
ORD-54649,2022-12-11,V03,M200,1667645.4749999999,446,2.51
ORD-54650,2023-07-01,V02,M201,990854.53,170,2.54
ORD-54651,2022-09-17,V06,M400,825219.03,94,1.94
ORD-54652,2022-04-12,V05,M201,748283.73,224,3.85
ORD-54653,2024-12-25,V02,M200,539915.475,278,0.84
ORD-54654,2024-11-18,V06,M101,877378.39,38,2.25
ORD-54655,2022-10-10,V03,M400,530530.96,270,1.54
ORD-54656,2022-06-10,V06,M100,890397.12,482,3.89
ORD-54657,2024-07-09,V03,M100,336529.55,235,1.4
ORD-54658,2023-07-12,V02,M100,71430.54,111,3.57
ORD-54659,2023-05-28,V01,M100,481216.21,378,2.95
ORD-54660,2024-10-26,V01,M300,277139.23,410,4.0
ORD-54661,2023-12-28,V06,M100,718077.0,168,2.88
ORD-54662,2023-01-09,V01,M200,2393838.725,54,2.73
ORD-54663,2022-01-17,V03,M100,694064.41,397,3.7
ORD-54664,2023-11-30,V04,M201,888064.59,127,2.75
ORD-54665,2022-09-04,V03,M100,458493.77,478,3.88
ORD-54666,2024-01-13,V04,M101,773924.33,275,0.7
ORD-54667,2024-05-17,V02,M200,2111532.5,42,2.48
ORD-54668,2022-02-23,V05,M200,1784417.175,41,3.75
ORD-54669,2022-03-01,V04,M400,512699.51,50,3.89
ORD-54670,2023-11-02,V01,M300,629607.45,487,3.84
ORD-54671,2023-02-08,V03,M201,703501.93,387,2.92
ORD-54672,2023-10-21,V02,M200,651383.9,159,4.48
ORD-54673,2023-04-26,V01,M101,811483.47,332,1.23
ORD-54674,2023-02-28,V02,M100,950821.29,399,1.2
ORD-54675,2022-11-21,V05,M200,1176467.3,182,0.63
ORD-54676,2023-02-27,V03,M101,704056.51,181,4.46
ORD-54677,2023-02-27,V06,M100,739655.65,429,1.89
ORD-54678,2023-09-06,V03,M300,665625.07,166,3.55
ORD-54679,2023-04-10,V05,M200,1379109.9,232,0.74
ORD-54680,2022-07-17,V03,M200,2207078.7,206,1.69
ORD-54681,2022-10-03,V06,M101,454437.44,355,3.0
ORD-54682,2022-08-07,V04,M400,70491.93,464,2.6
ORD-54683,2022-12-22,V02,M201,846110.81,50,1.33
ORD-54684,2024-11-07,V06,M300,677241.46,408,2.35
ORD-54685,2023-08-24,V01,M201,850766.04,401,0.94
ORD-54686,2022-10-15,V05,M200,367904.925,146,2.67
ORD-54687,2022-08-19,V04,M201,40445.41,298,0.89
ORD-54688,2024-05-26,V01,M100,935030.79,145,3.04
ORD-54689,2024-08-17,V01,M300,156251.02,16,1.12
ORD-54690,2024-06-24,V05,M201,811555.81,85,2.69
ORD-54691,2022-06-16,V04,M100,824977.84,216,1.02
ORD-54692,2024-09-16,V01,M101,711618.15,482,2.1
ORD-54693,2023-02-04,V01,M201,139949.59,52,1.91
ORD-54694,2024-09-03,V04,M300,670724.64,36,3.53
ORD-54695,2023-06-05,V03,M100,890195.72,107,3.06
ORD-54696,2022-02-20,V01,M201,431276.33,219,4.25
ORD-54697,2022-10-22,V02,M101,419381.69,423,4.19
ORD-54698,2023-02-19,V04,M201,448429.73,337,3.4
ORD-54699,2023-08-21,V01,M100,91449.17,409,3.58
ORD-54700,2023-03-11,V05,M201,893105.31,371,3.0
ORD-54701,2023-02-06,V06,M300,870491.04,486,3.27
ORD-54702,2024-04-07,V02,M200,2494825.575,298,2.97
ORD-54703,2024-02-04,V06,M100,589331.31,254,1.75
ORD-54704,2023-07-25,V06,M100,753679.72,405,1.9
ORD-54705,2023-12-21,V01,M100,210645.19,68,2.8
ORD-54706,2022-05-29,V02,M100,670853.53,473,3.38
ORD-54707,2022-01-20,V02,M201,653235.52,187,2.12
ORD-54708,2022-12-10,V03,M300,902196.65,124,1.07
ORD-54709,2022-03-04,V06,M101,832484.8,30,2.34
ORD-54710,2024-10-25,V02,M300,939081.8,185,4.35
ORD-54711,2022-12-12,V03,M100,870145.14,289,1.36
ORD-54712,2022-10-27,V04,M400,870006.96,359,3.1
ORD-54713,2024-07-18,V03,M201,73086.09,474,4.43
ORD-54714,2022-01-24,V05,M400,847502.33,473,2.0
ORD-54715,2023-08-17,V01,M201,611403.61,53,4.05
ORD-54716,2022-07-07,V04,M100,386640.01,400,3.96
ORD-54717,2023-07-27,V04,M201,65949.48,177,1.86
ORD-54718,2024-07-17,V05,M100,680897.04,472,0.89
ORD-54719,2024-06-04,V03,M300,334919.73,133,1.21
ORD-54720,2023-10-23,V01,M200,1182746.25,362,1.96
ORD-54721,2023-09-26,V03,M201,684911.15,487,4.34
ORD-54722,2023-07-22,V02,M100,912656.8,77,1.6
ORD-54723,2022-08-17,V03,M400,827182.55,350,4.21
ORD-54724,2024-01-14,V04,M100,456091.16,60,1.23
ORD-54725,2022-11-22,V01,M400,393905.33,455,4.38
ORD-54726,2022-08-25,V03,M201,247381.94,367,1.67
ORD-54727,2023-05-07,V01,M101,378702.48,465,3.03
ORD-54728,2024-02-18,V01,M400,119935.92,311,0.78
ORD-54729,2023-03-16,V02,M100,971394.45,91,1.7
ORD-54730,2023-09-03,V02,M201,578178.27,419,1.34
ORD-54731,2023-05-24,V04,M100,136527.78,453,0.51
ORD-54732,2024-09-19,V05,M101,359277.95,298,1.13
ORD-54733,2022-06-16,V01,M200,1378921.875,325,2.87
ORD-54734,2022-01-22,V05,M101,537556.78,280,2.06
ORD-54735,2024-03-27,V04,M300,45148.34,199,3.39
ORD-54736,2022-05-05,V01,M201,951332.62,455,3.18
ORD-54737,2024-03-12,V01,M101,282621.92,118,3.7
ORD-54738,2024-04-03,V06,M200,65057.05,183,3.97
ORD-54739,2023-03-04,V05,M100,85679.57,398,3.78
ORD-54740,2024-07-18,V03,M201,584392.95,55,2.29
ORD-54741,2022-03-20,V02,M400,146407.67,271,1.73
ORD-54742,2023-07-22,V03,M101,51307.54,5,2.51
ORD-54743,2022-12-18,V05,M200,964575.5,101,2.64
ORD-54744,2023-02-02,V02,M101,626533.58,388,1.75
ORD-54745,2022-08-15,V03,M300,120721.41,286,2.66
ORD-54746,2023-05-18,V06,M201,320194.55,468,0.92
ORD-54747,2022-05-11,V02,M100,423583.06,53,1.42
ORD-54748,2022-02-12,V01,M200,419663.75,218,3.48
ORD-54749,2024-11-13,V03,M101,511013.16,329,1.23
ORD-54750,2024-04-18,V02,M201,94361.95,286,1.06
ORD-54751,2023-02-02,V06,M101,56053.31,492,1.65
ORD-54752,2024-08-30,V02,M201,524637.01,240,1.98
ORD-54753,2024-04-09,V02,M300,255418.0,214,1.81
ORD-54754,2023-06-03,V06,M101,104420.07,104,2.0
ORD-54755,2022-08-24,V03,M300,429673.46,361,1.06
ORD-54756,2023-09-21,V04,M400,915989.33,364,1.16
ORD-54757,2022-09-29,V03,M400,726950.52,222,1.44
ORD-54758,2024-05-25,V05,M200,2043649.4,340,2.11
ORD-54759,2024-05-01,V06,M300,873194.85,348,1.84
ORD-54760,2023-03-13,V03,M201,972901.46,189,3.67
ORD-54761,2024-09-14,V02,M200,1914035.275,327,2.6
ORD-54762,2023-03-19,V06,M101,612323.84,324,2.8
ORD-54763,2022-07-10,V01,M101,371771.62,476,2.74
ORD-54764,2023-03-11,V03,M201,189826.8,311,2.1
ORD-54765,2023-05-28,V06,M100,689793.28,99,4.42
ORD-54766,2022-07-05,V03,M100,995000.49,97,0.65
ORD-54767,2024-11-18,V06,M101,472685.1,327,1.36
ORD-54768,2023-10-03,V02,M201,726442.57,73,1.64
ORD-54769,2024-05-13,V01,M100,500141.53,482,4.03
ORD-54770,2024-02-10,V01,M300,437614.09,256,4.18
ORD-54771,2023-04-16,V05,M101,416202.56,231,3.88
ORD-54772,2023-06-02,V06,M400,509578.44,170,2.17
ORD-54773,2023-08-08,V03,M300,373226.71,482,4.16
ORD-54774,2023-04-01,V01,M201,751285.59,333,0.89
ORD-54775,2023-08-01,V01,M400,875529.31,157,3.11
ORD-54776,2022-12-02,V04,M300,884056.45,419,4.25
ORD-54777,2024-07-12,V04,M100,235421.73,429,3.52
ORD-54778,2023-02-26,V01,M100,896950.05,458,1.61
ORD-54779,2023-12-28,V06,M400,348135.72,222,3.37
ORD-54780,2023-05-06,V05,M200,790536.4750000001,364,1.68
ORD-54781,2023-08-05,V01,M101,729488.5,346,0.95
ORD-54782,2024-10-18,V02,M400,311649.38,99,3.37
ORD-54783,2022-01-13,V03,M201,62436.74,220,1.22
ORD-54784,2024-03-26,V05,M101,379881.59,413,0.94
ORD-54785,2022-05-21,V02,M300,724250.94,244,2.71
ORD-54786,2023-06-26,V05,M201,333688.84,454,2.98
ORD-54787,2023-05-14,V02,M201,633263.47,259,0.7
ORD-54788,2022-05-31,V03,M100,663518.25,477,0.52
ORD-54789,2024-03-27,V03,M300,736398.65,441,4.03
ORD-54790,2022-03-30,V04,M100,898159.16,194,0.96
ORD-54791,2023-09-10,V06,M100,438238.85,375,2.84
ORD-54792,2022-10-14,V02,M200,436919.4,150,4.31
ORD-54793,2024-07-22,V04,M100,325736.46,494,2.55
ORD-54794,2024-07-11,V02,M101,437845.58,367,1.06
ORD-54795,2022-05-17,V04,M201,716752.55,498,2.07
ORD-54796,2022-12-17,V03,M100,22990.9,155,3.0
ORD-54797,2023-05-17,V05,M400,322627.53,499,3.55
ORD-54798,2024-05-08,V04,M101,782044.16,22,2.93
ORD-54799,2022-08-01,V02,M300,674149.13,458,0.64
ORD-54800,2023-06-04,V02,M201,734422.57,116,1.07
ORD-54801,2024-10-21,V06,M400,813692.66,113,1.99
ORD-54802,2024-09-11,V03,M400,785403.36,433,3.32
ORD-54803,2023-06-29,V02,M300,685361.33,211,2.84
ORD-54804,2024-11-25,V01,M400,445264.92,24,0.68
ORD-54805,2024-01-05,V05,M101,983762.35,283,3.69
ORD-54806,2024-07-15,V04,M300,573382.46,292,2.92
ORD-54807,2022-03-23,V06,M400,210741.52,363,4.05
ORD-54808,2023-07-30,V05,M300,299884.73,401,2.17
ORD-54809,2024-11-27,V03,M300,696626.83,56,2.46
ORD-54810,2024-04-30,V06,M100,925492.17,266,2.12
ORD-54811,2022-09-12,V04,M100,186932.93,54,3.39
ORD-54812,2024-04-02,V04,M100,91523.03,337,3.51
ORD-54813,2022-11-29,V01,M400,882715.74,108,3.39
ORD-54814,2024-07-23,V03,M201,916125.2,202,1.67
ORD-54815,2024-01-11,V06,M101,283615.55,202,3.04
ORD-54816,2023-02-07,V06,M400,383512.87,422,1.85
ORD-54817,2022-06-06,V02,M100,663586.12,337,3.84
ORD-54818,2022-05-15,V01,M300,336630.72,383,0.72
ORD-54819,2024-11-23,V01,M400,878387.12,474,0.65
ORD-54820,2022-08-11,V06,M300,116502.92,218,0.91
ORD-54821,2024-01-27,V06,M300,47602.4,243,1.31
ORD-54822,2022-09-01,V05,M300,216401.34,354,0.65
ORD-54823,2023-02-21,V05,M200,733067.25,388,0.79
ORD-54824,2022-12-05,V05,M201,121797.33,178,1.72
ORD-54825,2022-09-07,V01,M101,75033.53,475,0.9
ORD-54826,2022-11-26,V02,M101,758051.64,61,3.71
ORD-54827,2023-11-16,V04,M100,172633.8,405,0.72
ORD-54828,2022-10-30,V05,M200,2286957.45,36,4.13
ORD-54829,2022-04-16,V02,M400,374319.66,358,3.98
ORD-54830,2023-08-31,V03,M400,673899.75,46,1.33
ORD-54831,2023-01-22,V05,M101,233148.09,95,0.79
ORD-54832,2024-10-15,V04,M201,247919.54,327,0.92
ORD-54833,2023-10-24,V03,M300,578962.11,44,2.74
ORD-54834,2023-12-05,V03,M100,565036.5,320,2.9
ORD-54835,2022-01-24,V04,M201,771041.94,226,1.76
ORD-54836,2022-08-27,V05,M101,760235.17,146,1.69
ORD-54837,2022-04-22,V01,M200,1684952.225,472,2.63
ORD-54838,2022-11-14,V04,M100,454639.26,269,1.72
ORD-54839,2023-11-04,V04,M101,891733.98,13,4.24
ORD-54840,2023-06-22,V04,M400,626352.71,25,2.03
ORD-54841,2024-09-22,V03,M100,990296.51,261,1.38
ORD-54842,2023-04-20,V02,M101,821176.12,128,1.08
ORD-54843,2022-10-12,V01,M400,53866.71,39,3.03
ORD-54844,2023-01-18,V05,M400,327387.97,157,1.81
ORD-54845,2022-03-28,V05,M300,576156.96,364,1.26
ORD-54846,2023-06-29,V02,M200,1810637.0999999999,185,1.6
ORD-54847,2024-12-20,V04,M300,554833.13,174,1.73
ORD-54848,2024-05-21,V01,M101,788269.12,417,3.0
ORD-54849,2022-12-02,V05,M201,289829.1,472,1.2
ORD-54850,2023-12-09,V06,M300,192072.93,394,3.43
ORD-54851,2022-12-19,V05,M201,63377.52,186,1.72
ORD-54852,2024-06-25,V04,M400,577580.61,281,2.45
ORD-54853,2022-10-02,V06,M101,691713.53,489,3.12
ORD-54854,2022-03-24,V02,M200,832220.5499999999,74,2.67
ORD-54855,2022-11-26,V01,M201,617448.34,295,3.15
ORD-54856,2023-03-16,V02,M101,61635.66,16,1.79
ORD-54857,2022-12-03,V02,M201,108300.41,188,4.35
ORD-54858,2023-03-29,V01,M300,704737.22,412,2.34
ORD-54859,2024-04-15,V01,M101,374389.01,460,1.79
ORD-54860,2024-03-17,V05,M300,674620.69,172,1.69
ORD-54861,2023-12-10,V05,M100,833403.91,186,0.67
ORD-54862,2022-12-09,V01,M101,854096.21,32,3.24
ORD-54863,2023-05-06,V06,M201,180445.97,63,1.55
ORD-54864,2022-11-21,V03,M100,491422.72,499,4.34
ORD-54865,2023-04-28,V05,M300,736587.46,349,1.34
ORD-54866,2023-07-01,V03,M300,776240.79,301,2.62
ORD-54867,2022-02-03,V06,M201,786829.22,309,3.44
ORD-54868,2022-07-18,V01,M100,235885.66,189,3.98
ORD-54869,2024-03-21,V06,M400,200609.47,306,1.13
ORD-54870,2023-07-20,V05,M200,1485280.8499999999,411,4.44
ORD-54871,2023-08-21,V02,M201,743674.94,26,4.13
ORD-54872,2024-01-08,V01,M300,325948.12,387,4.35
ORD-54873,2024-07-17,V04,M101,113658.11,346,3.91
ORD-54874,2022-06-30,V03,M100,719578.92,39,4.01
ORD-54875,2023-04-02,V06,M400,306700.85,193,2.9
ORD-54876,2022-03-01,V01,M200,436747.75,163,3.88
ORD-54877,2024-04-22,V06,M101,156246.29,53,2.64
ORD-54878,2023-09-26,V01,M100,321760.45,475,2.65
ORD-54879,2024-06-05,V05,M400,596751.29,174,2.75
ORD-54880,2023-06-02,V05,M201,364818.22,196,4.49
ORD-54881,2023-08-20,V05,M400,30455.23,211,0.92
ORD-54882,2024-11-22,V06,M201,105939.35,278,3.72
ORD-54883,2024-08-31,V04,M100,297598.21,188,1.59
ORD-54884,2024-01-31,V05,M400,663107.44,390,1.94
ORD-54885,2024-06-17,V01,M200,268824.8,308,0.82
ORD-54886,2023-07-28,V05,M400,565050.28,457,1.91
ORD-54887,2023-10-28,V02,M100,128687.01,331,4.46
ORD-54888,2023-09-05,V05,M101,219499.17,214,2.09
ORD-54889,2022-11-13,V06,M101,180466.64,495,3.18
ORD-54890,2024-03-21,V04,M400,76556.35,329,0.98
ORD-54891,2024-02-01,V02,M400,674616.52,29,4.19
ORD-54892,2023-08-29,V06,M201,468769.51,171,3.81
ORD-54893,2023-07-14,V06,M100,832742.91,122,2.05
ORD-54894,2024-10-01,V06,M201,107901.93,458,1.89
ORD-54895,2024-12-19,V01,M200,383214.0,418,2.23
ORD-54896,2023-05-04,V06,M101,313393.15,159,2.11
ORD-54897,2022-02-27,V01,M300,768207.33,86,1.53
ORD-54898,2023-10-18,V06,M300,312701.23,302,4.46
ORD-54899,2024-11-06,V03,M100,414334.52,4,3.74
ORD-54900,2023-09-04,V02,M100,308587.53,2,1.57
ORD-54901,2022-02-06,V03,M300,89422.05,133,4.43
ORD-54902,2023-08-03,V06,M100,940039.29,302,0.56
ORD-54903,2022-10-02,V02,M101,553053.6,79,2.25
ORD-54904,2022-08-28,V02,M200,1974887.15,147,2.78
ORD-54905,2022-12-12,V04,M200,1654433.8,166,0.65
ORD-54906,2023-12-12,V03,M201,519111.74,315,1.14
ORD-54907,2024-08-06,V04,M101,98781.47,463,1.53
ORD-54908,2022-01-05,V02,M100,646306.21,238,3.38
ORD-54909,2024-07-11,V01,M100,163816.65,328,4.26
ORD-54910,2023-07-27,V02,M201,420239.34,276,3.0
ORD-54911,2023-02-15,V04,M201,632822.01,204,2.75
ORD-54912,2022-08-08,V03,M100,784406.71,452,2.65
ORD-54913,2024-11-07,V06,M100,688194.72,53,1.9
ORD-54914,2024-10-18,V06,M101,674818.19,486,3.81
ORD-54915,2024-11-07,V03,M201,157551.79,107,2.66
ORD-54916,2023-05-19,V06,M101,352667.25,55,1.42
ORD-54917,2023-12-25,V06,M400,52483.15,246,1.05
ORD-54918,2022-02-15,V04,M100,722282.12,423,4.44
ORD-54919,2022-07-29,V03,M300,953060.12,377,0.57
ORD-54920,2023-09-22,V05,M300,271469.29,164,4.23
ORD-54921,2023-07-06,V01,M400,96819.74,442,1.37
ORD-54922,2024-09-26,V01,M100,480814.38,15,3.13
ORD-54923,2022-09-11,V06,M201,858131.24,1,1.71
ORD-54924,2024-04-24,V01,M300,556454.45,351,3.94
ORD-54925,2023-07-02,V03,M201,56309.38,137,2.67
ORD-54926,2024-08-28,V03,M300,974529.52,151,1.06
ORD-54927,2022-09-08,V02,M201,830363.41,180,1.58
ORD-54928,2022-05-18,V02,M300,140278.14,410,1.78
ORD-54929,2022-11-13,V01,M201,922579.78,232,4.04
ORD-54930,2022-06-28,V05,M400,456181.41,492,3.57
ORD-54931,2024-09-01,V02,M101,378179.01,487,3.82
ORD-54932,2022-01-26,V02,M201,466442.8,188,0.71
ORD-54933,2024-10-19,V03,M101,836226.24,18,2.82
ORD-54934,2023-01-31,V05,M101,662884.88,225,4.5
ORD-54935,2023-09-08,V06,M100,68655.97,105,3.64
ORD-54936,2022-08-29,V01,M400,958028.33,487,0.98
ORD-54937,2022-12-02,V02,M101,156306.29,206,3.22
ORD-54938,2023-06-09,V05,M200,1870280.675,186,3.48
ORD-54939,2024-04-15,V05,M101,639775.17,65,2.56
ORD-54940,2024-11-17,V01,M201,195652.77,333,0.82
ORD-54941,2024-02-26,V05,M101,179024.76,372,0.64
ORD-54942,2024-04-11,V05,M201,871624.32,207,4.25
ORD-54943,2023-07-06,V05,M201,425497.97,229,1.53
ORD-54944,2024-03-13,V02,M200,1645076.875,69,2.02
ORD-54945,2024-09-21,V01,M101,509030.29,142,3.68
ORD-54946,2022-07-07,V05,M101,730079.98,206,3.26
ORD-54947,2023-06-29,V05,M300,484449.95,174,4.37
ORD-54948,2023-03-09,V02,M300,294506.12,197,0.87
ORD-54949,2024-12-23,V01,M100,369749.54,331,3.33
ORD-54950,2023-12-13,V03,M201,860486.92,416,0.83
ORD-54951,2022-09-18,V02,M200,1183385.875,307,0.5
ORD-54952,2023-02-11,V01,M300,221314.84,197,0.98
ORD-54953,2023-12-17,V05,M101,935259.33,228,2.97
ORD-54954,2023-10-15,V01,M100,798634.45,271,3.2
ORD-54955,2023-04-17,V01,M200,162773.7,437,2.25
ORD-54956,2023-02-03,V06,M400,998953.53,199,0.68
ORD-54957,2023-02-22,V01,M101,697977.43,325,3.04
ORD-54958,2022-02-04,V03,M101,168663.93,478,0.84
ORD-54959,2022-03-29,V01,M400,244796.0,15,1.07
ORD-54960,2024-04-10,V03,M201,695521.03,286,2.55
ORD-54961,2023-02-27,V05,M201,781963.44,334,1.86
ORD-54962,2022-07-21,V03,M300,246645.58,408,2.36
ORD-54963,2024-05-20,V05,M300,264399.17,216,3.04
ORD-54964,2024-01-18,V05,M101,314049.49,35,1.14
ORD-54965,2023-12-26,V03,M101,602038.18,69,4.07
ORD-54966,2023-08-10,V02,M300,180098.02,396,2.74
ORD-54967,2023-09-01,V04,M400,113200.77,212,0.59
ORD-54968,2024-05-09,V01,M300,682075.45,46,3.01
ORD-54969,2023-08-30,V06,M101,781306.96,382,2.35
ORD-54970,2024-04-19,V04,M200,1264800.275,453,3.31
ORD-54971,2024-11-17,V01,M101,370194.38,248,3.64
ORD-54972,2024-10-18,V01,M200,1094305.7249999999,420,4.26
ORD-54973,2022-12-27,V05,M200,986309.4,85,4.49
ORD-54974,2023-10-18,V01,M101,960385.06,48,2.7
ORD-54975,2022-05-03,V06,M100,770409.01,231,2.75
ORD-54976,2022-10-28,V01,M300,216006.34,67,0.59
ORD-54977,2023-05-01,V03,M201,390347.26,477,3.96
ORD-54978,2022-07-07,V04,M101,548572.17,438,0.61
ORD-54979,2023-06-11,V03,M200,1542140.0,89,3.03
ORD-54980,2022-09-02,V06,M101,473502.06,219,0.89
ORD-54981,2024-08-06,V01,M300,812025.37,420,1.64
ORD-54982,2022-04-06,V06,M400,769929.96,52,1.06
ORD-54983,2024-11-11,V05,M200,1275265.85,22,1.05
ORD-54984,2023-07-23,V03,M201,855885.09,422,0.8
ORD-54985,2022-05-08,V03,M201,753578.64,99,1.77
ORD-54986,2024-09-07,V02,M201,780796.03,446,2.19
ORD-54987,2022-08-06,V01,M400,956836.77,449,2.36
ORD-54988,2023-03-14,V05,M100,273802.27,131,2.26
ORD-54989,2024-04-14,V03,M200,687429.2,88,2.59
ORD-54990,2022-11-18,V03,M400,890062.73,136,3.94
ORD-54991,2023-01-10,V05,M200,1936260.275,496,3.03
ORD-54992,2023-01-20,V06,M400,927280.09,374,0.57
ORD-54993,2022-02-24,V06,M400,72498.86,39,1.19
ORD-54994,2023-04-21,V01,M100,631479.51,18,1.9
ORD-54995,2022-10-18,V02,M200,382955.125,105,4.3
ORD-54996,2022-10-21,V03,M400,508858.23,387,0.81
ORD-54997,2024-03-03,V02,M100,164189.46,146,3.34
ORD-54998,2024-11-24,V06,M101,136797.72,336,0.63
ORD-54999,2024-05-15,V06,M300,22046.66,224,1.95
ORD-55000,2023-06-16,V04,M400,633936.42,117,3.58
ORD-55001,2022-04-15,V01,M201,365432.39,1,1.88
ORD-55002,2022-09-12,V04,M100,114136.4,117,2.22
ORD-55003,2023-05-30,V04,M100,329609.4,384,4.12
ORD-55004,2024-11-09,V04,M400,177254.65,26,0.76
ORD-55005,2024-12-26,V01,M100,942277.88,436,2.61
ORD-55006,2024-01-16,V01,M101,326804.84,496,1.96
ORD-55007,2022-07-23,V05,M100,340613.99,12,4.36
ORD-55008,2024-11-20,V02,M300,841459.42,294,3.67
ORD-55009,2024-07-07,V02,M300,651278.2,341,0.99
ORD-55010,2022-08-20,V05,M201,713069.89,169,4.21
ORD-55011,2023-09-08,V05,M101,639641.79,53,1.34
ORD-55012,2024-01-06,V06,M300,946734.32,269,0.84
ORD-55013,2022-09-17,V04,M400,214930.82,248,2.67
ORD-55014,2022-06-15,V05,M200,2472872.125,128,3.45
ORD-55015,2024-10-18,V03,M200,2081616.55,76,3.36
ORD-55016,2024-06-19,V02,M200,1482707.15,269,2.64
ORD-55017,2023-03-24,V05,M400,665747.91,146,2.47
ORD-55018,2024-12-21,V03,M100,652337.62,403,4.38
ORD-55019,2023-12-31,V03,M400,67812.26,403,3.78
ORD-55020,2022-11-19,V03,M100,225836.33,499,3.29
ORD-55021,2023-11-01,V06,M200,2404640.45,454,1.28
ORD-55022,2022-03-30,V06,M201,539020.78,48,3.78
ORD-55023,2024-06-24,V03,M201,384570.07,199,3.5
ORD-55024,2024-04-28,V06,M100,764418.08,71,4.47
ORD-55025,2024-02-24,V04,M200,1323184.375,412,1.03
ORD-55026,2022-11-13,V03,M400,23031.14,92,3.36
ORD-55027,2024-08-23,V04,M201,738875.22,403,4.42
ORD-55028,2023-07-16,V04,M100,734895.38,464,2.35
ORD-55029,2023-04-06,V03,M400,173497.22,209,3.43
ORD-55030,2023-06-12,V02,M200,2392733.725,342,4.4
ORD-55031,2023-12-21,V03,M101,231669.05,339,2.69
ORD-55032,2024-06-10,V03,M200,1157929.675,48,3.3
ORD-55033,2024-06-24,V06,M200,308971.5,29,0.58
ORD-55034,2024-12-27,V03,M400,607249.5,176,2.58
ORD-55035,2023-08-02,V02,M400,381696.61,19,1.52
ORD-55036,2022-11-07,V06,M300,359641.73,495,1.02
ORD-55037,2022-02-17,V01,M300,828707.11,355,3.33
ORD-55038,2024-09-22,V01,M400,19466.1,47,0.66
ORD-55039,2024-08-29,V04,M400,799967.3,345,4.12
ORD-55040,2024-10-24,V04,M101,575734.08,60,2.57
ORD-55041,2023-03-02,V02,M101,986237.53,176,3.09
ORD-55042,2022-12-19,V05,M200,1483871.975,255,1.51
ORD-55043,2024-04-26,V01,M201,64825.34,404,1.23
ORD-55044,2024-03-21,V04,M101,60138.87,229,1.48
ORD-55045,2024-02-01,V01,M200,2210803.65,147,1.43
ORD-55046,2024-07-20,V02,M100,842802.0,298,3.96
ORD-55047,2022-01-09,V02,M300,352431.17,333,3.65
ORD-55048,2022-02-13,V05,M201,621852.16,239,3.91
ORD-55049,2024-09-13,V05,M200,1236738.6,332,3.44
ORD-55050,2022-08-07,V06,M400,967492.41,433,3.07
ORD-55051,2022-12-20,V02,M100,950461.29,399,2.61
ORD-55052,2022-03-01,V04,M300,984000.62,188,1.56
ORD-55053,2023-07-14,V01,M100,867784.29,324,3.32
ORD-55054,2024-10-25,V03,M200,2276140.175,335,1.05
ORD-55055,2022-05-23,V05,M101,225105.99,209,2.54
ORD-55056,2022-06-20,V03,M300,832696.72,411,1.28
ORD-55057,2024-05-04,V04,M100,711768.54,75,2.52
ORD-55058,2024-06-14,V05,M101,963158.64,183,1.68
ORD-55059,2022-08-15,V03,M201,575549.21,87,0.71
ORD-55060,2024-10-25,V04,M200,235788.75,271,2.51
ORD-55061,2024-11-15,V01,M200,1503562.25,180,1.23
ORD-55062,2024-06-30,V04,M300,689715.12,415,1.14
ORD-55063,2023-01-06,V06,M100,228117.82,245,2.04
ORD-55064,2024-10-12,V05,M201,400172.25,346,1.95
ORD-55065,2024-02-03,V02,M400,602518.38,7,3.97
ORD-55066,2024-02-19,V01,M300,380364.68,269,2.76
ORD-55067,2022-06-29,V03,M400,381198.24,438,3.92
ORD-55068,2024-05-01,V05,M300,141755.77,13,1.09
ORD-55069,2022-08-18,V02,M100,941339.26,404,1.93
ORD-55070,2023-04-21,V04,M201,752989.44,226,2.72
ORD-55071,2022-04-23,V02,M100,11231.0,266,1.11
ORD-55072,2024-06-13,V05,M200,1919892.875,242,1.01
ORD-55073,2023-04-19,V05,M400,742397.04,380,3.15
ORD-55074,2023-09-05,V06,M101,19633.65,180,3.12
ORD-55075,2024-08-28,V06,M200,939770.625,421,1.44
ORD-55076,2024-03-07,V02,M200,1526700.525,180,1.41
ORD-55077,2022-10-27,V04,M400,458223.15,126,3.48
ORD-55078,2023-01-29,V02,M300,780206.26,499,0.97
ORD-55079,2022-03-18,V05,M200,1078009.375,283,4.19
ORD-55080,2023-04-29,V05,M201,162324.34,418,4.27
ORD-55081,2024-12-11,V03,M200,2441628.675,356,3.98
ORD-55082,2023-01-01,V06,M201,249619.59,190,1.34
ORD-55083,2023-05-06,V03,M100,720515.39,16,0.57
ORD-55084,2022-04-03,V01,M300,151724.75,315,4.25
ORD-55085,2022-05-13,V05,M201,335722.49,21,1.88
ORD-55086,2023-05-30,V03,M200,1119018.325,16,1.74
ORD-55087,2022-08-11,V02,M300,200309.68,465,1.55
ORD-55088,2023-12-29,V06,M300,455459.98,463,1.48
ORD-55089,2022-12-04,V06,M201,165591.19,269,3.44
ORD-55090,2022-07-20,V04,M201,563416.47,33,4.13
ORD-55091,2022-09-18,V02,M101,667076.12,182,3.64
ORD-55092,2022-06-01,V04,M101,71809.94,69,3.2
ORD-55093,2022-07-23,V03,M300,872420.8,411,1.65
ORD-55094,2023-11-23,V01,M400,193289.48,52,2.69
ORD-55095,2024-04-28,V02,M400,233108.8,65,1.45
ORD-55096,2022-04-19,V02,M101,664736.34,300,0.95
ORD-55097,2024-04-16,V02,M200,1185158.875,414,0.98
ORD-55098,2022-02-12,V04,M100,504401.64,407,2.92
ORD-55099,2022-02-14,V03,M300,136873.43,335,0.65
ORD-55100,2023-03-27,V02,M100,807678.46,228,4.39
ORD-55101,2022-09-17,V02,M101,620883.7,467,4.48
ORD-55102,2024-01-09,V06,M201,144028.22,222,1.1
ORD-55103,2022-05-24,V01,M300,380259.37,272,2.21
ORD-55104,2022-04-26,V06,M101,812305.83,439,3.57
ORD-55105,2022-07-15,V06,M200,1431678.75,18,4.32
ORD-55106,2022-02-05,V01,M300,117562.29,218,4.07
ORD-55107,2024-03-29,V03,M300,379049.28,273,1.52
ORD-55108,2024-10-15,V06,M400,250267.45,459,0.84
ORD-55109,2024-10-09,V03,M201,522290.9,308,1.65
ORD-55110,2024-08-26,V06,M300,844927.52,173,2.25
ORD-55111,2023-07-04,V05,M201,441904.46,56,1.94
ORD-55112,2024-02-15,V01,M101,439008.61,349,3.6
ORD-55113,2022-03-25,V06,M200,2265743.475,438,1.53
ORD-55114,2022-05-12,V05,M200,1451058.9000000001,9,3.93
ORD-55115,2023-07-25,V04,M300,570529.18,497,1.4
ORD-55116,2024-11-30,V05,M300,269290.79,401,1.95
ORD-55117,2024-12-02,V02,M101,611645.52,283,2.29
ORD-55118,2023-12-27,V06,M400,580151.36,293,1.66
ORD-55119,2024-12-26,V05,M400,402882.96,22,3.57
ORD-55120,2023-05-03,V03,M400,990788.61,72,2.14
ORD-55121,2023-01-31,V04,M201,883072.06,451,4.05
ORD-55122,2023-06-25,V06,M400,752090.43,422,4.35
ORD-55123,2024-04-15,V02,M200,1354930.325,355,3.94
ORD-55124,2024-01-31,V05,M201,467439.2,480,2.59
ORD-55125,2022-04-23,V04,M101,193048.42,328,2.54
ORD-55126,2022-04-09,V06,M200,781700.25,172,1.36
ORD-55127,2023-12-17,V04,M200,1940552.9749999999,123,2.87
ORD-55128,2024-12-12,V02,M100,459211.46,91,4.31
ORD-55129,2023-05-08,V05,M101,883446.82,224,0.82
ORD-55130,2024-07-23,V04,M101,156432.02,292,3.51
ORD-55131,2022-09-01,V04,M100,513263.63,354,3.98
ORD-55132,2022-09-13,V01,M201,650496.03,252,4.45
ORD-55133,2022-06-24,V04,M400,521679.97,409,1.84
ORD-55134,2022-10-27,V01,M400,890334.62,479,1.92
ORD-55135,2023-05-22,V05,M400,989667.65,298,1.42
ORD-55136,2023-11-15,V06,M400,124676.31,367,3.66
ORD-55137,2024-07-20,V06,M400,138655.36,256,1.06
ORD-55138,2023-08-08,V05,M100,139020.87,13,1.57
ORD-55139,2024-06-07,V05,M101,684365.33,440,1.68
ORD-55140,2023-08-18,V03,M201,378949.33,335,2.0
ORD-55141,2023-02-13,V05,M200,1839953.775,118,2.19
ORD-55142,2023-11-05,V04,M400,411416.76,435,2.74
ORD-55143,2024-03-29,V06,M100,631330.65,178,4.29
ORD-55144,2023-12-18,V02,M201,772159.43,461,1.49
ORD-55145,2024-09-05,V06,M201,552733.75,308,3.62
ORD-55146,2022-12-03,V01,M201,544108.55,161,3.21
ORD-55147,2024-02-05,V06,M100,97351.98,95,0.96
ORD-55148,2023-05-08,V03,M200,1041684.825,409,3.74
ORD-55149,2024-01-21,V05,M400,550319.38,368,0.86
ORD-55150,2024-11-12,V05,M201,467361.02,314,3.46
ORD-55151,2024-06-17,V06,M100,901774.18,168,3.36
ORD-55152,2023-05-02,V02,M101,907465.33,87,3.26
ORD-55153,2023-11-01,V02,M100,823698.21,422,1.61
ORD-55154,2023-07-13,V03,M100,381545.09,3,2.79
ORD-55155,2022-03-08,V01,M100,720126.16,372,3.55
ORD-55156,2023-03-16,V06,M201,401335.58,16,3.05
ORD-55157,2023-06-07,V05,M100,240267.66,130,3.72
ORD-55158,2022-09-14,V06,M101,349473.62,23,3.25
ORD-55159,2024-05-08,V03,M201,80254.99,98,1.6
ORD-55160,2022-09-24,V04,M101,338459.73,158,1.11
ORD-55161,2024-11-15,V04,M300,466134.8,239,3.03
ORD-55162,2022-10-08,V03,M100,955926.09,10,3.54
ORD-55163,2022-10-01,V05,M400,320276.48,321,1.07
ORD-55164,2024-08-01,V03,M400,903429.0,22,1.2
ORD-55165,2024-07-24,V05,M201,236569.69,308,0.55
ORD-55166,2024-11-07,V02,M400,199059.21,367,2.63
ORD-55167,2022-12-05,V03,M201,523805.5,184,2.67
ORD-55168,2024-12-31,V05,M100,675786.26,417,2.5
ORD-55169,2024-03-04,V03,M200,134722.325,217,1.76
ORD-55170,2023-01-09,V03,M200,572138.025,214,2.21
ORD-55171,2024-06-20,V05,M101,461126.83,336,3.56
ORD-55172,2022-06-24,V05,M100,337694.29,158,1.23
ORD-55173,2023-11-05,V01,M400,715494.87,210,1.31
ORD-55174,2023-04-09,V03,M100,516048.99,408,3.17
ORD-55175,2024-01-26,V04,M300,168755.51,133,3.97
ORD-55176,2024-02-23,V03,M200,2238801.825,53,1.86
ORD-55177,2023-01-30,V03,M400,299976.62,229,4.23
ORD-55178,2023-06-01,V05,M200,1834549.5,183,0.73
ORD-55179,2023-10-20,V03,M100,782116.62,23,0.97
ORD-55180,2024-06-01,V06,M400,963526.12,106,2.34
ORD-55181,2023-05-12,V03,M101,503522.39,91,3.39
ORD-55182,2022-03-14,V06,M100,619677.16,119,1.98
ORD-55183,2023-08-19,V04,M101,341527.53,460,2.72
ORD-55184,2022-01-06,V05,M400,681397.5,138,0.61
ORD-55185,2023-09-23,V03,M200,1171874.125,482,2.35
ORD-55186,2024-05-03,V06,M300,443275.84,120,1.47
ORD-55187,2023-01-28,V06,M201,856912.85,161,2.57
ORD-55188,2023-02-14,V06,M200,149167.90000000002,208,2.6
ORD-55189,2022-09-03,V02,M101,883142.8,349,3.51
ORD-55190,2022-10-17,V01,M100,853549.14,318,2.66
ORD-55191,2024-09-23,V04,M400,511302.59,338,2.96
ORD-55192,2023-08-21,V03,M200,1238252.075,155,2.62
ORD-55193,2024-06-22,V02,M300,368189.29,263,4.46
ORD-55194,2024-10-17,V03,M400,994232.05,356,3.67
ORD-55195,2023-02-22,V03,M101,120057.64,155,3.52
ORD-55196,2024-02-19,V05,M400,594313.08,330,3.01
ORD-55197,2024-09-17,V05,M400,684864.77,394,2.61
ORD-55198,2022-06-05,V05,M100,934986.71,459,1.88
ORD-55199,2022-02-14,V02,M201,782401.46,313,3.64
ORD-55200,2022-12-11,V03,M101,647408.73,286,1.26
ORD-55201,2022-10-05,V01,M100,125644.19,259,0.65
ORD-55202,2024-07-25,V04,M201,379996.18,157,3.29
ORD-55203,2023-07-29,V05,M100,147453.23,14,1.08
ORD-55204,2023-03-27,V05,M201,882400.61,77,4.12
ORD-55205,2023-11-19,V03,M201,752124.94,339,3.58
ORD-55206,2024-09-14,V03,M201,759961.42,409,2.91
ORD-55207,2024-11-12,V02,M100,655733.95,394,1.76
ORD-55208,2022-12-04,V02,M400,511973.1,335,3.05
ORD-55209,2024-04-03,V05,M201,158471.35,220,2.41
ORD-55210,2023-10-15,V03,M400,336397.94,232,1.66
ORD-55211,2022-09-01,V01,M101,145546.63,433,4.28
ORD-55212,2023-06-07,V04,M300,727664.01,294,1.15
ORD-55213,2024-10-27,V03,M400,168626.49,455,3.51
ORD-55214,2022-05-03,V03,M300,705092.41,142,3.7
ORD-55215,2024-02-20,V06,M201,695332.84,251,4.31
ORD-55216,2022-09-05,V02,M300,464711.43,414,2.7
ORD-55217,2022-08-12,V04,M300,143876.37,296,2.64
ORD-55218,2023-02-21,V05,M201,321652.82,140,4.18
ORD-55219,2023-07-06,V03,M400,326892.18,476,3.7
ORD-55220,2023-01-10,V05,M201,703381.28,498,3.55
ORD-55221,2023-09-05,V03,M101,122605.59,142,3.66
ORD-55222,2022-07-04,V05,M200,2076944.9,129,2.47
ORD-55223,2023-11-02,V04,M100,763397.22,324,0.67
ORD-55224,2022-07-24,V02,M201,194443.85,305,1.29
ORD-55225,2024-06-25,V04,M201,721972.74,18,3.07
ORD-55226,2024-09-16,V06,M300,671828.05,243,2.08
ORD-55227,2024-06-12,V01,M101,750639.59,164,2.93
ORD-55228,2023-12-19,V02,M300,197039.27,320,2.71
ORD-55229,2022-02-22,V04,M400,166014.42,96,2.25
ORD-55230,2023-09-13,V06,M201,244119.15,28,1.44
ORD-55231,2022-09-06,V01,M201,372212.99,476,3.38
ORD-55232,2023-12-02,V06,M300,795728.33,230,4.14
ORD-55233,2022-03-31,V03,M201,740544.7,416,3.58
ORD-55234,2022-10-21,V03,M400,926197.08,456,0.98
ORD-55235,2022-10-25,V05,M200,170108.15,25,2.65
ORD-55236,2023-09-17,V02,M100,21440.72,175,3.84
ORD-55237,2024-09-26,V03,M100,702147.44,404,2.86
ORD-55238,2023-01-03,V06,M100,286494.62,161,2.26
ORD-55239,2023-05-17,V02,M200,851845.2749999999,30,1.64
ORD-55240,2023-10-23,V03,M201,551334.01,165,1.82
ORD-55241,2022-04-14,V05,M300,111388.99,208,1.47
ORD-55242,2024-12-28,V04,M101,646267.47,437,1.28
ORD-55243,2023-01-10,V05,M201,331895.97,473,2.86
ORD-55244,2024-06-24,V01,M200,1590969.9249999998,102,2.54
ORD-55245,2023-05-26,V03,M400,835666.84,373,3.44
ORD-55246,2022-09-10,V01,M200,448500.55,106,1.73
ORD-55247,2023-12-17,V01,M100,931564.36,330,2.34
ORD-55248,2022-02-21,V06,M201,535381.26,69,3.22
ORD-55249,2024-03-28,V02,M100,923698.49,8,4.35
ORD-55250,2024-10-14,V06,M101,215652.78,123,1.9
ORD-55251,2022-04-02,V03,M400,608517.04,353,1.69
ORD-55252,2024-03-02,V01,M100,409848.25,101,2.3
ORD-55253,2022-04-05,V04,M101,776479.97,1,3.4
ORD-55254,2023-07-21,V01,M200,1524624.625,351,4.35
ORD-55255,2022-08-15,V04,M100,499570.3,7,2.65
ORD-55256,2022-03-06,V06,M100,913855.55,318,3.75
ORD-55257,2022-11-25,V06,M300,383345.89,111,2.36
ORD-55258,2023-06-21,V02,M400,227780.4,343,0.66
ORD-55259,2022-11-14,V01,M400,612020.17,186,4.08
ORD-55260,2022-07-19,V05,M200,1569470.375,216,1.66
ORD-55261,2024-09-19,V06,M300,444703.68,462,1.05
ORD-55262,2024-11-19,V06,M101,491743.94,343,4.48
ORD-55263,2022-05-13,V02,M101,959957.88,123,1.89
ORD-55264,2022-02-27,V04,M200,1838397.075,201,1.05
ORD-55265,2024-11-09,V02,M400,119495.73,8,1.75
ORD-55266,2023-04-05,V01,M101,220008.77,64,2.56
ORD-55267,2022-09-22,V03,M200,2439552.175,136,0.85
ORD-55268,2022-12-02,V03,M101,729200.9,387,1.91
ORD-55269,2024-02-20,V04,M201,915894.67,383,3.18
ORD-55270,2024-05-28,V06,M100,310822.85,186,4.16
ORD-55271,2022-01-11,V04,M400,744448.19,127,2.09
ORD-55272,2022-07-28,V06,M201,716862.68,416,2.76
ORD-55273,2022-01-29,V06,M200,754357.7250000001,372,3.04
ORD-55274,2022-07-06,V03,M200,1388270.4000000001,452,0.78
ORD-55275,2022-04-23,V04,M201,631140.96,49,1.87
ORD-55276,2022-01-10,V02,M100,486320.49,166,3.24
ORD-55277,2024-01-20,V06,M100,828906.92,386,3.44
ORD-55278,2024-07-31,V05,M300,834540.35,127,1.92
ORD-55279,2024-11-05,V05,M101,852094.54,393,0.53
ORD-55280,2023-07-19,V02,M300,805389.33,302,0.53
ORD-55281,2024-10-28,V05,M100,493202.64,321,2.65
ORD-55282,2024-01-28,V01,M201,387623.92,177,2.71
ORD-55283,2022-04-17,V06,M101,833062.52,203,2.72
ORD-55284,2022-11-24,V02,M201,495299.44,157,3.39
ORD-55285,2024-11-17,V04,M300,253907.68,346,4.19
ORD-55286,2024-06-12,V06,M200,1280675.25,219,4.46
ORD-55287,2023-08-12,V02,M201,150431.32,486,3.3
ORD-55288,2023-08-03,V03,M300,694713.2,285,2.56
ORD-55289,2022-08-03,V04,M300,342562.07,289,1.06
ORD-55290,2024-03-04,V03,M300,268052.21,28,2.04
ORD-55291,2024-08-10,V06,M200,2392359.15,351,2.79
ORD-55292,2024-05-29,V04,M200,1947780.4749999999,83,4.5
ORD-55293,2022-03-27,V05,M200,1972997.0250000001,112,1.01
ORD-55294,2022-06-06,V02,M101,627484.75,154,3.67
ORD-55295,2024-04-23,V06,M200,2101952.6999999997,370,4.5
ORD-55296,2023-06-18,V01,M200,1903927.15,29,3.72
ORD-55297,2022-12-28,V04,M200,1506964.9249999998,395,3.57
ORD-55298,2024-10-12,V04,M201,961513.16,489,1.53
ORD-55299,2024-08-04,V06,M200,499197.5,480,0.51
ORD-55300,2022-07-05,V06,M101,943945.92,213,1.4
ORD-55301,2022-01-18,V03,M300,407423.78,102,3.66
ORD-55302,2022-06-02,V05,M201,533114.99,418,0.93
ORD-55303,2024-04-19,V03,M100,131511.93,360,1.68
ORD-55304,2024-01-06,V03,M200,1361765.9,214,2.75
ORD-55305,2022-07-22,V05,M300,615094.68,304,2.82
ORD-55306,2024-12-10,V01,M300,997724.53,155,2.67
ORD-55307,2022-09-10,V03,M201,975440.49,380,4.42
ORD-55308,2023-03-02,V03,M100,966733.32,200,0.55
ORD-55309,2022-05-20,V04,M400,354904.18,168,2.45
ORD-55310,2023-11-17,V05,M101,991353.83,238,2.52
ORD-55311,2023-02-18,V02,M400,460923.37,159,1.67
ORD-55312,2024-11-11,V01,M300,853317.9,193,2.6
ORD-55313,2023-11-18,V01,M400,224156.77,167,3.19
ORD-55314,2022-08-18,V05,M300,510774.85,226,3.19
ORD-55315,2022-06-24,V06,M400,966351.98,367,0.85
ORD-55316,2024-01-04,V06,M300,947561.08,251,3.71
ORD-55317,2023-12-10,V04,M300,686897.53,280,4.22
ORD-55318,2022-04-19,V04,M201,799836.18,476,0.99
ORD-55319,2023-04-29,V05,M100,184662.43,498,2.17
ORD-55320,2023-08-18,V04,M300,724441.96,452,2.55
ORD-55321,2024-05-17,V01,M101,621870.3,466,1.04
ORD-55322,2023-07-21,V01,M101,100636.22,221,2.51
ORD-55323,2023-02-26,V02,M200,305068.55,23,1.33
ORD-55324,2023-01-22,V06,M300,117359.18,485,4.24
ORD-55325,2024-03-13,V05,M300,727113.37,189,2.29
ORD-55326,2022-07-09,V03,M300,150298.06,411,4.48
ORD-55327,2023-12-02,V06,M400,473054.95,272,0.69
ORD-55328,2024-07-26,V03,M300,363411.99,429,1.01
ORD-55329,2022-04-28,V02,M300,554999.1,27,2.27
ORD-55330,2024-06-06,V02,M101,709411.72,457,4.0
ORD-55331,2022-04-12,V04,M100,687875.31,389,2.72
ORD-55332,2024-02-23,V02,M100,520364.72,443,3.43
ORD-55333,2023-05-07,V02,M200,1174228.8,456,2.19
ORD-55334,2022-11-18,V03,M101,403837.44,210,0.66
ORD-55335,2024-05-10,V04,M300,863290.85,35,3.09
ORD-55336,2024-07-30,V02,M100,337543.29,198,3.04
ORD-55337,2024-06-13,V06,M201,266772.16,491,0.79
ORD-55338,2024-05-04,V02,M201,745882.34,471,1.18
ORD-55339,2024-04-17,V04,M201,366165.83,174,2.4
ORD-55340,2024-04-26,V05,M300,848528.61,218,2.29
ORD-55341,2024-08-21,V04,M300,334609.83,56,3.51
ORD-55342,2023-01-25,V03,M200,1762313.45,383,2.05
ORD-55343,2024-03-28,V05,M200,136644.8,499,3.15
ORD-55344,2024-03-15,V06,M200,979268.125,487,3.32
ORD-55345,2022-01-27,V01,M400,349797.87,152,3.08
ORD-55346,2022-05-12,V04,M201,818511.95,394,2.88
ORD-55347,2024-05-18,V03,M300,967384.85,463,3.72
ORD-55348,2022-07-24,V06,M201,466272.46,38,3.13
ORD-55349,2024-06-18,V05,M200,2066469.7750000001,468,3.84
ORD-55350,2024-02-23,V06,M300,702697.75,477,3.05
ORD-55351,2024-03-01,V04,M101,967712.13,198,1.14
ORD-55352,2022-04-21,V02,M100,812997.43,432,1.74
ORD-55353,2022-06-06,V04,M100,86703.29,9,1.82
ORD-55354,2022-04-02,V01,M200,1790372.2750000001,499,0.88
ORD-55355,2023-02-02,V04,M201,540144.72,178,3.27
ORD-55356,2023-04-03,V05,M101,26271.7,325,2.88
ORD-55357,2023-01-27,V05,M300,258799.83,176,2.86
ORD-55358,2024-10-03,V04,M201,922537.69,423,2.41
ORD-55359,2023-01-28,V05,M200,2317001.9,467,2.67
ORD-55360,2024-01-01,V02,M201,800861.96,261,0.53
ORD-55361,2024-02-28,V06,M200,2454904.5250000004,84,0.88
ORD-55362,2023-11-27,V04,M400,808479.77,139,3.23
ORD-55363,2024-05-05,V02,M100,20102.15,242,1.55
ORD-55364,2023-05-19,V06,M100,294956.0,316,0.93
ORD-55365,2022-11-15,V06,M201,40317.94,155,1.81
ORD-55366,2024-10-07,V02,M101,103166.89,221,1.52
ORD-55367,2024-05-25,V03,M300,226652.41,135,0.62
ORD-55368,2024-04-13,V04,M200,1271307.4000000001,188,2.14
ORD-55369,2024-01-25,V06,M300,849056.68,178,0.61
ORD-55370,2022-02-11,V06,M100,863347.09,67,0.5
ORD-55371,2024-10-09,V05,M101,620039.84,69,3.67
ORD-55372,2023-09-19,V06,M101,928894.18,439,1.76
ORD-55373,2023-06-24,V02,M300,505061.7,77,2.77
ORD-55374,2023-10-17,V06,M100,890145.68,400,1.69
ORD-55375,2024-03-22,V03,M300,459524.6,374,4.22
ORD-55376,2024-12-03,V04,M201,284452.76,12,3.42
ORD-55377,2024-10-22,V04,M101,917248.79,487,1.98
ORD-55378,2022-03-30,V06,M101,394055.72,283,1.34
ORD-55379,2024-01-15,V01,M201,508370.07,246,1.05
ORD-55380,2022-08-18,V01,M100,335572.03,237,3.55
ORD-55381,2022-04-07,V02,M101,666209.22,252,2.31
ORD-55382,2023-02-13,V01,M400,995080.91,417,1.43
ORD-55383,2023-05-30,V02,M400,35258.41,207,4.18
ORD-55384,2022-01-06,V05,M400,900849.53,341,2.06
ORD-55385,2024-08-02,V02,M200,34717.0,108,2.67
ORD-55386,2024-09-17,V01,M200,926464.0,209,3.93
ORD-55387,2024-05-27,V06,M100,176920.74,311,3.83
ORD-55388,2024-09-19,V05,M201,759768.36,308,3.05
ORD-55389,2023-08-14,V01,M300,60104.73,293,4.05
ORD-55390,2022-11-23,V02,M100,557950.1,113,4.31
ORD-55391,2024-12-25,V03,M300,301976.87,376,4.24
ORD-55392,2023-01-13,V04,M100,142333.55,15,1.9
ORD-55393,2022-05-12,V01,M200,1935250.0750000002,340,2.09
ORD-55394,2022-12-05,V02,M400,225242.67,83,1.46
ORD-55395,2024-09-05,V05,M201,231438.46,65,3.85
ORD-55396,2023-10-22,V01,M200,705815.05,452,0.99
ORD-55397,2024-04-15,V01,M201,590899.1,3,1.92
ORD-55398,2022-04-23,V04,M300,663069.27,456,0.54
ORD-55399,2024-12-31,V02,M100,27426.5,361,2.88
ORD-55400,2024-08-26,V03,M101,249450.94,236,3.13
ORD-55401,2023-05-01,V05,M101,436661.13,389,1.5
ORD-55402,2024-12-28,V02,M201,338657.18,393,3.45
ORD-55403,2024-03-11,V05,M400,885328.95,129,2.03
ORD-55404,2023-08-23,V01,M400,789831.64,247,1.75
ORD-55405,2023-11-15,V04,M201,629631.31,235,4.32
ORD-55406,2022-02-02,V04,M200,861654.975,30,2.85
ORD-55407,2023-01-27,V06,M101,703665.62,71,1.51
ORD-55408,2023-09-15,V03,M200,2113004.075,470,4.43
ORD-55409,2024-09-11,V04,M300,598882.07,148,2.05
ORD-55410,2022-04-08,V01,M101,786616.85,93,3.09
ORD-55411,2023-04-26,V03,M300,751613.91,283,3.4
ORD-55412,2022-10-03,V02,M100,576019.94,217,2.19
ORD-55413,2023-01-06,V04,M200,797653.45,238,2.64
ORD-55414,2023-03-21,V03,M201,748324.34,227,1.46
ORD-55415,2024-10-22,V01,M101,214728.4,219,2.36
ORD-55416,2023-07-11,V06,M200,1954233.65,319,1.74
ORD-55417,2022-08-16,V05,M201,806501.23,459,2.69
ORD-55418,2024-05-22,V05,M100,823923.43,337,3.18
ORD-55419,2024-04-28,V01,M101,478186.81,31,2.96
ORD-55420,2024-10-04,V01,M300,200555.96,466,3.61
ORD-55421,2022-04-08,V05,M100,108726.36,403,0.67
ORD-55422,2023-05-03,V06,M400,745927.64,114,0.81
ORD-55423,2022-07-09,V03,M201,887398.77,102,1.32
ORD-55424,2024-01-15,V05,M101,654329.98,93,4.44
ORD-55425,2023-06-28,V01,M101,152718.46,207,3.7
ORD-55426,2023-12-08,V04,M100,935547.48,446,4.2
ORD-55427,2023-11-11,V02,M101,989210.99,391,1.59
ORD-55428,2022-10-03,V06,M201,439044.82,229,2.8
ORD-55429,2022-02-14,V06,M100,598877.04,421,2.72
ORD-55430,2023-06-30,V04,M300,779456.23,71,2.78
ORD-55431,2024-04-01,V04,M100,739025.89,342,3.37
ORD-55432,2022-02-15,V01,M100,968109.32,460,2.08
ORD-55433,2023-06-18,V05,M300,123734.26,136,3.21
ORD-55434,2024-08-17,V03,M400,584917.62,441,3.65
ORD-55435,2024-10-24,V06,M201,695012.11,466,1.66
ORD-55436,2022-02-03,V06,M400,891197.44,284,4.28
ORD-55437,2022-10-11,V04,M400,875368.53,338,2.57
ORD-55438,2024-12-01,V05,M400,978219.8,351,3.43
ORD-55439,2023-12-25,V06,M200,1292394.175,17,3.42
ORD-55440,2024-11-15,V03,M400,832453.26,215,2.76
ORD-55441,2023-07-26,V04,M200,1082522.225,395,1.79
ORD-55442,2022-04-06,V03,M300,428090.74,399,3.17
ORD-55443,2022-04-15,V05,M201,260814.88,414,0.85
ORD-55444,2023-12-26,V06,M400,820054.91,244,4.43
ORD-55445,2022-11-08,V02,M101,985956.95,95,1.24
ORD-55446,2023-04-21,V06,M300,263778.31,121,1.6
ORD-55447,2024-07-09,V05,M200,163925.67500000002,6,4.32
ORD-55448,2023-06-09,V06,M201,817387.01,268,1.25
ORD-55449,2022-01-28,V06,M100,624027.75,87,1.18
ORD-55450,2023-08-16,V01,M201,960101.81,189,3.72
ORD-55451,2023-06-17,V06,M201,259716.83,103,1.51
ORD-55452,2024-01-29,V06,M400,80317.38,104,0.88
ORD-55453,2023-04-29,V03,M400,497517.84,420,1.41
ORD-55454,2024-04-06,V02,M200,236528.4,291,4.05
ORD-55455,2022-03-13,V03,M200,672930.25,67,1.62
ORD-55456,2023-08-03,V03,M400,134718.08,106,3.28
ORD-55457,2022-10-04,V04,M400,231890.86,248,2.08
ORD-55458,2024-10-18,V01,M101,115083.21,348,1.55
ORD-55459,2022-02-16,V03,M101,954366.94,207,1.08
ORD-55460,2023-01-27,V05,M300,285777.09,205,4.39
ORD-55461,2023-01-13,V05,M400,449458.61,319,2.58
ORD-55462,2024-03-31,V06,M100,899625.69,83,0.96
ORD-55463,2023-04-24,V04,M101,680548.37,424,1.3
ORD-55464,2023-08-13,V01,M200,1554642.775,82,2.13
ORD-55465,2022-01-18,V01,M201,708507.56,287,2.68
ORD-55466,2023-10-26,V06,M300,830534.03,37,1.23
ORD-55467,2023-12-22,V05,M101,878892.58,213,1.61
ORD-55468,2022-06-26,V02,M201,646213.27,487,3.63
ORD-55469,2022-04-01,V04,M201,891107.2,133,2.17
ORD-55470,2023-07-31,V06,M101,540043.55,115,0.51
ORD-55471,2023-02-12,V04,M100,284517.95,377,0.72
ORD-55472,2022-07-01,V05,M100,881275.94,465,2.26
ORD-55473,2022-08-14,V05,M300,546058.1,211,0.74
ORD-55474,2023-02-10,V02,M100,907076.21,132,1.2
ORD-55475,2023-09-24,V02,M300,49766.14,374,3.41
ORD-55476,2023-10-17,V01,M200,1008851.4750000001,154,2.42
ORD-55477,2024-08-18,V04,M101,948326.97,408,2.43
ORD-55478,2024-09-30,V04,M201,257153.59,423,2.89
ORD-55479,2024-08-24,V05,M300,942120.88,440,3.65
ORD-55480,2023-10-30,V01,M100,954363.44,438,1.13
ORD-55481,2023-02-25,V06,M300,883320.89,294,1.19
ORD-55482,2022-08-22,V04,M400,568031.36,366,0.99
ORD-55483,2023-05-17,V01,M300,650470.05,182,4.25
ORD-55484,2023-02-18,V01,M100,870920.83,147,2.81
ORD-55485,2024-06-14,V05,M400,778138.11,222,0.87
ORD-55486,2023-08-31,V01,M400,633792.91,282,1.38
ORD-55487,2022-12-15,V02,M100,982436.81,127,3.4
ORD-55488,2022-12-17,V02,M400,688819.87,308,0.62
ORD-55489,2022-01-01,V03,M101,975727.17,203,3.4
ORD-55490,2022-09-10,V05,M201,66814.59,118,4.15
ORD-55491,2023-11-02,V06,M101,147570.77,61,0.73
ORD-55492,2022-08-05,V03,M101,456944.26,231,1.25
ORD-55493,2022-12-21,V02,M100,391030.67,451,0.51
ORD-55494,2023-06-27,V03,M100,784907.49,150,0.94
ORD-55495,2023-08-25,V05,M201,169007.89,145,2.97
ORD-55496,2023-05-20,V05,M300,976334.23,395,0.68
ORD-55497,2024-07-02,V01,M101,321915.22,111,2.2
ORD-55498,2023-12-09,V04,M400,434634.47,167,2.51
ORD-55499,2024-04-26,V01,M201,281997.58,189,4.13
ORD-55500,2023-09-09,V05,M101,583569.98,495,2.4
ORD-55501,2022-03-11,V02,M300,68042.41,475,1.07
ORD-55502,2024-01-29,V06,M400,158180.73,49,1.66
ORD-55503,2022-07-02,V02,M101,748339.73,107,3.19
ORD-55504,2023-06-02,V01,M200,486588.94999999995,93,0.95
ORD-55505,2023-12-24,V06,M201,243159.31,124,1.43
ORD-55506,2023-08-03,V05,M100,795052.41,317,4.48
ORD-55507,2022-10-16,V02,M101,102368.17,140,0.52
ORD-55508,2022-04-15,V05,M400,443099.08,397,1.11
ORD-55509,2023-02-10,V06,M400,32832.75,314,3.87
ORD-55510,2024-04-19,V06,M201,353339.33,11,0.91
ORD-55511,2023-10-12,V02,M201,701991.59,448,0.63
ORD-55512,2024-01-03,V05,M400,99202.25,415,0.99
ORD-55513,2023-06-18,V03,M400,889451.28,395,3.27
ORD-55514,2023-03-19,V05,M400,910404.05,378,4.47
ORD-55515,2023-11-21,V06,M101,113940.47,361,2.86
ORD-55516,2024-12-14,V05,M400,990825.11,171,1.0
ORD-55517,2022-03-01,V01,M100,304554.26,36,1.24
ORD-55518,2022-12-11,V03,M400,93260.65,130,2.65
ORD-55519,2022-06-23,V04,M100,15016.44,343,3.36
ORD-55520,2022-11-06,V01,M101,414437.67,61,3.15
ORD-55521,2022-12-18,V04,M201,633511.89,420,2.8
ORD-55522,2024-03-04,V02,M100,338857.46,334,4.45
ORD-55523,2023-01-21,V04,M101,838350.19,485,1.29
ORD-55524,2022-12-04,V05,M400,719440.21,49,1.19
ORD-55525,2024-01-17,V04,M101,356659.92,411,3.94
ORD-55526,2023-12-17,V06,M400,736966.57,396,1.66
ORD-55527,2024-02-15,V01,M101,941082.86,186,1.83
ORD-55528,2023-07-19,V01,M201,102165.04,221,2.69
ORD-55529,2023-01-05,V04,M100,313042.92,6,2.03
ORD-55530,2024-12-24,V01,M201,468692.68,300,1.65
ORD-55531,2024-07-06,V06,M200,1257525.575,175,4.17
ORD-55532,2023-06-07,V01,M400,546773.69,279,1.02
ORD-55533,2024-06-08,V04,M100,307620.64,371,2.12
ORD-55534,2023-03-24,V03,M201,670587.05,458,0.51
ORD-55535,2024-01-06,V03,M100,648633.66,354,3.73
ORD-55536,2024-10-31,V02,M200,1455108.225,364,1.17
ORD-55537,2024-01-02,V01,M300,122624.1,204,3.59
ORD-55538,2022-05-24,V04,M400,482198.21,96,1.09
ORD-55539,2022-12-27,V01,M400,362664.62,282,2.17
ORD-55540,2023-12-29,V05,M101,496128.09,135,3.41
ORD-55541,2024-06-05,V06,M400,922647.77,416,1.58
ORD-55542,2024-10-22,V01,M400,485726.03,33,1.76
ORD-55543,2022-04-29,V01,M201,23840.98,82,3.17
ORD-55544,2023-07-14,V03,M400,444448.37,483,1.25
ORD-55545,2022-05-07,V06,M400,822441.7,148,4.31
ORD-55546,2024-12-18,V04,M200,1955650.7750000001,95,1.26
ORD-55547,2023-11-02,V01,M200,1295640.425,453,3.5
ORD-55548,2024-08-03,V03,M100,257271.32,480,3.71
ORD-55549,2023-01-18,V02,M100,470437.78,436,2.0
ORD-55550,2022-02-01,V06,M400,568065.2,495,1.12
ORD-55551,2023-07-22,V03,M400,999872.72,170,1.16
ORD-55552,2022-01-09,V03,M101,647736.31,211,4.44
ORD-55553,2022-11-06,V03,M100,697322.28,385,3.4
ORD-55554,2024-07-12,V01,M201,496539.6,191,2.3
ORD-55555,2023-10-19,V01,M400,360944.66,7,1.53
ORD-55556,2023-06-18,V02,M201,814823.45,380,0.58
ORD-55557,2022-02-18,V05,M400,499983.0,314,3.18
ORD-55558,2023-12-09,V05,M201,994743.23,342,4.33
ORD-55559,2024-09-07,V05,M300,462549.37,434,0.93
ORD-55560,2023-04-06,V06,M201,77320.28,34,3.52
ORD-55561,2022-03-15,V06,M100,685752.36,51,1.11
ORD-55562,2022-04-06,V02,M400,56175.04,120,3.67
ORD-55563,2024-02-18,V06,M100,257996.58,138,1.98
ORD-55564,2024-06-07,V05,M201,360200.87,367,3.35
ORD-55565,2023-12-24,V05,M200,1855221.875,106,4.21
ORD-55566,2022-08-29,V03,M200,1248233.925,282,2.98
ORD-55567,2022-06-08,V06,M200,95898.675,32,4.18
ORD-55568,2024-11-28,V01,M400,620681.35,124,1.44
ORD-55569,2023-06-23,V01,M101,417321.88,170,4.41
ORD-55570,2023-05-16,V03,M300,922616.16,475,3.99
ORD-55571,2024-08-31,V03,M201,504566.69,446,0.93
ORD-55572,2023-10-06,V03,M101,711885.39,12,2.15
ORD-55573,2022-02-15,V01,M200,566699.525,168,4.21
ORD-55574,2024-02-05,V05,M201,763363.83,343,0.81
ORD-55575,2023-02-18,V03,M101,723745.76,78,2.32
ORD-55576,2022-10-18,V02,M100,905040.89,34,3.39
ORD-55577,2024-09-15,V03,M200,108708.575,209,0.63
ORD-55578,2022-06-28,V04,M101,453025.69,326,3.51
ORD-55579,2023-01-14,V03,M400,682363.85,411,1.94
ORD-55580,2023-08-22,V01,M100,104212.26,8,1.5
ORD-55581,2022-01-12,V06,M200,1041245.0750000001,225,2.8
ORD-55582,2023-10-14,V03,M300,942725.14,227,2.68
ORD-55583,2024-04-24,V06,M200,1103937.875,175,4.0
ORD-55584,2022-07-02,V04,M400,985550.74,81,3.2
ORD-55585,2023-04-06,V02,M300,66270.67,282,2.19
ORD-55586,2022-11-27,V06,M300,720651.48,57,3.1
ORD-55587,2023-04-25,V05,M300,585206.07,135,3.5
ORD-55588,2022-07-09,V03,M201,505534.28,238,4.25
ORD-55589,2023-03-17,V04,M201,971138.93,472,3.32
ORD-55590,2023-03-31,V04,M300,138353.9,217,2.68
ORD-55591,2023-06-03,V06,M100,897038.96,227,1.99
ORD-55592,2024-11-26,V02,M300,694328.01,26,4.07
ORD-55593,2022-11-07,V01,M101,266406.11,187,3.67
ORD-55594,2023-08-19,V03,M300,902652.45,370,0.81
ORD-55595,2023-08-01,V04,M201,435001.97,118,3.3
ORD-55596,2022-04-22,V02,M201,816085.05,197,2.65
ORD-55597,2024-07-09,V05,M101,394948.15,116,0.91
ORD-55598,2022-03-05,V04,M101,852421.52,303,2.76
ORD-55599,2024-11-07,V02,M200,1600657.075,102,1.27
ORD-55600,2022-10-30,V01,M100,149636.17,380,3.33
ORD-55601,2024-12-29,V01,M100,653166.53,163,1.61
ORD-55602,2023-06-08,V04,M100,199431.32,414,1.1
ORD-55603,2024-08-08,V04,M400,417803.4,178,0.83
ORD-55604,2024-01-18,V06,M201,178592.63,473,2.46
ORD-55605,2024-12-10,V03,M100,31795.95,280,1.3
ORD-55606,2023-01-20,V02,M200,549419.175,286,3.92
ORD-55607,2023-04-10,V04,M200,1352520.75,212,0.51
ORD-55608,2023-01-14,V03,M100,486745.36,54,3.87
ORD-55609,2024-12-05,V06,M101,506482.12,67,2.58
ORD-55610,2023-07-12,V03,M200,638025.025,32,4.19
ORD-55611,2022-03-17,V04,M101,688309.59,251,1.32
ORD-55612,2023-06-12,V01,M201,707220.65,8,0.91
ORD-55613,2024-07-29,V02,M400,364388.15,499,3.0
ORD-55614,2023-05-09,V02,M200,2205895.975,434,3.33
ORD-55615,2024-11-29,V01,M101,647582.98,431,1.99
ORD-55616,2022-06-17,V04,M100,715908.88,215,0.55
ORD-55617,2022-05-19,V02,M201,284566.52,46,2.13
ORD-55618,2022-10-09,V04,M300,10605.52,80,1.44
ORD-55619,2024-08-10,V06,M300,866721.86,35,1.89
ORD-55620,2023-04-18,V04,M100,824200.14,189,2.53
ORD-55621,2024-12-03,V03,M201,131959.97,89,3.31
ORD-55622,2022-11-27,V01,M201,380364.08,335,4.35
ORD-55623,2024-09-23,V04,M201,664725.92,435,1.08
ORD-55624,2023-08-14,V06,M201,655589.75,447,3.22
ORD-55625,2022-06-12,V05,M300,861746.83,136,1.43
ORD-55626,2023-11-20,V01,M101,148865.48,34,1.38
ORD-55627,2023-12-29,V02,M201,435640.35,281,3.03
ORD-55628,2023-02-17,V03,M101,106252.17,113,3.6
ORD-55629,2022-08-09,V02,M201,395699.3,172,4.41
ORD-55630,2022-07-06,V06,M200,62390.924999999996,339,3.58
ORD-55631,2023-12-07,V06,M400,899290.33,43,1.13
ORD-55632,2023-02-17,V02,M200,1329433.9000000001,382,1.4
ORD-55633,2022-12-11,V01,M400,851304.24,434,3.55
ORD-55634,2022-10-15,V02,M200,173264.125,13,2.61
ORD-55635,2024-04-26,V04,M201,235183.53,174,1.68
ORD-55636,2022-03-02,V02,M101,266786.2,125,2.39
ORD-55637,2022-01-01,V03,M400,392824.58,332,4.16
ORD-55638,2022-12-01,V03,M300,804837.71,207,3.52
ORD-55639,2022-06-07,V05,M100,392692.29,343,2.3
ORD-55640,2024-03-11,V03,M400,212606.99,437,4.42
ORD-55641,2023-11-05,V02,M400,74340.36,447,3.68
ORD-55642,2022-06-26,V03,M300,88696.83,104,0.52
ORD-55643,2024-05-03,V01,M201,762446.73,130,0.95
ORD-55644,2024-12-22,V03,M200,1125887.4000000001,40,2.72
ORD-55645,2023-05-17,V04,M200,1822298.2750000001,23,1.9
ORD-55646,2024-03-18,V01,M101,685464.25,252,3.75
ORD-55647,2024-06-01,V05,M201,144008.84,443,4.08
ORD-55648,2022-08-26,V04,M300,151459.05,325,1.46
ORD-55649,2023-06-15,V02,M201,757788.6,290,3.55
ORD-55650,2024-02-20,V02,M201,724055.61,202,2.64
ORD-55651,2022-08-13,V02,M200,960626.15,155,2.07
ORD-55652,2022-03-02,V04,M300,86648.04,55,3.65
ORD-55653,2024-01-30,V04,M100,21977.04,106,2.76
ORD-55654,2024-05-27,V04,M400,295275.38,260,3.04
ORD-55655,2023-12-06,V01,M200,47825.125,452,0.75
ORD-55656,2024-04-16,V06,M300,237771.89,200,2.84
ORD-55657,2023-09-13,V01,M101,425305.73,326,1.7
ORD-55658,2023-11-08,V02,M400,130201.61,217,2.47
ORD-55659,2022-04-09,V06,M400,113234.98,411,1.39
ORD-55660,2022-06-25,V03,M200,2243682.6500000004,47,2.96
ORD-55661,2023-04-04,V02,M101,589615.33,370,1.09
ORD-55662,2022-07-24,V05,M200,2337777.825,117,0.99
ORD-55663,2022-08-03,V01,M201,352367.9,374,1.25
ORD-55664,2024-10-14,V04,M300,680373.49,424,3.77
ORD-55665,2022-11-22,V01,M101,212644.76,212,0.63
ORD-55666,2024-08-16,V04,M400,622156.91,155,3.42
ORD-55667,2024-11-03,V06,M200,345724.675,263,0.73
ORD-55668,2022-02-03,V05,M400,12059.83,151,2.87
ORD-55669,2022-09-19,V06,M101,932216.48,212,3.59
ORD-55670,2022-05-19,V05,M400,559345.43,192,1.42
ORD-55671,2023-01-21,V01,M200,2319178.15,369,1.28
ORD-55672,2022-12-16,V04,M200,851233.025,243,1.66
ORD-55673,2022-04-22,V06,M100,334508.21,98,3.3
ORD-55674,2023-03-05,V05,M400,406648.45,29,1.52
ORD-55675,2023-01-30,V02,M100,708980.57,189,2.51
ORD-55676,2023-07-26,V02,M100,570150.55,172,1.04
ORD-55677,2022-05-30,V06,M400,926101.36,371,2.34
ORD-55678,2024-08-29,V04,M101,35186.49,197,3.0
ORD-55679,2023-03-01,V06,M201,711113.98,155,0.79
ORD-55680,2022-11-30,V01,M200,842561.0249999999,140,3.76
ORD-55681,2024-10-03,V05,M300,188431.32,401,4.25
ORD-55682,2023-07-02,V01,M100,515291.67,293,1.27
ORD-55683,2024-09-19,V02,M101,510013.15,290,3.54
ORD-55684,2024-04-29,V05,M400,145640.92,256,1.75
ORD-55685,2024-04-20,V06,M101,209877.1,478,3.21
ORD-55686,2022-09-11,V01,M101,414083.02,164,1.73
ORD-55687,2023-02-11,V03,M400,414723.3,134,3.95
ORD-55688,2024-06-05,V04,M300,324382.56,352,1.89
ORD-55689,2022-04-26,V04,M400,157059.7,416,3.9
ORD-55690,2024-11-29,V03,M300,14329.94,329,3.56
ORD-55691,2024-05-07,V02,M400,970532.71,378,1.29
ORD-55692,2023-05-05,V05,M100,944064.24,406,1.13
ORD-55693,2023-05-29,V04,M300,488813.88,266,3.62
ORD-55694,2022-08-11,V03,M100,995101.24,29,2.06
ORD-55695,2024-09-18,V06,M300,676917.79,139,4.3
ORD-55696,2022-08-21,V03,M300,78168.96,348,4.27
ORD-55697,2022-06-30,V02,M400,126541.02,450,3.27
ORD-55698,2023-07-10,V02,M300,916949.74,312,2.5
ORD-55699,2022-10-15,V01,M100,633751.68,85,1.28
ORD-55700,2023-08-29,V04,M400,844751.79,249,4.03
ORD-55701,2022-07-09,V01,M200,2248217.375,351,0.83
ORD-55702,2022-03-30,V03,M100,453462.59,314,1.98
ORD-55703,2022-08-01,V05,M200,145101.725,233,1.78
ORD-55704,2022-12-04,V05,M101,196397.55,308,4.33
ORD-55705,2022-01-01,V02,M400,75906.23,61,0.97
ORD-55706,2024-09-03,V05,M101,196852.45,273,4.06
ORD-55707,2024-11-01,V05,M400,416427.6,219,2.33
ORD-55708,2022-12-29,V05,M400,127014.84,286,0.69
ORD-55709,2022-09-12,V03,M100,175065.92,489,3.42
ORD-55710,2022-11-27,V05,M200,1128408.9,249,0.9
ORD-55711,2023-03-07,V06,M400,346769.24,72,1.45
ORD-55712,2023-03-12,V05,M200,1182453.8499999999,293,3.7
ORD-55713,2023-11-25,V05,M400,434880.31,389,1.12
ORD-55714,2024-10-07,V01,M200,1620083.125,410,1.8
ORD-55715,2022-05-09,V03,M101,937817.65,198,1.94
ORD-55716,2024-10-25,V02,M100,116785.7,80,2.86
ORD-55717,2022-08-23,V01,M400,108267.55,385,3.66
ORD-55718,2024-12-29,V04,M201,854278.05,137,1.42
ORD-55719,2022-09-22,V03,M200,1278331.85,213,1.32
ORD-55720,2022-06-08,V06,M200,1921852.4249999998,327,1.39
ORD-55721,2023-09-03,V03,M201,223267.68,107,2.03
ORD-55722,2022-10-20,V04,M100,830573.95,448,2.64
ORD-55723,2024-06-04,V04,M200,2311520.4,207,0.55
ORD-55724,2024-05-31,V04,M100,639128.19,152,3.62
ORD-55725,2023-01-02,V02,M200,287050.575,133,4.21
ORD-55726,2024-11-18,V05,M300,896341.87,435,3.87
ORD-55727,2024-10-26,V03,M200,1986407.125,166,0.65
ORD-55728,2023-11-16,V05,M300,753369.0,413,2.6
ORD-55729,2022-08-25,V05,M400,46360.91,430,3.76
ORD-55730,2022-07-26,V06,M100,800972.9,180,1.88
ORD-55731,2023-10-20,V04,M200,366428.75,121,4.09
ORD-55732,2023-09-27,V02,M101,230162.31,174,4.05
ORD-55733,2023-09-29,V06,M101,581363.49,331,1.07
ORD-55734,2022-07-21,V01,M201,272330.97,68,2.47
ORD-55735,2023-04-23,V02,M101,664734.72,187,0.6
ORD-55736,2024-08-21,V05,M300,611989.74,138,1.63
ORD-55737,2024-07-22,V02,M101,117068.1,354,3.75
ORD-55738,2024-12-02,V04,M101,659454.43,388,4.4
ORD-55739,2023-05-07,V01,M101,924715.36,308,4.15
ORD-55740,2023-08-05,V04,M200,423747.025,330,0.67
ORD-55741,2022-05-26,V01,M201,601091.4,481,4.21
ORD-55742,2023-07-05,V06,M100,348446.72,238,3.79
ORD-55743,2024-03-02,V05,M201,465015.56,18,3.97
ORD-55744,2023-11-21,V01,M300,294130.18,76,4.16
ORD-55745,2024-09-14,V01,M200,901473.3250000001,435,2.45
ORD-55746,2024-08-29,V01,M400,38622.71,151,1.34
ORD-55747,2023-03-30,V02,M200,2454340.55,108,0.58
ORD-55748,2023-06-23,V06,M101,628551.92,153,0.59
ORD-55749,2022-09-07,V02,M101,505698.53,316,3.07
ORD-55750,2024-05-22,V05,M300,389878.2,37,1.85
ORD-55751,2022-01-16,V01,M400,543980.81,452,2.48
ORD-55752,2023-01-31,V06,M200,965762.35,333,1.03
ORD-55753,2024-02-01,V06,M400,366308.85,146,4.4
ORD-55754,2023-07-23,V03,M100,469307.08,126,1.02
ORD-55755,2024-09-04,V05,M201,283223.2,285,2.28
ORD-55756,2023-05-25,V06,M200,470623.5,108,2.27
ORD-55757,2022-12-13,V01,M400,561039.84,286,0.53
ORD-55758,2022-02-12,V01,M100,844337.78,240,3.17
ORD-55759,2022-05-04,V06,M100,161299.9,375,2.65
ORD-55760,2024-11-04,V02,M201,42407.0,102,2.49
ORD-55761,2024-02-24,V05,M100,254343.63,220,3.77
ORD-55762,2024-10-06,V01,M300,979923.44,7,1.46
ORD-55763,2022-11-11,V06,M100,830470.49,216,3.94
ORD-55764,2023-06-14,V01,M400,599907.39,169,3.96
ORD-55765,2023-07-05,V06,M300,929956.43,74,3.81
ORD-55766,2024-01-08,V05,M100,450826.33,293,1.87
ORD-55767,2024-10-29,V06,M101,983447.8,27,1.15
ORD-55768,2024-04-09,V03,M100,303339.02,277,2.4
ORD-55769,2022-04-30,V06,M300,247902.69,484,1.54
ORD-55770,2024-03-18,V06,M100,641667.72,43,0.71
ORD-55771,2023-04-21,V05,M100,384372.43,307,1.62
ORD-55772,2023-07-21,V06,M100,630101.89,93,2.38
ORD-55773,2022-12-20,V05,M300,311945.56,71,0.95
ORD-55774,2022-04-09,V03,M100,621739.07,269,4.28
ORD-55775,2024-06-18,V05,M201,282988.8,109,3.12
ORD-55776,2024-03-23,V01,M400,60462.35,181,1.05
ORD-55777,2022-05-10,V05,M201,913014.54,215,3.75
ORD-55778,2024-01-04,V03,M300,884373.15,447,4.21
ORD-55779,2024-04-23,V04,M101,971090.17,114,1.55
ORD-55780,2024-07-23,V06,M201,719361.9,185,1.07
ORD-55781,2023-04-30,V05,M400,685893.97,409,1.79
ORD-55782,2024-05-08,V06,M200,1408532.6,125,3.83
ORD-55783,2022-08-11,V02,M400,134682.99,105,1.2
ORD-55784,2023-10-18,V01,M201,197342.96,237,3.62
ORD-55785,2022-10-09,V01,M200,741437.475,141,3.37
ORD-55786,2022-02-10,V02,M300,891254.8,293,3.11
ORD-55787,2024-05-06,V02,M400,181239.83,158,2.23
ORD-55788,2023-09-21,V05,M101,923644.44,474,1.97
ORD-55789,2022-11-04,V02,M200,1318894.7,396,0.84
ORD-55790,2023-04-05,V04,M200,1796034.8499999999,449,1.93
ORD-55791,2022-10-05,V06,M400,119142.04,274,2.91
ORD-55792,2023-07-04,V06,M201,276343.21,378,4.09
ORD-55793,2022-08-20,V03,M200,2397333.5500000003,341,3.83
ORD-55794,2024-12-14,V02,M300,273488.45,117,0.63
ORD-55795,2023-01-22,V02,M400,303556.5,374,1.06
ORD-55796,2022-06-09,V04,M300,205621.41,62,3.89
ORD-55797,2022-09-27,V01,M400,137782.93,24,4.26
ORD-55798,2023-09-22,V01,M300,240925.07,60,0.72
ORD-55799,2022-09-29,V06,M201,645903.62,401,3.31
ORD-55800,2023-12-21,V06,M400,460814.06,362,1.96
ORD-55801,2023-06-22,V05,M101,558218.28,316,1.96
ORD-55802,2022-05-25,V04,M201,131141.18,265,3.07
ORD-55803,2024-06-15,V03,M300,804095.28,180,3.74
ORD-55804,2023-06-27,V03,M400,786253.75,232,1.6
ORD-55805,2023-02-10,V04,M201,31374.01,476,3.32
ORD-55806,2023-12-25,V03,M300,389679.94,143,3.04
ORD-55807,2023-11-08,V01,M100,78082.9,333,2.57
ORD-55808,2024-01-03,V03,M100,794184.72,412,2.91
ORD-55809,2024-11-25,V03,M200,1849742.475,245,0.57
ORD-55810,2023-09-19,V04,M101,902968.21,81,0.52
ORD-55811,2023-09-19,V04,M100,244039.92,126,2.7
ORD-55812,2023-08-08,V03,M300,461732.92,137,2.6
ORD-55813,2023-02-15,V02,M201,192643.0,56,0.79
ORD-55814,2022-10-08,V04,M400,377522.59,213,2.47
ORD-55815,2023-02-05,V05,M201,527020.82,94,3.53
ORD-55816,2023-02-09,V05,M200,156993.7,383,2.66
ORD-55817,2023-08-03,V01,M201,717721.71,459,2.57
ORD-55818,2023-07-15,V03,M100,547860.43,478,3.37
ORD-55819,2023-06-25,V02,M201,830669.43,292,1.19
ORD-55820,2023-09-25,V01,M100,279062.7,128,2.33
ORD-55821,2024-11-19,V03,M100,904287.89,440,1.09
ORD-55822,2023-10-04,V04,M101,998707.31,217,2.6
ORD-55823,2022-07-06,V05,M200,2300263.625,199,2.87
ORD-55824,2024-10-02,V06,M300,780113.55,20,0.99
ORD-55825,2024-10-30,V02,M100,814245.11,55,0.8
ORD-55826,2022-08-11,V06,M400,578006.8,246,1.17
ORD-55827,2024-09-30,V05,M200,495630.80000000005,251,2.85
ORD-55828,2024-02-06,V06,M300,680270.28,60,1.26
ORD-55829,2022-05-04,V04,M400,715625.47,163,1.6
ORD-55830,2024-07-28,V03,M201,985531.29,202,3.31
ORD-55831,2024-02-26,V04,M200,1364720.75,227,1.49
ORD-55832,2024-08-14,V06,M400,278655.32,129,2.09
ORD-55833,2023-10-13,V04,M200,1717089.5,462,4.22
ORD-55834,2023-09-25,V05,M200,2448955.1500000004,45,3.8
ORD-55835,2023-05-16,V02,M201,185441.77,197,1.52
ORD-55836,2024-08-01,V04,M201,332737.94,424,2.89
ORD-55837,2024-08-19,V05,M200,1366155.35,492,3.16
ORD-55838,2024-07-10,V02,M400,178512.49,166,4.1
ORD-55839,2023-12-08,V03,M101,31998.43,247,2.69
ORD-55840,2023-04-24,V06,M100,343613.29,226,2.75
ORD-55841,2023-12-27,V03,M201,866717.09,280,4.05
ORD-55842,2024-08-28,V01,M101,53033.72,260,0.72
ORD-55843,2022-04-22,V05,M201,434639.77,347,3.01
ORD-55844,2023-01-27,V02,M200,1911446.925,197,2.17
ORD-55845,2024-01-08,V04,M101,953650.77,107,4.14
ORD-55846,2022-06-15,V03,M400,985620.65,269,4.34
ORD-55847,2024-02-02,V02,M400,427749.69,232,1.18
ORD-55848,2023-03-20,V05,M300,950880.45,405,1.63
ORD-55849,2022-10-09,V01,M100,45064.78,101,1.59
ORD-55850,2023-02-07,V03,M100,748457.77,160,0.9
ORD-55851,2024-07-14,V06,M201,646318.57,422,2.43
ORD-55852,2022-12-01,V02,M100,257026.64,95,2.55
ORD-55853,2022-05-04,V06,M300,512245.32,416,2.79
ORD-55854,2023-07-24,V02,M400,138258.2,207,3.15
ORD-55855,2022-07-06,V02,M101,872881.18,313,0.75
ORD-55856,2024-04-14,V05,M101,364319.1,432,2.99
ORD-55857,2022-10-27,V05,M400,629784.03,414,4.16
ORD-55858,2023-12-26,V05,M200,417971.3,235,2.32
ORD-55859,2024-11-20,V04,M400,214103.2,327,0.93
ORD-55860,2022-06-13,V02,M101,992036.81,422,0.84
ORD-55861,2023-08-10,V03,M201,755555.53,479,1.63
ORD-55862,2023-02-15,V06,M300,962352.15,428,3.51
ORD-55863,2023-10-25,V05,M400,302892.65,154,1.54
ORD-55864,2022-06-21,V05,M200,432293.125,100,3.76
ORD-55865,2023-05-14,V06,M201,508037.78,238,3.78
ORD-55866,2023-10-03,V06,M400,499721.6,107,2.33
ORD-55867,2024-05-18,V02,M201,183197.05,346,1.7
ORD-55868,2024-09-16,V05,M400,735887.37,364,2.89
ORD-55869,2024-04-20,V06,M201,368159.76,130,3.74
ORD-55870,2024-05-18,V04,M100,194501.58,299,0.76
ORD-55871,2023-05-27,V04,M201,338663.56,493,4.31
ORD-55872,2023-12-18,V05,M100,568022.11,43,3.08
ORD-55873,2022-07-01,V06,M101,729206.22,63,2.09
ORD-55874,2024-06-20,V02,M100,487071.98,73,2.52
ORD-55875,2024-05-03,V02,M201,530339.04,186,2.04
ORD-55876,2024-07-06,V02,M300,147556.48,117,2.15
ORD-55877,2024-04-21,V01,M300,915544.02,304,2.88
ORD-55878,2022-06-23,V05,M101,929436.96,5,0.74
ORD-55879,2022-01-18,V02,M201,686592.32,475,1.2
ORD-55880,2024-04-14,V04,M100,27455.09,76,1.41
ORD-55881,2023-04-08,V06,M300,541703.47,291,2.13
ORD-55882,2023-09-01,V03,M400,632926.78,349,1.98
ORD-55883,2023-10-26,V03,M200,2486769.2,400,3.39
ORD-55884,2024-03-18,V02,M201,996106.29,83,1.54
ORD-55885,2024-03-23,V03,M400,859035.12,433,0.73
ORD-55886,2022-11-05,V03,M400,73192.68,60,0.72
ORD-55887,2023-11-08,V01,M201,953743.63,107,0.55
ORD-55888,2024-11-28,V04,M200,1541336.575,117,0.65
ORD-55889,2024-10-30,V04,M300,802877.9,307,3.93
ORD-55890,2023-09-14,V01,M200,1032802.2999999999,383,3.29
ORD-55891,2024-10-01,V01,M101,326472.78,347,4.48
ORD-55892,2022-02-27,V03,M100,468611.7,82,0.58
ORD-55893,2022-03-02,V05,M100,155405.77,315,3.9
ORD-55894,2023-02-12,V06,M400,363495.48,320,3.28
ORD-55895,2023-01-01,V06,M300,859041.32,361,3.06
ORD-55896,2022-12-03,V03,M200,118927.45000000001,141,1.93
ORD-55897,2022-03-22,V06,M400,159369.27,222,2.01
ORD-55898,2023-05-11,V01,M201,133865.0,410,3.88
ORD-55899,2024-01-19,V04,M400,409044.79,70,3.35
ORD-55900,2023-10-29,V06,M201,997017.03,387,3.18
ORD-55901,2022-06-17,V03,M201,181624.35,471,0.62
ORD-55902,2022-07-31,V05,M101,154027.82,12,1.24
ORD-55903,2023-03-29,V03,M101,915905.17,297,4.35
ORD-55904,2024-10-22,V02,M201,883230.01,105,2.32
ORD-55905,2023-07-03,V03,M300,41917.97,207,3.63
ORD-55906,2023-03-14,V01,M101,754188.9,65,2.06
ORD-55907,2024-09-21,V04,M101,658911.04,63,3.56
ORD-55908,2022-08-29,V04,M100,770063.4,178,0.98
ORD-55909,2024-07-30,V06,M400,499557.43,431,0.67
ORD-55910,2024-11-18,V01,M100,991465.43,8,2.36
ORD-55911,2022-07-20,V02,M300,53408.55,159,2.87
ORD-55912,2023-05-18,V01,M101,242027.87,11,1.79
ORD-55913,2023-11-27,V03,M101,402580.53,273,3.36
ORD-55914,2024-10-15,V01,M200,1138200.4,411,2.48
ORD-55915,2023-08-19,V01,M300,922153.73,380,4.21
ORD-55916,2023-03-11,V02,M400,564404.32,95,0.84
ORD-55917,2024-04-22,V03,M400,54659.89,155,0.77
ORD-55918,2024-08-16,V05,M400,413784.33,206,4.12
ORD-55919,2023-05-20,V05,M300,422325.51,115,3.18
ORD-55920,2022-10-18,V04,M200,2414590.075,379,3.18
ORD-55921,2022-02-07,V06,M200,1508012.8,87,0.61
ORD-55922,2024-03-15,V01,M100,639294.56,312,4.25
ORD-55923,2022-09-22,V04,M300,716120.5,197,3.59
ORD-55924,2024-05-17,V02,M300,772338.92,350,3.56
ORD-55925,2022-10-24,V05,M200,1596751.4000000001,98,4.15
ORD-55926,2024-06-04,V01,M201,244822.41,431,2.81
ORD-55927,2023-02-11,V02,M201,875305.46,19,2.08
ORD-55928,2023-06-15,V06,M100,734798.6,313,2.42
ORD-55929,2023-11-29,V02,M201,744451.78,415,3.61
ORD-55930,2022-06-30,V01,M201,996591.17,16,3.57
ORD-55931,2022-09-11,V06,M201,804501.27,45,2.94
ORD-55932,2024-05-14,V02,M101,830859.89,155,1.37
ORD-55933,2022-02-15,V06,M100,951891.46,445,3.78
ORD-55934,2023-07-24,V01,M200,399056.65,410,3.09
ORD-55935,2023-11-03,V01,M201,502750.1,231,1.39
ORD-55936,2022-09-23,V06,M400,584761.35,157,2.42
ORD-55937,2023-05-22,V03,M101,335982.97,113,4.49
ORD-55938,2023-08-27,V04,M201,841009.31,499,1.81
ORD-55939,2022-01-14,V02,M101,764795.43,377,0.97
ORD-55940,2024-04-04,V02,M100,723674.24,359,0.59
ORD-55941,2023-09-08,V03,M400,997177.95,383,1.24
ORD-55942,2023-03-01,V03,M400,266787.56,44,1.25
ORD-55943,2022-05-26,V03,M400,738102.68,365,3.93
ORD-55944,2022-05-26,V05,M201,555890.43,413,1.12
ORD-55945,2022-11-21,V05,M101,319859.29,365,3.95
ORD-55946,2023-07-26,V06,M400,168981.0,110,0.85
ORD-55947,2024-02-17,V05,M300,896925.0,111,4.13
ORD-55948,2023-09-15,V01,M300,599500.93,223,1.53
ORD-55949,2024-04-21,V06,M101,826684.5,386,2.95
ORD-55950,2022-01-31,V02,M201,549891.53,390,1.14
ORD-55951,2022-10-25,V04,M201,227777.31,265,2.06
ORD-55952,2022-04-07,V01,M100,344173.32,271,0.84
ORD-55953,2022-12-27,V02,M100,387723.45,212,2.82
ORD-55954,2023-04-02,V02,M400,973205.46,496,1.88
ORD-55955,2024-06-09,V06,M200,38942.375,314,3.91
ORD-55956,2024-06-21,V03,M100,985809.36,258,1.23
ORD-55957,2024-07-07,V03,M201,980657.02,387,1.62
ORD-55958,2024-10-11,V01,M200,2490473.2,247,1.21
ORD-55959,2023-07-14,V03,M100,481822.3,436,2.76
ORD-55960,2022-11-22,V02,M101,964170.88,55,0.95
ORD-55961,2022-09-06,V03,M300,401643.19,309,1.26
ORD-55962,2022-08-08,V05,M100,36031.5,350,3.21
ORD-55963,2023-07-19,V03,M100,232103.71,72,0.8
ORD-55964,2024-05-19,V02,M101,945843.28,296,3.47
ORD-55965,2024-06-29,V06,M201,23627.05,213,0.92
ORD-55966,2022-10-21,V01,M400,550534.19,295,2.84
ORD-55967,2023-03-24,V04,M101,84845.57,171,4.49
ORD-55968,2024-08-25,V03,M400,293532.61,246,1.2
ORD-55969,2024-04-26,V02,M100,97211.92,141,1.54
ORD-55970,2024-10-14,V04,M201,860933.33,104,4.09
ORD-55971,2023-01-14,V04,M200,1487900.0,105,3.01
ORD-55972,2022-06-20,V05,M100,903085.4,240,2.47
ORD-55973,2024-06-23,V04,M101,691469.67,421,2.75
ORD-55974,2024-01-08,V06,M200,2428297.1,311,1.68
ORD-55975,2023-04-29,V02,M300,514778.88,416,3.92
ORD-55976,2023-04-07,V02,M200,1605808.7,398,3.48
ORD-55977,2022-08-28,V03,M101,580545.73,321,3.07
ORD-55978,2023-04-18,V03,M200,1223544.575,411,4.23
ORD-55979,2022-08-06,V03,M101,847499.77,280,2.81
ORD-55980,2023-03-11,V06,M100,648079.88,371,2.55
ORD-55981,2023-12-24,V04,M201,803299.14,369,4.4
ORD-55982,2024-10-26,V04,M300,788500.3,22,1.32
ORD-55983,2022-08-28,V05,M201,199134.71,78,1.07
ORD-55984,2022-07-11,V06,M201,653661.9,301,1.15
ORD-55985,2023-05-23,V03,M201,207651.54,392,4.46
ORD-55986,2022-02-06,V01,M101,587487.27,475,3.11
ORD-55987,2024-05-26,V05,M101,680660.34,195,1.72
ORD-55988,2022-04-14,V01,M300,997262.72,320,1.5
ORD-55989,2022-08-11,V04,M101,40236.56,353,0.73
ORD-55990,2023-09-10,V05,M400,100329.97,371,1.03
ORD-55991,2022-01-13,V05,M101,86256.43,431,4.13
ORD-55992,2022-09-27,V02,M101,404377.67,21,3.49
ORD-55993,2022-12-09,V04,M101,823372.48,160,4.27
ORD-55994,2023-09-29,V04,M100,845615.77,232,2.19
ORD-55995,2022-03-14,V06,M300,739609.8,361,2.9
ORD-55996,2023-05-25,V05,M400,897909.46,301,2.43
ORD-55997,2022-08-26,V04,M101,329631.34,44,4.03
ORD-55998,2024-03-07,V05,M300,97273.1,297,4.47
ORD-55999,2022-02-25,V06,M200,168928.75,352,4.23
ORD-56000,2024-10-01,V06,M100,853611.39,180,2.89
ORD-56001,2024-01-12,V02,M101,733131.93,472,0.75
ORD-56002,2022-12-06,V05,M400,701629.15,395,2.97
ORD-56003,2022-12-11,V04,M100,346279.58,101,0.89
ORD-56004,2024-04-12,V04,M400,386106.14,115,1.06
ORD-56005,2023-02-16,V05,M100,958532.39,213,1.27
ORD-56006,2024-05-21,V05,M200,182916.75,18,1.95
ORD-56007,2022-03-04,V05,M300,775994.42,395,2.87
ORD-56008,2024-12-11,V03,M100,316536.99,27,1.83
ORD-56009,2024-07-12,V04,M201,48664.07,427,2.31
ORD-56010,2022-04-27,V06,M200,1862861.0250000001,358,0.69
ORD-56011,2024-12-23,V04,M201,337602.77,449,2.98
ORD-56012,2023-05-04,V03,M200,1812315.1,438,3.13
ORD-56013,2022-03-25,V05,M201,710577.84,285,0.9
ORD-56014,2024-08-11,V02,M201,539439.01,149,3.64
ORD-56015,2024-07-29,V05,M400,779599.4,285,3.09
ORD-56016,2024-03-04,V05,M100,585227.94,137,2.46
ORD-56017,2023-05-07,V03,M100,293770.48,189,2.71
ORD-56018,2022-02-22,V04,M200,1841935.375,190,2.51
ORD-56019,2022-07-01,V05,M300,593248.42,199,0.72
ORD-56020,2022-12-17,V04,M400,22600.01,102,3.44
ORD-56021,2022-01-13,V01,M100,902627.74,479,2.55
ORD-56022,2022-10-10,V06,M100,550187.18,91,1.19
ORD-56023,2023-11-21,V04,M400,869940.99,490,3.22
ORD-56024,2022-09-21,V02,M101,883909.47,224,3.28
ORD-56025,2023-03-19,V06,M400,450516.99,5,1.35
ORD-56026,2023-05-16,V02,M100,512583.4,353,3.69
ORD-56027,2024-02-08,V05,M300,421596.84,15,2.33
ORD-56028,2024-10-17,V06,M101,454942.41,441,1.22
ORD-56029,2024-10-08,V04,M201,896195.69,5,3.13
ORD-56030,2024-05-01,V06,M400,790262.57,404,2.89
ORD-56031,2023-03-01,V05,M201,135260.42,230,1.18
ORD-56032,2023-08-24,V03,M101,614204.7,357,3.99
ORD-56033,2024-11-02,V02,M101,995947.57,337,3.92
ORD-56034,2022-08-15,V05,M101,599595.19,114,3.84
ORD-56035,2023-03-19,V03,M200,1970032.2750000001,4,2.1
ORD-56036,2023-04-15,V06,M400,771370.86,184,3.8
ORD-56037,2022-01-23,V06,M300,356814.35,213,3.88
ORD-56038,2024-02-07,V05,M300,378130.81,247,4.49
ORD-56039,2022-01-09,V04,M201,726835.66,34,4.33
ORD-56040,2024-02-17,V06,M201,504983.7,296,2.03
ORD-56041,2022-02-22,V04,M201,574865.0,453,1.29
ORD-56042,2022-12-23,V04,M400,715776.73,196,1.67
ORD-56043,2022-03-14,V04,M100,779799.28,406,2.48
ORD-56044,2022-09-24,V01,M201,278801.41,127,3.72
ORD-56045,2023-11-12,V03,M101,155325.82,142,3.39
ORD-56046,2023-02-13,V03,M201,298876.7,452,3.65
ORD-56047,2024-07-07,V06,M101,512462.94,136,2.02
ORD-56048,2024-02-27,V06,M200,871799.75,128,1.49
ORD-56049,2022-06-09,V04,M100,572679.13,323,0.6
ORD-56050,2023-07-08,V01,M100,62931.07,174,3.0
ORD-56051,2022-02-09,V04,M400,514652.91,413,3.68
ORD-56052,2024-05-01,V01,M400,374305.06,218,4.06
ORD-56053,2023-03-21,V04,M300,539320.09,114,2.4
ORD-56054,2023-01-05,V02,M200,1070770.05,375,4.21
ORD-56055,2024-06-18,V02,M400,291383.59,350,1.31
ORD-56056,2022-04-07,V05,M101,905066.83,12,2.56
ORD-56057,2023-07-12,V04,M200,482293.35,463,1.36
ORD-56058,2024-02-16,V06,M100,684551.92,244,1.25
ORD-56059,2024-11-25,V03,M101,925398.27,52,4.31
ORD-56060,2022-01-02,V05,M200,1358208.15,186,3.77
ORD-56061,2024-03-31,V06,M100,877644.4,233,0.55
ORD-56062,2023-10-06,V02,M400,133602.96,2,1.57
ORD-56063,2024-06-16,V04,M101,498850.88,1,1.32
ORD-56064,2023-08-14,V05,M101,462455.03,239,1.09
ORD-56065,2022-09-15,V04,M100,18037.62,55,3.29
ORD-56066,2022-08-17,V02,M101,448824.77,495,2.77
ORD-56067,2023-03-24,V05,M400,375339.46,220,2.32
ORD-56068,2024-11-29,V02,M400,673100.74,104,1.26
ORD-56069,2023-07-08,V01,M400,938946.48,355,1.61
ORD-56070,2024-01-12,V02,M100,94933.18,418,1.92
ORD-56071,2024-10-11,V04,M201,334201.62,448,3.64
ORD-56072,2024-10-02,V03,M201,449624.09,324,4.46
ORD-56073,2024-09-20,V02,M101,460633.52,338,1.24
ORD-56074,2022-09-14,V06,M400,777061.62,396,1.87
ORD-56075,2022-07-30,V03,M101,448961.71,306,1.62
ORD-56076,2023-05-30,V01,M100,36889.69,277,0.68
ORD-56077,2024-11-05,V05,M101,713003.05,10,1.38
ORD-56078,2024-07-23,V05,M300,885981.4,341,4.11
ORD-56079,2024-03-13,V03,M201,518765.67,104,3.87
ORD-56080,2024-06-11,V05,M101,585297.44,345,1.17
ORD-56081,2022-09-20,V02,M101,171307.07,370,1.96
ORD-56082,2023-10-22,V03,M200,571098.725,465,1.74
ORD-56083,2023-03-22,V04,M101,242818.54,371,1.09
ORD-56084,2024-03-16,V02,M300,436434.56,198,2.99
ORD-56085,2022-01-03,V02,M201,928863.77,14,2.73
ORD-56086,2022-09-09,V02,M200,1316417.3,485,2.21
ORD-56087,2024-06-01,V04,M100,200176.67,168,3.92
ORD-56088,2022-09-09,V01,M100,273426.86,360,2.98
ORD-56089,2023-08-18,V06,M201,390174.88,338,1.54
ORD-56090,2022-10-24,V05,M100,627026.39,30,1.99
ORD-56091,2023-10-27,V03,M300,445632.82,457,1.1
ORD-56092,2022-10-10,V01,M101,398520.4,14,2.87
ORD-56093,2022-09-26,V03,M201,569081.31,238,2.85
ORD-56094,2022-09-17,V05,M200,623541.625,436,3.98
ORD-56095,2022-02-27,V04,M101,88114.24,366,3.92
ORD-56096,2024-05-21,V02,M100,34170.17,401,3.85
ORD-56097,2022-11-28,V02,M100,258746.57,62,2.7
ORD-56098,2024-03-17,V04,M200,251690.275,482,3.11
ORD-56099,2023-02-14,V01,M300,342977.23,110,3.6
ORD-56100,2022-02-04,V01,M200,1938010.5,406,0.87
ORD-56101,2022-02-08,V03,M201,719131.39,309,1.7
ORD-56102,2022-04-02,V04,M200,1537045.875,160,1.18
ORD-56103,2022-12-07,V01,M100,853975.24,332,2.55
ORD-56104,2022-03-08,V04,M300,289246.95,55,3.85
ORD-56105,2022-05-18,V05,M300,886203.22,249,1.42
ORD-56106,2023-06-13,V02,M400,405246.78,464,3.42
ORD-56107,2024-10-01,V02,M200,1017210.9750000001,256,2.12
ORD-56108,2024-05-19,V02,M201,411298.1,22,4.11
ORD-56109,2022-07-27,V04,M100,107113.42,422,3.01
ORD-56110,2023-03-16,V04,M101,975735.59,434,4.41
ORD-56111,2022-03-08,V03,M300,147121.71,103,1.48
ORD-56112,2022-09-03,V02,M200,868692.175,450,4.2
ORD-56113,2023-04-29,V03,M400,326107.32,301,1.93
ORD-56114,2022-09-02,V02,M201,83932.64,375,2.99
ORD-56115,2023-03-27,V03,M201,160737.53,264,1.2
ORD-56116,2023-08-05,V03,M100,54409.75,236,3.54
ORD-56117,2023-08-23,V05,M300,299480.45,321,4.41
ORD-56118,2024-02-05,V03,M100,867990.35,233,3.65
ORD-56119,2024-05-18,V04,M400,346047.78,168,2.96
ORD-56120,2024-09-22,V03,M101,132454.91,233,2.29
ORD-56121,2022-07-10,V02,M101,649236.93,5,1.88
ORD-56122,2024-08-07,V03,M101,996634.9,45,2.18
ORD-56123,2023-02-14,V01,M201,240000.55,46,1.81
ORD-56124,2023-12-12,V06,M300,286775.3,164,3.83
ORD-56125,2024-01-03,V02,M100,972128.58,401,4.07
ORD-56126,2023-11-20,V01,M100,186988.52,169,4.3
ORD-56127,2024-02-13,V02,M400,516101.93,414,2.17
ORD-56128,2023-08-11,V04,M101,247255.61,436,2.68
ORD-56129,2024-02-19,V06,M300,933028.38,335,2.81
ORD-56130,2023-06-01,V06,M300,981705.8,404,3.1
ORD-56131,2023-07-24,V04,M400,816550.87,164,0.51
ORD-56132,2024-08-29,V06,M200,804089.95,256,3.87
ORD-56133,2024-05-07,V04,M300,409452.6,66,1.57
ORD-56134,2024-12-31,V01,M300,249882.63,429,2.39
ORD-56135,2022-05-08,V05,M100,891850.39,260,3.87
ORD-56136,2024-03-23,V02,M400,915412.69,434,4.49
ORD-56137,2024-11-12,V04,M300,424681.96,88,3.68
ORD-56138,2022-05-08,V02,M300,659967.74,240,0.6
ORD-56139,2023-04-19,V01,M100,173897.65,311,1.98
ORD-56140,2023-05-23,V05,M300,440586.54,59,1.49
ORD-56141,2022-05-27,V01,M100,635184.12,170,4.36
ORD-56142,2022-01-22,V06,M200,978872.7250000001,258,1.56
ORD-56143,2022-02-13,V02,M201,364023.53,46,4.27
ORD-56144,2024-01-31,V05,M100,10989.0,2,4.25
ORD-56145,2024-10-19,V06,M100,806250.53,434,3.86
ORD-56146,2022-11-18,V05,M300,890444.24,129,0.89
ORD-56147,2022-09-08,V06,M100,969768.89,269,0.51
ORD-56148,2024-07-01,V01,M400,722078.67,326,3.68
ORD-56149,2024-04-01,V04,M101,553304.39,278,3.87
ORD-56150,2024-10-28,V02,M101,276591.67,17,4.35
ORD-56151,2024-05-17,V03,M200,2498266.2,187,1.37
ORD-56152,2022-12-12,V03,M100,593855.33,497,3.43
ORD-56153,2022-01-15,V01,M400,684342.53,342,2.58
ORD-56154,2023-03-02,V02,M300,685582.1,491,1.81
ORD-56155,2022-08-31,V02,M300,846799.28,326,2.93
ORD-56156,2022-08-22,V01,M201,19575.81,116,2.69
ORD-56157,2022-03-10,V02,M200,570111.175,259,1.67
ORD-56158,2023-08-09,V04,M400,668878.66,366,1.57
ORD-56159,2024-01-06,V01,M400,896194.28,249,2.45
ORD-56160,2024-06-21,V04,M300,688485.39,198,2.4
ORD-56161,2023-03-19,V02,M201,419356.38,337,1.71
ORD-56162,2024-12-01,V01,M300,367939.94,227,1.55
ORD-56163,2023-07-06,V02,M201,740568.53,177,4.32
ORD-56164,2023-02-22,V01,M101,743825.32,243,3.95
ORD-56165,2022-09-19,V02,M400,610987.41,434,3.77
ORD-56166,2023-01-06,V04,M101,298552.35,357,1.36
ORD-56167,2022-09-08,V04,M300,925903.27,495,1.26
ORD-56168,2024-06-24,V02,M200,1390902.85,35,3.74
ORD-56169,2022-08-01,V01,M100,792587.43,407,1.24
ORD-56170,2024-04-27,V03,M200,555412.95,456,2.51
ORD-56171,2023-05-15,V04,M200,876500.95,135,1.39
ORD-56172,2022-09-30,V04,M100,875833.72,306,2.01
ORD-56173,2023-11-25,V06,M400,59605.96,10,3.91
ORD-56174,2022-08-19,V03,M101,517192.16,474,4.07
ORD-56175,2024-05-05,V02,M101,486888.43,183,4.49
ORD-56176,2023-03-12,V01,M400,753717.89,202,4.28
ORD-56177,2024-01-22,V06,M100,289074.83,19,3.19
ORD-56178,2024-04-17,V02,M201,226876.15,23,2.23
ORD-56179,2024-01-08,V05,M200,2317178.775,95,0.73
ORD-56180,2023-04-02,V04,M300,575992.56,64,2.93
ORD-56181,2022-03-29,V05,M101,113642.67,417,1.34
ORD-56182,2024-08-17,V04,M400,201105.8,450,3.9
ORD-56183,2022-08-09,V04,M300,998837.8,220,2.7
ORD-56184,2022-07-04,V05,M100,203652.91,96,3.43
ORD-56185,2024-03-30,V05,M300,614370.76,353,3.19
ORD-56186,2024-01-18,V02,M300,425926.8,265,1.89
ORD-56187,2023-01-22,V06,M200,2216857.75,381,3.54
ORD-56188,2024-09-22,V06,M100,757616.91,157,3.87
ORD-56189,2022-12-21,V05,M300,600981.88,207,3.48
ORD-56190,2023-09-29,V02,M101,20631.59,274,3.61
ORD-56191,2022-11-11,V06,M100,880997.26,338,1.94
ORD-56192,2022-08-08,V02,M101,450220.8,246,4.27
ORD-56193,2023-09-14,V02,M400,932261.88,199,2.2
ORD-56194,2022-09-14,V04,M400,500583.62,462,4.09
ORD-56195,2024-10-03,V06,M201,697282.24,285,3.93
ORD-56196,2023-02-04,V06,M400,78599.72,498,1.0
ORD-56197,2023-12-20,V04,M300,747700.14,372,4.37
ORD-56198,2022-01-19,V05,M100,344616.07,83,4.49
ORD-56199,2022-03-04,V04,M400,357845.42,317,2.92
ORD-56200,2022-03-16,V06,M101,127469.29,133,3.63
ORD-56201,2024-08-31,V06,M300,155388.58,105,4.23
ORD-56202,2023-05-19,V05,M400,193901.47,370,0.58
ORD-56203,2024-04-15,V04,M200,837310.2749999999,237,4.22
ORD-56204,2022-02-01,V01,M101,893050.21,69,3.01
ORD-56205,2023-03-31,V01,M101,374577.64,184,3.81
ORD-56206,2024-11-04,V05,M201,727119.08,118,2.66
ORD-56207,2024-01-11,V04,M200,229800.075,180,2.62
ORD-56208,2022-12-02,V04,M201,595187.81,271,4.09
ORD-56209,2024-08-23,V02,M400,487072.32,90,2.53
ORD-56210,2022-12-12,V06,M200,2445445.925,88,2.39
ORD-56211,2022-08-11,V03,M101,847745.69,83,2.93
ORD-56212,2023-06-16,V05,M201,460281.47,20,2.57
ORD-56213,2023-09-04,V03,M300,777391.34,107,2.29
ORD-56214,2024-05-17,V03,M200,502770.875,329,1.22
ORD-56215,2024-04-04,V05,M101,566712.96,348,2.09
ORD-56216,2022-04-04,V04,M100,83872.87,272,1.63
ORD-56217,2024-09-15,V05,M200,886520.3500000001,331,2.1
ORD-56218,2023-07-24,V03,M200,584008.9,98,2.87
ORD-56219,2022-03-24,V06,M400,721720.72,409,2.94
ORD-56220,2022-03-03,V06,M300,495189.78,232,1.45
ORD-56221,2024-08-24,V06,M400,753559.77,375,0.84
ORD-56222,2023-07-22,V04,M200,1300356.2,57,3.48
ORD-56223,2023-06-25,V01,M200,239049.0,149,2.61
ORD-56224,2022-08-25,V05,M300,738013.97,389,2.27
ORD-56225,2023-04-17,V06,M300,834896.97,459,1.02
ORD-56226,2023-05-09,V05,M201,904495.91,235,2.16
ORD-56227,2024-11-21,V06,M101,576272.03,137,3.77
ORD-56228,2024-01-22,V04,M101,756049.51,267,2.83
ORD-56229,2023-07-26,V01,M201,754523.89,229,0.86
ORD-56230,2022-10-19,V01,M101,164192.26,361,1.83
ORD-56231,2023-01-08,V06,M200,431446.2,321,4.42
ORD-56232,2024-07-29,V04,M201,80176.65,447,2.68
ORD-56233,2022-02-02,V02,M201,326714.5,282,1.65
ORD-56234,2024-08-31,V05,M101,478773.5,202,4.15
ORD-56235,2023-01-29,V05,M100,997918.87,232,1.84
ORD-56236,2023-06-08,V03,M101,436683.41,19,3.42
ORD-56237,2023-08-05,V04,M400,728980.16,16,1.09
ORD-56238,2022-04-15,V03,M100,696463.06,493,1.13
ORD-56239,2022-06-17,V06,M201,212437.13,56,2.75
ORD-56240,2024-03-22,V03,M100,67922.08,357,1.46
ORD-56241,2023-09-13,V01,M200,1376366.7000000002,114,0.7
ORD-56242,2024-10-21,V05,M300,703302.54,489,4.21
ORD-56243,2022-10-15,V03,M100,998269.27,68,0.72
ORD-56244,2022-01-19,V01,M400,365024.94,78,3.37
ORD-56245,2024-12-24,V04,M300,897400.92,30,1.83
ORD-56246,2023-06-09,V03,M200,970282.825,7,4.23
ORD-56247,2022-06-02,V06,M400,692517.59,396,4.44
ORD-56248,2022-08-12,V06,M300,602270.4,152,1.84
ORD-56249,2024-11-12,V06,M200,156122.525,487,2.86
ORD-56250,2022-12-28,V05,M300,87604.54,363,3.59
ORD-56251,2022-03-10,V03,M300,30556.45,22,0.99
ORD-56252,2022-02-27,V04,M101,377125.74,431,3.34
ORD-56253,2022-10-16,V03,M400,748343.04,30,4.12
ORD-56254,2024-03-20,V05,M400,181027.84,444,1.21
ORD-56255,2024-04-10,V01,M100,609794.44,167,3.85
ORD-56256,2024-01-16,V05,M400,295939.5,148,0.96
ORD-56257,2024-12-28,V06,M400,799022.7,410,2.77
ORD-56258,2022-09-13,V01,M300,800412.19,49,1.86
ORD-56259,2022-04-05,V06,M201,777660.37,325,2.39
ORD-56260,2024-02-28,V02,M101,529585.18,488,1.7
ORD-56261,2022-07-30,V05,M100,291721.04,298,1.54
ORD-56262,2022-06-11,V05,M101,811349.6,262,3.47
ORD-56263,2023-12-06,V04,M100,194239.56,181,1.39
ORD-56264,2023-08-31,V03,M200,742155.025,290,2.13
ORD-56265,2024-11-06,V01,M300,192108.23,122,1.6
ORD-56266,2023-12-16,V01,M400,677468.06,124,1.45
ORD-56267,2024-02-20,V04,M400,689373.67,453,3.01
ORD-56268,2022-08-28,V04,M201,655984.89,266,0.68
ORD-56269,2023-01-20,V03,M101,421445.45,28,3.66
ORD-56270,2024-01-15,V06,M101,109169.3,259,2.68
ORD-56271,2024-10-12,V03,M101,912057.89,77,3.81
ORD-56272,2022-04-13,V05,M400,512653.65,432,1.35
ORD-56273,2023-08-31,V06,M101,412902.47,367,3.34
ORD-56274,2022-04-01,V02,M300,592936.64,194,2.18
ORD-56275,2023-03-28,V03,M100,200862.53,382,0.81
ORD-56276,2024-05-16,V04,M400,141223.29,35,3.51
ORD-56277,2024-06-29,V06,M300,411469.97,436,3.55
ORD-56278,2022-11-12,V03,M200,587371.225,114,1.58
ORD-56279,2023-10-08,V01,M300,251847.39,62,4.16
ORD-56280,2024-03-23,V02,M300,893586.37,52,3.56
ORD-56281,2022-07-26,V05,M200,1338628.9749999999,116,1.73
ORD-56282,2023-05-08,V01,M300,488634.37,47,1.46
ORD-56283,2022-07-25,V01,M100,692584.8,438,2.26
ORD-56284,2024-07-23,V02,M400,952032.63,412,1.67
ORD-56285,2022-06-22,V05,M201,121076.58,101,1.37
ORD-56286,2024-09-28,V04,M200,2087998.0499999998,279,2.1
ORD-56287,2023-05-24,V06,M400,588178.99,107,0.6
ORD-56288,2022-03-08,V05,M101,154703.7,471,2.11
ORD-56289,2022-09-03,V03,M100,304177.83,35,1.39
ORD-56290,2022-08-09,V01,M201,487537.8,489,1.56
ORD-56291,2023-11-12,V03,M100,694265.37,359,0.83
ORD-56292,2024-07-30,V04,M100,250180.95,375,2.86
ORD-56293,2022-07-27,V03,M101,539530.03,288,2.39
ORD-56294,2024-05-22,V05,M201,687824.91,2,3.5
ORD-56295,2024-04-20,V03,M100,454253.34,239,4.45
ORD-56296,2024-07-07,V04,M101,864395.7,492,0.98
ORD-56297,2022-06-28,V04,M200,2176911.275,368,1.59
ORD-56298,2024-04-23,V04,M101,475984.31,378,3.23
ORD-56299,2022-09-03,V05,M300,973196.45,272,1.45
ORD-56300,2024-02-05,V04,M400,84829.24,144,0.62
ORD-56301,2022-04-16,V01,M101,13328.75,435,0.94
ORD-56302,2022-05-30,V04,M101,386861.58,451,2.23
ORD-56303,2024-08-10,V03,M101,605086.09,92,2.22
ORD-56304,2022-11-29,V06,M100,632908.16,221,4.39
ORD-56305,2023-04-29,V03,M201,481681.28,54,2.36
ORD-56306,2023-09-07,V06,M101,133634.48,404,3.21
ORD-56307,2022-03-26,V03,M101,178792.55,228,2.47
ORD-56308,2022-01-03,V05,M300,853626.5,33,1.58
ORD-56309,2022-06-10,V03,M300,869232.02,214,0.92
ORD-56310,2022-07-18,V05,M200,1692898.875,136,3.94
ORD-56311,2024-03-26,V05,M200,1668939.475,248,1.11
ORD-56312,2024-03-15,V04,M300,601705.31,495,0.89
ORD-56313,2022-08-04,V01,M201,210896.63,408,1.36
ORD-56314,2024-02-12,V06,M200,1084920.475,53,0.51
ORD-56315,2024-02-26,V04,M400,698935.7,64,0.79
ORD-56316,2024-05-06,V04,M400,541879.75,314,3.04
ORD-56317,2024-03-29,V05,M201,28394.53,374,1.47
ORD-56318,2023-04-21,V05,M300,954021.24,37,1.85
ORD-56319,2023-08-15,V06,M200,2115919.725,212,3.84
ORD-56320,2024-10-02,V03,M101,267939.56,12,3.59
ORD-56321,2022-09-14,V03,M300,620294.35,468,2.47
ORD-56322,2022-11-09,V04,M200,2310017.475,84,2.95
ORD-56323,2023-07-28,V02,M201,105050.9,388,0.84
ORD-56324,2024-03-29,V02,M400,507999.19,94,3.55
ORD-56325,2024-11-07,V03,M201,461680.6,415,2.56
ORD-56326,2023-05-22,V02,M200,1040257.4,342,2.78
ORD-56327,2022-08-08,V03,M201,837232.72,207,3.16
ORD-56328,2022-11-29,V05,M200,967099.225,38,2.5
ORD-56329,2024-03-29,V04,M200,182566.75,421,2.59
ORD-56330,2023-04-26,V01,M201,75179.36,348,2.5
ORD-56331,2022-10-24,V04,M100,52317.16,203,2.49
ORD-56332,2022-03-11,V03,M101,415053.97,270,3.5
ORD-56333,2024-06-05,V03,M300,721222.21,75,2.21
ORD-56334,2024-03-04,V04,M400,211685.24,128,0.51
ORD-56335,2023-07-09,V06,M101,650003.84,329,2.95
ORD-56336,2022-12-01,V03,M300,690217.59,152,4.31
ORD-56337,2022-03-28,V02,M300,262650.1,10,1.53
ORD-56338,2024-02-14,V02,M400,604552.08,38,3.76
ORD-56339,2022-01-24,V03,M101,688019.66,427,2.32
ORD-56340,2022-11-01,V03,M400,471947.49,105,3.07
ORD-56341,2022-03-29,V06,M200,858373.575,165,4.06
ORD-56342,2023-02-20,V02,M400,622960.04,426,3.58
ORD-56343,2022-04-04,V03,M201,978068.62,32,4.04
ORD-56344,2022-07-14,V03,M100,432573.0,212,0.54
ORD-56345,2022-03-16,V06,M100,397817.75,14,1.25
ORD-56346,2023-04-15,V06,M100,469624.23,230,2.19
ORD-56347,2022-04-15,V04,M101,85456.21,132,3.89
ORD-56348,2024-03-27,V06,M101,557631.65,152,3.85
ORD-56349,2024-10-17,V01,M200,838526.0249999999,96,1.24
ORD-56350,2022-05-29,V02,M100,130207.9,10,1.07
ORD-56351,2022-07-15,V04,M200,1178985.425,374,3.84
ORD-56352,2023-06-02,V01,M100,13350.15,363,2.67
ORD-56353,2024-08-11,V03,M101,407767.39,16,3.01
ORD-56354,2022-11-30,V03,M201,114677.92,167,3.74
ORD-56355,2023-11-19,V04,M201,34049.78,96,1.35
ORD-56356,2024-01-27,V06,M201,826230.3,18,1.05
ORD-56357,2023-05-17,V03,M400,917086.32,409,3.94
ORD-56358,2022-08-26,V05,M201,215597.9,7,0.95
ORD-56359,2023-07-29,V04,M300,543905.28,184,0.85
ORD-56360,2024-03-30,V01,M100,285178.58,382,1.61
ORD-56361,2023-05-07,V04,M201,498641.66,245,1.77
ORD-56362,2022-11-11,V02,M300,442265.01,431,1.46
ORD-56363,2023-04-21,V06,M300,276360.54,371,3.47
ORD-56364,2023-10-12,V06,M300,703389.64,466,4.39
ORD-56365,2022-04-25,V04,M200,338065.125,367,1.3
ORD-56366,2024-01-27,V03,M200,156355.125,82,3.63
ORD-56367,2024-05-06,V03,M300,769998.68,131,0.68
ORD-56368,2023-06-15,V05,M400,669270.73,129,0.98
ORD-56369,2022-09-20,V05,M201,503540.86,289,2.56
ORD-56370,2023-04-20,V06,M100,473111.87,455,4.5
ORD-56371,2023-12-30,V05,M400,502437.27,74,4.3
ORD-56372,2022-05-27,V01,M101,442653.84,364,0.95
ORD-56373,2022-05-27,V05,M200,997408.425,59,1.46
ORD-56374,2024-11-14,V01,M201,504693.7,72,4.28
ORD-56375,2024-05-05,V05,M201,533230.02,160,1.1
ORD-56376,2024-11-28,V06,M101,694983.29,87,3.47
ORD-56377,2023-04-22,V06,M101,714095.09,401,0.5
ORD-56378,2024-10-10,V01,M201,383852.79,462,3.03
ORD-56379,2023-04-15,V04,M101,419405.12,17,2.48
ORD-56380,2024-09-29,V06,M201,379960.2,89,2.38
ORD-56381,2022-05-09,V04,M400,541170.42,149,3.82
ORD-56382,2023-04-18,V03,M101,458820.0,311,0.82
ORD-56383,2023-10-18,V01,M400,890700.5,6,2.01
ORD-56384,2022-06-25,V06,M400,699397.65,84,2.28
ORD-56385,2023-03-27,V02,M101,899669.82,433,1.0
ORD-56386,2022-12-25,V03,M201,712045.62,84,0.84
ORD-56387,2022-10-08,V04,M300,971282.23,250,1.22
ORD-56388,2022-12-29,V06,M201,639379.41,154,1.46
ORD-56389,2023-11-28,V01,M100,963914.64,416,4.36
ORD-56390,2024-04-25,V05,M101,166588.19,72,2.4
ORD-56391,2022-01-07,V02,M200,154882.25,109,2.54
ORD-56392,2022-10-17,V04,M101,583333.93,112,3.33
ORD-56393,2022-08-20,V03,M100,983658.27,172,3.24
ORD-56394,2023-02-12,V01,M400,423429.19,187,2.51
ORD-56395,2022-09-17,V02,M200,549807.325,285,1.86
ORD-56396,2022-12-13,V01,M200,1315815.0750000002,273,1.82
ORD-56397,2023-05-14,V06,M201,652310.64,18,0.73
ORD-56398,2022-07-12,V05,M300,322026.91,168,4.1
ORD-56399,2024-05-21,V03,M201,717621.66,319,3.58
ORD-56400,2024-09-19,V01,M200,2438408.4,82,2.99
ORD-56401,2023-12-16,V04,M200,2244983.725,75,2.08
ORD-56402,2024-02-06,V06,M300,298669.52,429,2.83
ORD-56403,2022-01-08,V06,M101,333456.45,460,2.44
ORD-56404,2022-05-04,V03,M300,377825.81,335,1.6
ORD-56405,2024-02-16,V06,M400,400607.25,346,1.69
ORD-56406,2023-10-06,V04,M201,109316.3,249,4.0
ORD-56407,2024-09-19,V01,M101,764343.21,131,3.04
ORD-56408,2022-07-14,V03,M201,371685.87,387,0.51
ORD-56409,2024-10-10,V06,M300,881021.78,422,1.81
ORD-56410,2024-11-13,V06,M101,927671.22,355,1.86
ORD-56411,2023-04-21,V04,M300,34187.0,201,3.33
ORD-56412,2023-06-11,V05,M400,988618.04,363,3.3
ORD-56413,2023-11-02,V05,M100,712922.5,296,2.36
ORD-56414,2022-09-20,V06,M200,1312970.75,68,4.3
ORD-56415,2023-06-15,V01,M101,395632.33,438,3.99
ORD-56416,2023-10-29,V03,M200,1308332.375,20,3.96
ORD-56417,2022-04-09,V06,M100,331378.48,271,1.89
ORD-56418,2024-04-26,V02,M101,626460.94,93,2.22
ORD-56419,2022-08-11,V03,M200,255126.175,133,2.18
ORD-56420,2024-02-09,V05,M200,1562278.45,295,2.26
ORD-56421,2024-11-16,V06,M101,282591.4,296,4.06
ORD-56422,2024-03-20,V04,M200,68646.2,135,1.5
ORD-56423,2024-03-06,V02,M200,1392946.775,456,3.71
ORD-56424,2023-05-06,V06,M101,582663.28,352,2.56
ORD-56425,2022-05-04,V01,M200,1080758.275,356,1.5
ORD-56426,2023-04-03,V02,M200,203908.425,33,2.61
ORD-56427,2024-02-12,V06,M201,894409.52,374,1.28
ORD-56428,2024-08-29,V01,M400,615316.5,293,0.93
ORD-56429,2023-09-17,V02,M201,124556.17,32,3.85
ORD-56430,2024-08-27,V01,M100,515821.27,43,3.3
ORD-56431,2024-09-24,V01,M201,502281.77,447,1.32
ORD-56432,2024-05-18,V02,M201,69797.85,292,4.27
ORD-56433,2024-10-09,V02,M100,610791.11,354,0.6
ORD-56434,2023-10-26,V01,M200,2025607.825,305,1.83
ORD-56435,2024-12-02,V05,M200,1878794.9249999998,281,0.59
ORD-56436,2023-03-17,V02,M201,210939.72,108,1.07
ORD-56437,2022-01-31,V06,M100,863669.6,96,1.22
ORD-56438,2023-11-23,V03,M200,872791.85,66,3.74
ORD-56439,2022-04-20,V04,M300,947043.29,9,4.47
ORD-56440,2023-11-28,V01,M101,81030.48,230,3.97
ORD-56441,2022-05-04,V01,M101,491346.6,221,3.04
ORD-56442,2024-08-04,V04,M400,601153.13,358,3.39
ORD-56443,2024-04-27,V05,M101,255173.6,402,2.59
ORD-56444,2024-06-07,V04,M201,773666.39,278,2.19
ORD-56445,2023-11-12,V02,M101,630626.72,99,3.27
ORD-56446,2022-09-22,V04,M101,27928.34,271,4.39
ORD-56447,2024-06-19,V01,M300,612284.9,263,0.62
ORD-56448,2024-05-01,V04,M200,1241408.625,397,1.76
ORD-56449,2022-05-27,V03,M300,204068.91,362,1.82
ORD-56450,2024-01-06,V06,M201,995790.74,164,2.16
ORD-56451,2023-08-13,V02,M101,898190.57,16,3.01
ORD-56452,2022-11-07,V04,M200,748956.55,169,2.56
ORD-56453,2023-07-27,V01,M400,545660.21,21,0.57
ORD-56454,2024-03-29,V06,M400,323337.12,28,2.15
ORD-56455,2023-02-15,V02,M101,777740.79,330,2.98
ORD-56456,2024-12-05,V01,M101,931028.12,83,2.52
ORD-56457,2022-08-27,V05,M400,365240.32,273,3.99
ORD-56458,2024-02-05,V03,M400,807528.41,321,2.09
ORD-56459,2024-06-18,V05,M201,503423.47,397,0.55
ORD-56460,2022-01-04,V03,M101,402612.78,36,1.64
ORD-56461,2024-10-14,V04,M400,939037.63,495,1.04
ORD-56462,2024-01-19,V02,M100,515300.64,314,1.5
ORD-56463,2024-07-02,V04,M400,472736.4,490,1.95
ORD-56464,2022-04-17,V03,M200,1689275.1500000001,276,3.21
ORD-56465,2024-04-08,V03,M200,671554.6499999999,233,1.8
ORD-56466,2022-10-09,V03,M100,331544.94,104,4.04
ORD-56467,2022-09-02,V06,M201,932725.38,436,1.7
ORD-56468,2024-02-13,V01,M101,681744.55,6,1.05
ORD-56469,2022-07-15,V02,M101,828370.78,23,1.18
ORD-56470,2023-08-16,V04,M400,278400.64,170,4.24
ORD-56471,2024-12-08,V04,M200,1370880.725,152,2.32
ORD-56472,2024-07-19,V05,M201,971682.3,244,2.11
ORD-56473,2023-01-19,V03,M201,325516.86,241,0.78
ORD-56474,2022-11-21,V03,M201,168871.71,261,3.43
ORD-56475,2024-07-05,V03,M400,515777.15,416,3.28
ORD-56476,2023-07-09,V04,M101,393942.88,46,2.0
ORD-56477,2022-01-03,V05,M201,167981.46,273,3.27
ORD-56478,2024-04-19,V01,M400,889665.87,75,1.97
ORD-56479,2024-10-19,V06,M400,990816.67,283,0.79
ORD-56480,2024-12-30,V02,M100,572896.36,196,3.45
ORD-56481,2022-06-15,V01,M300,776930.0,23,4.36
ORD-56482,2024-11-17,V04,M201,860447.99,87,3.09
ORD-56483,2022-09-10,V06,M300,703972.19,369,1.61
ORD-56484,2022-06-07,V06,M101,53714.49,121,1.58
ORD-56485,2022-02-26,V06,M400,166057.89,418,4.22
ORD-56486,2023-05-29,V03,M201,80279.3,149,1.71
ORD-56487,2024-10-10,V02,M200,49452.025,150,3.57
ORD-56488,2024-05-10,V04,M101,312936.44,65,3.07
ORD-56489,2023-09-13,V04,M100,398432.4,160,2.87
ORD-56490,2024-06-28,V06,M100,248619.44,446,1.22
ORD-56491,2023-02-03,V04,M300,73958.6,284,0.64
ORD-56492,2023-06-24,V02,M400,534564.46,82,2.45
ORD-56493,2023-01-04,V02,M300,280586.13,7,4.45
ORD-56494,2023-07-04,V05,M200,1995191.9500000002,182,1.28
ORD-56495,2022-02-15,V05,M200,44930.25,358,2.65
ORD-56496,2024-10-27,V01,M100,844101.78,454,3.18
ORD-56497,2023-07-15,V02,M201,955206.14,14,2.43
ORD-56498,2023-08-30,V02,M100,718973.71,478,2.53
ORD-56499,2023-11-30,V02,M100,736307.62,183,3.14
ORD-56500,2022-03-11,V05,M200,2335566.7249999996,314,3.76
ORD-56501,2023-12-24,V06,M300,216980.57,44,1.83
ORD-56502,2024-01-09,V06,M200,2486549.775,174,4.1
ORD-56503,2022-03-23,V04,M400,775746.39,14,2.44
ORD-56504,2022-06-21,V06,M200,1823262.5,300,3.15
ORD-56505,2022-03-17,V03,M200,918699.1749999999,425,0.93
ORD-56506,2022-03-08,V05,M100,550319.71,73,2.47
ORD-56507,2023-03-31,V02,M201,657378.61,223,0.56
ORD-56508,2022-08-31,V06,M100,624139.43,2,2.06
ORD-56509,2022-08-10,V05,M101,707934.79,210,0.72
ORD-56510,2024-05-09,V06,M200,228894.8,261,4.09
ORD-56511,2023-06-21,V01,M200,905229.875,90,3.19
ORD-56512,2024-09-19,V02,M101,439660.02,343,3.67
ORD-56513,2023-07-21,V01,M200,670057.5,396,2.37
ORD-56514,2023-11-10,V02,M200,452252.5,334,3.91
ORD-56515,2023-03-24,V05,M400,147538.21,252,3.99
ORD-56516,2023-09-27,V04,M200,931798.9,383,1.93
ORD-56517,2024-07-09,V06,M101,498507.28,333,2.01
ORD-56518,2024-01-31,V06,M100,72346.68,355,2.53
ORD-56519,2023-12-26,V03,M200,2367483.775,47,0.67
ORD-56520,2022-10-04,V01,M201,767590.89,335,4.48
ORD-56521,2023-01-07,V06,M101,733543.26,163,1.94
ORD-56522,2024-09-19,V05,M300,181131.92,116,2.38
ORD-56523,2024-02-01,V04,M400,607762.76,403,3.52
ORD-56524,2023-09-28,V05,M101,534427.7,79,1.69
ORD-56525,2023-08-08,V01,M100,982644.16,447,1.31
ORD-56526,2024-04-18,V03,M101,750195.05,371,1.01
ORD-56527,2023-06-07,V06,M300,580004.26,8,2.61
ORD-56528,2022-03-09,V05,M400,852304.54,23,0.52
ORD-56529,2023-12-15,V02,M201,163543.33,269,3.34
ORD-56530,2022-12-21,V04,M300,25064.36,279,2.35
ORD-56531,2022-07-05,V05,M101,693331.0,31,2.63
ORD-56532,2024-07-23,V04,M300,107328.35,414,1.55
ORD-56533,2024-02-24,V06,M101,124279.3,170,1.21
ORD-56534,2024-05-23,V02,M201,747233.92,130,3.3
ORD-56535,2022-06-26,V03,M201,277829.5,395,1.34
ORD-56536,2024-03-24,V03,M100,632344.9,409,3.62
ORD-56537,2024-01-02,V02,M201,918232.86,157,1.31
ORD-56538,2022-02-17,V04,M200,808274.475,22,2.95
ORD-56539,2024-07-31,V06,M300,224972.72,126,3.08
ORD-56540,2023-10-06,V05,M300,115497.25,403,2.52
ORD-56541,2024-05-07,V02,M101,139157.74,457,4.49
ORD-56542,2023-09-29,V01,M201,71600.47,169,2.0
ORD-56543,2023-07-06,V04,M100,96765.96,166,4.03
ORD-56544,2022-07-10,V03,M100,437684.54,157,1.18
ORD-56545,2022-06-03,V02,M100,327656.39,330,1.85
ORD-56546,2022-01-04,V03,M400,709495.21,22,1.08
ORD-56547,2023-11-18,V04,M200,2178848.1,472,2.91
ORD-56548,2024-03-29,V03,M201,786925.47,264,3.05
ORD-56549,2022-10-17,V02,M100,535330.88,303,2.31
ORD-56550,2023-11-04,V04,M200,278544.25,390,3.38
ORD-56551,2024-03-06,V01,M300,712669.61,263,3.97
ORD-56552,2024-09-23,V02,M101,369200.44,212,3.61
ORD-56553,2023-10-29,V05,M201,94793.89,465,1.47
ORD-56554,2024-03-02,V06,M201,844041.74,164,1.78
ORD-56555,2023-04-18,V02,M400,344834.35,136,2.02
ORD-56556,2023-03-13,V04,M300,226066.34,252,1.32
ORD-56557,2023-02-22,V06,M201,872737.54,205,1.94
ORD-56558,2023-07-31,V02,M400,903112.53,344,1.45
ORD-56559,2024-02-09,V01,M400,345581.13,302,4.48
ORD-56560,2023-10-06,V01,M400,361253.41,242,3.63
ORD-56561,2024-03-16,V05,M201,583832.24,320,3.94
ORD-56562,2023-04-24,V03,M201,736107.08,415,4.19
ORD-56563,2023-08-16,V06,M201,72517.71,279,3.16
ORD-56564,2024-02-16,V04,M200,1493525.5499999998,61,1.2
ORD-56565,2023-01-24,V04,M400,953291.86,465,3.53
ORD-56566,2024-02-09,V03,M200,673682.4,306,0.56
ORD-56567,2024-07-22,V01,M101,909738.94,302,0.95
ORD-56568,2023-08-07,V01,M201,950666.66,472,0.62
ORD-56569,2023-07-01,V02,M300,276462.1,299,1.04
ORD-56570,2022-03-16,V05,M100,756659.85,394,3.51
ORD-56571,2024-03-25,V06,M101,246387.26,95,4.04
ORD-56572,2023-01-18,V05,M100,740235.05,493,1.62
ORD-56573,2023-03-06,V05,M100,799445.77,148,0.98
ORD-56574,2022-08-14,V02,M201,254733.65,400,1.59
ORD-56575,2023-09-12,V05,M300,718710.85,462,3.09
ORD-56576,2023-04-29,V03,M100,813983.49,259,1.9
ORD-56577,2022-10-16,V02,M400,364993.08,30,4.34
ORD-56578,2022-10-31,V03,M100,176025.75,18,1.02
ORD-56579,2022-03-19,V02,M101,101044.92,187,4.46
ORD-56580,2022-11-09,V05,M300,579627.89,454,0.55
ORD-56581,2024-01-24,V03,M300,978317.14,212,2.31
ORD-56582,2024-07-16,V03,M100,824720.82,35,1.51
ORD-56583,2022-08-22,V03,M300,441481.24,147,2.77
ORD-56584,2024-11-25,V02,M101,541254.69,282,0.89
ORD-56585,2023-04-01,V04,M101,286732.61,35,4.0
ORD-56586,2022-08-25,V05,M101,171435.21,76,1.05
ORD-56587,2023-07-29,V03,M400,487260.35,72,2.85
ORD-56588,2024-03-28,V06,M201,468866.55,249,0.63
ORD-56589,2022-09-06,V04,M100,526710.65,57,1.74
ORD-56590,2024-03-08,V06,M300,953276.54,357,1.1
ORD-56591,2022-08-09,V05,M101,607856.35,305,4.41
ORD-56592,2023-06-06,V05,M100,609714.12,10,0.55
ORD-56593,2024-05-17,V03,M100,136744.52,213,1.91
ORD-56594,2024-10-07,V03,M201,996523.98,497,1.71
ORD-56595,2022-07-09,V02,M400,775116.49,361,3.13
ORD-56596,2022-12-01,V04,M300,878431.31,237,0.73
ORD-56597,2022-03-23,V04,M400,420157.41,234,3.74
ORD-56598,2022-12-17,V03,M300,507106.81,413,2.37
ORD-56599,2022-12-21,V05,M101,526862.97,223,2.31
ORD-56600,2024-06-03,V03,M101,202153.59,104,1.41
ORD-56601,2023-07-08,V05,M100,692594.26,327,2.46
ORD-56602,2023-11-14,V05,M300,903946.96,98,1.96
ORD-56603,2022-12-10,V03,M300,172068.76,226,1.48
ORD-56604,2023-06-05,V01,M400,95455.09,222,1.17
ORD-56605,2023-09-21,V04,M101,740836.72,324,3.41
ORD-56606,2022-10-18,V06,M200,701174.525,489,1.07
ORD-56607,2023-07-02,V05,M100,627623.92,478,1.17
ORD-56608,2022-05-24,V05,M300,698800.75,473,2.81
ORD-56609,2024-08-20,V01,M201,328691.66,334,1.4
ORD-56610,2022-10-27,V06,M201,816993.15,280,2.34
ORD-56611,2023-02-25,V02,M200,1386222.7249999999,43,2.71
ORD-56612,2023-02-13,V01,M101,870309.41,351,1.6
ORD-56613,2022-09-09,V06,M101,765660.62,382,1.87
ORD-56614,2022-10-22,V01,M101,869889.88,423,1.34
ORD-56615,2022-03-12,V05,M400,29959.77,348,2.34
ORD-56616,2024-05-11,V04,M201,251071.2,153,4.47
ORD-56617,2024-07-31,V01,M101,99107.86,339,1.95
ORD-56618,2024-02-01,V02,M201,447662.19,452,3.11
ORD-56619,2022-03-25,V03,M200,2227651.3,290,3.04
ORD-56620,2022-04-22,V06,M100,472864.86,224,3.65
ORD-56621,2022-03-26,V01,M400,851215.91,473,3.35
ORD-56622,2023-08-20,V01,M300,333906.46,119,0.55
ORD-56623,2024-06-08,V02,M200,865435.925,214,1.74
ORD-56624,2023-09-26,V04,M201,896606.11,53,3.98
ORD-56625,2022-01-16,V01,M200,1078897.45,220,2.66
ORD-56626,2024-11-01,V01,M300,791867.83,439,0.92
ORD-56627,2023-05-30,V04,M400,244277.11,243,1.6
ORD-56628,2022-09-02,V02,M100,949312.82,53,1.63
ORD-56629,2023-05-03,V06,M300,578832.46,402,3.99
ORD-56630,2023-10-28,V06,M400,761730.33,117,2.71
ORD-56631,2024-07-15,V01,M201,98620.54,391,2.93
ORD-56632,2024-12-21,V04,M300,497737.58,447,1.97
ORD-56633,2022-10-09,V01,M200,2255070.275,331,0.74
ORD-56634,2024-05-16,V03,M101,878268.24,42,0.8
ORD-56635,2023-05-23,V06,M200,140864.55,395,2.18
ORD-56636,2024-08-04,V05,M201,310661.48,247,1.21
ORD-56637,2024-09-05,V03,M100,448886.81,393,0.92
ORD-56638,2024-01-08,V01,M300,180542.17,291,1.55
ORD-56639,2022-02-10,V02,M100,732698.33,248,3.47
ORD-56640,2024-08-08,V06,M201,192666.88,101,0.79
ORD-56641,2024-11-08,V05,M300,353173.3,87,2.29
ORD-56642,2022-08-30,V03,M400,666647.83,353,3.8
ORD-56643,2022-08-31,V06,M400,487268.45,449,1.57
ORD-56644,2022-11-03,V04,M200,1852963.325,84,1.71
ORD-56645,2022-04-01,V02,M200,2403989.55,261,4.04
ORD-56646,2024-12-27,V03,M201,125381.22,221,3.1
ORD-56647,2023-05-08,V04,M400,712472.04,154,3.69
ORD-56648,2024-07-18,V01,M300,238040.71,51,1.66
ORD-56649,2023-07-06,V04,M400,420331.96,38,4.49
ORD-56650,2023-01-24,V03,M200,106335.25,259,1.06
ORD-56651,2022-07-18,V03,M201,144548.31,469,4.35
ORD-56652,2022-08-15,V01,M400,326579.52,187,4.11
ORD-56653,2022-09-16,V04,M201,348565.95,13,2.71
ORD-56654,2022-04-16,V04,M400,900589.36,223,2.84
ORD-56655,2022-07-31,V01,M100,744394.78,465,3.6
ORD-56656,2023-02-26,V04,M400,972461.14,419,1.73
ORD-56657,2023-05-06,V06,M200,1507702.0,87,2.61
ORD-56658,2024-09-01,V01,M300,249296.59,259,4.11
ORD-56659,2024-04-14,V02,M200,835946.2,181,0.77
ORD-56660,2023-04-04,V03,M200,816593.9,311,4.12
ORD-56661,2022-04-16,V02,M200,833073.45,173,3.42
ORD-56662,2022-07-19,V06,M201,676234.53,322,3.58
ORD-56663,2023-01-01,V06,M101,535499.85,195,0.76
ORD-56664,2022-12-09,V05,M101,391569.94,340,1.25
ORD-56665,2023-11-01,V05,M100,157598.87,496,4.2
ORD-56666,2024-03-04,V05,M200,79794.425,245,1.0
ORD-56667,2023-11-06,V01,M101,226646.33,428,3.02
ORD-56668,2024-07-04,V04,M100,116396.69,329,3.63
ORD-56669,2024-03-27,V06,M201,787590.58,368,1.43
ORD-56670,2022-03-22,V02,M200,303432.45,196,3.3
ORD-56671,2022-05-06,V02,M300,726985.95,62,0.76
ORD-56672,2023-06-29,V02,M201,391802.1,25,2.5
ORD-56673,2022-01-29,V02,M100,82644.61,52,1.84
ORD-56674,2022-05-23,V05,M201,814602.75,50,3.08
ORD-56675,2022-12-26,V02,M300,583834.26,378,4.06
ORD-56676,2022-01-12,V04,M201,243403.9,385,1.0
ORD-56677,2024-08-05,V05,M100,895734.36,295,2.3
ORD-56678,2022-10-09,V02,M300,54805.73,52,2.19
ORD-56679,2024-10-08,V01,M300,209801.41,332,1.8
ORD-56680,2023-06-09,V03,M201,754526.46,40,2.42
ORD-56681,2024-09-11,V03,M300,712284.15,232,4.02
ORD-56682,2022-02-17,V03,M201,296378.98,60,4.39
ORD-56683,2024-10-11,V05,M200,178511.575,216,0.51
ORD-56684,2022-09-09,V02,M300,859497.29,457,3.46
ORD-56685,2024-08-18,V06,M201,320560.66,366,2.96
ORD-56686,2024-02-01,V06,M200,509390.7,340,4.48
ORD-56687,2023-09-11,V06,M300,520901.2,197,0.86
ORD-56688,2023-12-06,V05,M200,2277812.325,276,3.75
ORD-56689,2023-02-10,V04,M400,53111.11,341,4.24
ORD-56690,2024-02-01,V01,M300,768146.05,2,4.15
ORD-56691,2023-01-13,V01,M400,576748.5,469,2.74
ORD-56692,2024-01-27,V03,M100,431194.63,106,1.81
ORD-56693,2022-07-05,V03,M100,746639.64,216,3.06
ORD-56694,2022-02-04,V06,M201,966166.18,265,1.72
ORD-56695,2024-08-06,V06,M101,236914.15,167,2.15
ORD-56696,2022-04-06,V03,M400,152210.89,247,2.28
ORD-56697,2024-11-08,V02,M400,913752.93,414,1.71
ORD-56698,2024-07-05,V04,M100,672263.55,438,1.87
ORD-56699,2023-08-30,V04,M400,443606.16,210,0.53
ORD-56700,2023-10-31,V04,M101,577526.97,58,1.69
ORD-56701,2024-05-15,V04,M200,1870394.425,428,2.39
ORD-56702,2023-03-10,V03,M200,1938253.95,43,1.19
ORD-56703,2022-06-05,V01,M101,920695.24,138,3.72
ORD-56704,2022-07-06,V03,M400,432574.36,109,2.65
ORD-56705,2024-05-24,V04,M400,300476.8,489,3.68
ORD-56706,2023-01-27,V03,M400,643267.62,48,1.01
ORD-56707,2024-05-25,V04,M201,421570.62,126,3.78
ORD-56708,2024-08-27,V05,M300,598652.47,469,4.33
ORD-56709,2022-09-12,V06,M101,425785.94,214,1.91
ORD-56710,2023-01-15,V01,M101,161465.83,401,1.64
ORD-56711,2024-07-11,V05,M101,474732.48,128,3.09
ORD-56712,2024-08-22,V02,M101,694008.64,389,3.04
ORD-56713,2023-05-30,V03,M101,801290.97,198,0.95
ORD-56714,2022-02-21,V02,M400,498393.01,202,4.21
ORD-56715,2022-04-10,V03,M201,173585.51,192,2.42
ORD-56716,2024-02-23,V06,M100,420540.83,107,3.56
ORD-56717,2024-10-25,V05,M400,788430.99,194,1.94
ORD-56718,2022-10-02,V06,M400,418730.68,327,1.55
ORD-56719,2023-03-03,V04,M300,699565.49,238,0.95
ORD-56720,2022-09-20,V06,M100,512141.54,132,1.6
ORD-56721,2023-10-15,V06,M101,248810.89,357,4.47
ORD-56722,2024-12-07,V04,M100,798189.0,83,3.13
ORD-56723,2022-10-24,V03,M201,93371.32,284,3.71
ORD-56724,2022-04-29,V04,M200,1324103.45,468,4.33
ORD-56725,2024-07-08,V05,M400,216802.12,222,0.82
ORD-56726,2024-02-26,V06,M100,76394.97,106,1.16
ORD-56727,2024-04-16,V04,M300,507904.6,294,4.21
ORD-56728,2023-01-17,V06,M201,504566.53,66,2.76
ORD-56729,2024-11-03,V05,M200,1774579.725,195,3.04
ORD-56730,2023-03-01,V02,M201,747303.19,188,2.21
ORD-56731,2023-09-06,V05,M101,730513.57,47,3.76
ORD-56732,2023-11-26,V01,M200,1038657.875,362,2.57
ORD-56733,2023-03-02,V01,M300,635372.89,497,3.8
ORD-56734,2022-06-13,V01,M200,1452939.475,359,4.47
ORD-56735,2023-08-18,V06,M300,427346.14,25,3.09
ORD-56736,2024-08-12,V03,M101,601240.57,66,2.62
ORD-56737,2022-04-16,V03,M300,947775.4,487,1.96
ORD-56738,2023-08-20,V03,M201,200964.81,335,1.28
ORD-56739,2024-10-30,V06,M100,906714.37,67,3.13
ORD-56740,2024-03-12,V05,M201,62920.96,197,0.75
ORD-56741,2023-12-24,V03,M400,315305.32,246,4.33
ORD-56742,2023-03-25,V02,M201,295263.8,296,3.09
ORD-56743,2022-05-31,V01,M200,1575253.65,100,4.34
ORD-56744,2024-05-21,V05,M101,139912.7,178,1.59
ORD-56745,2023-12-28,V01,M400,883524.14,115,4.29
ORD-56746,2022-06-23,V03,M400,830265.89,168,2.95
ORD-56747,2024-01-21,V05,M400,655545.16,119,3.74
ORD-56748,2023-09-17,V04,M100,463829.69,486,1.22
ORD-56749,2023-03-25,V02,M300,933626.48,165,2.5
ORD-56750,2024-08-20,V03,M200,2081097.7249999999,219,2.78
ORD-56751,2023-01-31,V03,M101,504322.0,197,2.07
ORD-56752,2023-04-24,V02,M100,704854.62,401,1.51
ORD-56753,2024-09-20,V02,M201,571260.65,318,4.12
ORD-56754,2022-06-09,V04,M101,592062.82,486,0.84
ORD-56755,2024-02-10,V03,M400,337666.31,237,1.12
ORD-56756,2023-06-16,V06,M101,467463.76,169,1.78
ORD-56757,2024-02-07,V03,M101,87340.22,76,4.18
ORD-56758,2022-12-28,V01,M201,363775.2,426,2.76
ORD-56759,2022-04-18,V05,M300,698870.23,287,1.99
ORD-56760,2023-06-12,V05,M200,2384209.675,33,2.11
ORD-56761,2024-02-21,V01,M400,963433.47,299,3.85
ORD-56762,2024-01-29,V05,M300,560165.64,349,0.61
ORD-56763,2022-06-14,V02,M100,610556.03,230,0.55
ORD-56764,2023-05-27,V05,M400,193863.97,195,0.68
ORD-56765,2023-06-04,V05,M200,1745887.5750000002,294,2.38
ORD-56766,2024-09-13,V01,M100,79952.2,297,2.82
ORD-56767,2023-11-30,V04,M201,291838.83,374,3.0
ORD-56768,2022-09-04,V05,M300,671679.71,447,3.42
ORD-56769,2024-04-15,V06,M400,317207.03,424,1.26
ORD-56770,2024-03-11,V05,M101,59348.41,414,1.55
ORD-56771,2022-10-24,V04,M200,2083879.275,431,1.47
ORD-56772,2022-12-18,V01,M400,317226.71,278,1.1
ORD-56773,2022-06-28,V04,M101,72474.17,230,1.48
ORD-56774,2023-03-18,V01,M400,84040.28,96,2.95
ORD-56775,2023-02-08,V02,M100,259241.21,383,1.97
ORD-56776,2024-09-22,V01,M101,186235.79,439,3.57
ORD-56777,2024-04-08,V02,M101,776557.12,171,2.65
ORD-56778,2022-10-03,V02,M400,328467.21,317,1.35
ORD-56779,2023-10-24,V01,M201,806648.83,330,2.37
ORD-56780,2023-09-21,V06,M201,182107.54,32,2.87
ORD-56781,2023-08-22,V03,M300,497950.39,491,3.96
ORD-56782,2022-03-05,V01,M100,691156.76,388,3.83
ORD-56783,2024-11-17,V05,M201,655470.95,477,2.21
ORD-56784,2024-07-23,V06,M400,605118.12,45,3.09
ORD-56785,2024-09-15,V06,M201,925573.39,72,1.69
ORD-56786,2024-03-04,V05,M300,236239.9,20,3.03
ORD-56787,2022-07-22,V03,M200,1246955.025,239,4.15
ORD-56788,2022-03-05,V06,M300,885152.62,199,3.0
ORD-56789,2024-05-30,V02,M101,87114.83,65,1.72
ORD-56790,2024-04-20,V03,M101,65329.39,188,3.08
ORD-56791,2024-10-29,V05,M201,240969.26,89,4.11
ORD-56792,2022-10-27,V03,M201,636691.01,410,1.05
ORD-56793,2022-11-05,V01,M300,267280.83,201,2.43
ORD-56794,2023-09-24,V03,M300,198337.48,23,1.78
ORD-56795,2022-07-03,V02,M400,464214.29,296,1.47
ORD-56796,2022-08-13,V01,M100,617462.09,130,2.08
ORD-56797,2022-05-21,V04,M400,256072.13,154,2.08
ORD-56798,2024-07-24,V05,M101,307684.27,78,1.34
ORD-56799,2024-05-02,V05,M400,617423.71,190,2.11
ORD-56800,2022-10-01,V03,M300,946281.04,300,3.03
ORD-56801,2024-03-25,V06,M400,677994.31,415,0.6
ORD-56802,2023-07-01,V01,M200,1962687.75,154,4.46
ORD-56803,2022-07-04,V04,M100,373141.99,113,1.68
ORD-56804,2022-09-03,V01,M300,279531.82,339,2.99
ORD-56805,2024-03-21,V05,M201,459725.07,486,1.63
ORD-56806,2023-05-05,V01,M400,809061.5,117,2.07
ORD-56807,2023-04-30,V04,M300,461736.65,5,2.7
ORD-56808,2022-07-19,V06,M201,848258.15,377,2.95
ORD-56809,2022-02-26,V03,M201,988884.26,326,3.58
ORD-56810,2024-10-17,V02,M101,81306.4,35,3.67
ORD-56811,2024-09-18,V01,M101,54956.05,272,2.57
ORD-56812,2022-06-24,V02,M300,158093.81,159,0.8
ORD-56813,2022-07-13,V05,M300,390525.98,210,2.73
ORD-56814,2024-07-09,V03,M200,349329.47500000003,14,2.41
ORD-56815,2024-08-30,V03,M100,871957.83,25,1.36
ORD-56816,2022-11-06,V01,M100,32914.79,335,0.54
ORD-56817,2023-08-22,V06,M300,322634.79,218,1.76
ORD-56818,2023-12-24,V03,M101,192847.68,254,1.54
ORD-56819,2022-01-27,V01,M400,932223.94,484,2.43
ORD-56820,2023-01-24,V01,M200,1681965.4749999999,203,3.55
ORD-56821,2022-01-21,V02,M100,912909.95,101,2.26
ORD-56822,2022-03-31,V03,M300,972605.42,361,4.31
ORD-56823,2022-06-09,V01,M101,502127.26,229,1.39
ORD-56824,2022-07-11,V02,M101,241975.92,199,1.38
ORD-56825,2022-03-20,V04,M101,201791.5,402,2.92
ORD-56826,2023-05-27,V02,M400,230689.67,178,4.09
ORD-56827,2023-12-17,V02,M201,711507.37,276,3.19
ORD-56828,2023-06-06,V01,M400,50041.27,312,3.19
ORD-56829,2024-12-22,V05,M101,60847.46,130,3.73
ORD-56830,2023-09-10,V05,M300,612061.51,410,3.17
ORD-56831,2022-07-27,V06,M200,1614091.45,279,3.54
ORD-56832,2022-05-13,V05,M400,668610.3,288,3.96
ORD-56833,2023-08-24,V02,M300,378161.7,141,0.53
ORD-56834,2024-01-26,V06,M101,807885.44,13,4.04
ORD-56835,2022-04-02,V01,M200,1345720.8499999999,401,1.36
ORD-56836,2024-11-26,V03,M100,114410.97,217,4.15
ORD-56837,2022-08-26,V02,M100,799128.31,186,1.56
ORD-56838,2022-09-05,V02,M300,953537.11,470,2.32
ORD-56839,2024-03-10,V06,M200,173589.875,27,4.24
ORD-56840,2022-11-22,V01,M300,397437.83,401,0.94
ORD-56841,2023-10-29,V04,M200,1231602.2,218,3.48
ORD-56842,2022-02-03,V02,M200,387515.125,422,2.07
ORD-56843,2024-03-23,V04,M300,869031.86,14,0.6
ORD-56844,2024-12-25,V04,M200,728270.375,142,4.26
ORD-56845,2024-07-03,V05,M400,785178.45,396,0.97
ORD-56846,2022-10-14,V01,M101,674284.54,325,3.6
ORD-56847,2022-09-22,V04,M200,1505163.4,485,2.04
ORD-56848,2022-07-23,V01,M400,200221.42,324,3.74
ORD-56849,2022-12-02,V05,M200,571241.225,55,3.5
ORD-56850,2023-07-25,V01,M400,56874.92,191,3.03
ORD-56851,2022-11-08,V02,M300,248305.31,285,4.26
ORD-56852,2024-07-19,V04,M100,351989.17,89,0.9
ORD-56853,2023-12-13,V01,M201,834813.85,45,3.69
ORD-56854,2023-06-20,V03,M200,931821.85,132,3.18
ORD-56855,2023-05-01,V01,M201,757075.56,498,1.76
ORD-56856,2024-08-12,V04,M200,1112619.65,400,2.68
ORD-56857,2024-06-18,V05,M300,787019.63,498,3.08
ORD-56858,2023-05-24,V05,M300,976508.88,66,3.45
ORD-56859,2024-11-14,V04,M400,247443.14,279,1.25
ORD-56860,2024-12-14,V02,M200,2159295.5,324,0.91
ORD-56861,2023-01-28,V02,M300,625605.85,148,0.91
ORD-56862,2023-04-27,V05,M300,819121.32,145,1.68
ORD-56863,2022-07-04,V05,M200,1637675.1,436,1.12
ORD-56864,2024-10-22,V04,M400,429710.01,6,2.64
ORD-56865,2023-03-03,V02,M400,235794.19,82,2.25
ORD-56866,2022-08-21,V05,M400,79334.87,468,4.07
ORD-56867,2022-08-23,V02,M400,540163.18,123,3.37
ORD-56868,2023-08-17,V05,M100,990422.83,167,1.32
ORD-56869,2023-03-15,V01,M200,1851653.475,237,0.68
ORD-56870,2022-04-03,V03,M100,334072.09,105,3.34
ORD-56871,2024-05-09,V06,M300,828932.75,290,3.88
ORD-56872,2024-02-22,V01,M100,771294.16,488,3.3
ORD-56873,2022-09-14,V06,M400,288819.44,238,3.08
ORD-56874,2023-12-17,V05,M300,24164.41,310,1.5
ORD-56875,2024-10-25,V03,M100,126981.01,472,2.48
ORD-56876,2022-06-11,V03,M100,878533.13,82,3.4
ORD-56877,2023-05-27,V05,M200,2095493.5,94,1.27
ORD-56878,2022-07-13,V05,M100,302256.91,321,2.41
ORD-56879,2023-06-15,V02,M300,292343.47,343,0.97
ORD-56880,2022-05-12,V05,M400,794936.34,285,2.62
ORD-56881,2022-11-21,V04,M200,2345900.25,297,2.79
ORD-56882,2023-10-15,V05,M100,781345.88,361,2.64
ORD-56883,2024-10-09,V04,M200,1523807.225,319,2.38
ORD-56884,2023-01-19,V05,M201,250244.64,416,2.85
ORD-56885,2022-01-30,V02,M200,1326226.0750000002,66,4.49
ORD-56886,2023-03-17,V04,M400,241176.74,112,2.99
ORD-56887,2022-05-02,V01,M201,809931.31,356,3.51
ORD-56888,2024-03-06,V04,M201,393091.47,429,1.27
ORD-56889,2022-11-20,V02,M200,2088400.6,401,2.62
ORD-56890,2024-11-25,V06,M300,387793.13,171,0.53
ORD-56891,2022-03-04,V04,M400,825907.91,247,0.63
ORD-56892,2022-03-17,V05,M300,339984.64,66,1.79
ORD-56893,2024-07-23,V05,M400,445731.38,68,2.37
ORD-56894,2024-06-12,V06,M400,619333.54,492,2.8
ORD-56895,2024-08-13,V02,M300,79584.74,34,4.05
ORD-56896,2023-11-16,V03,M101,948724.99,1,3.59
ORD-56897,2023-03-23,V05,M201,577869.73,151,1.7
ORD-56898,2023-06-18,V01,M200,1281854.525,390,3.47
ORD-56899,2023-11-30,V02,M300,841000.03,272,2.7
ORD-56900,2024-05-06,V04,M300,867105.1,258,3.62
ORD-56901,2024-06-28,V04,M200,1317594.5,238,2.14
ORD-56902,2023-08-23,V01,M201,927989.7,116,0.87
ORD-56903,2023-11-23,V05,M200,185225.975,76,2.97
ORD-56904,2022-09-10,V02,M400,122093.53,283,2.73
ORD-56905,2022-02-01,V01,M101,600820.35,19,4.31
ORD-56906,2024-04-15,V05,M400,360525.2,284,1.15
ORD-56907,2024-07-10,V02,M101,469582.91,35,3.12
ORD-56908,2023-10-04,V04,M200,836996.075,371,2.4
ORD-56909,2022-12-13,V02,M400,410678.06,491,2.02
ORD-56910,2024-02-29,V06,M201,824419.88,324,3.68
ORD-56911,2022-03-20,V03,M400,597541.44,305,3.74
ORD-56912,2022-10-11,V02,M300,997371.1,241,3.36
ORD-56913,2023-05-20,V03,M101,789010.41,7,0.83
ORD-56914,2022-03-07,V02,M101,280929.59,37,1.88
ORD-56915,2023-06-08,V03,M201,271701.67,371,0.69
ORD-56916,2024-12-30,V06,M101,342539.29,153,1.87
ORD-56917,2023-03-19,V04,M101,844826.89,245,3.09
ORD-56918,2024-04-03,V05,M201,37014.77,250,2.57
ORD-56919,2024-09-05,V03,M400,237879.47,115,3.31
ORD-56920,2022-12-25,V06,M200,2264673.1,41,2.71
ORD-56921,2024-01-08,V03,M400,643497.47,337,2.72
ORD-56922,2022-11-14,V04,M300,234578.62,62,2.54
ORD-56923,2022-08-24,V03,M300,226953.52,169,1.96
ORD-56924,2022-06-14,V06,M101,863991.92,142,2.29
ORD-56925,2024-02-03,V06,M300,894819.93,485,0.95
ORD-56926,2024-07-08,V01,M200,658924.4500000001,438,3.84
ORD-56927,2023-12-19,V04,M101,426305.25,258,4.06
ORD-56928,2024-12-05,V01,M300,836249.78,88,3.57
ORD-56929,2024-01-27,V04,M100,773297.36,463,2.83
ORD-56930,2024-02-25,V03,M100,815776.95,48,2.78
ORD-56931,2022-10-22,V06,M100,523214.21,435,2.38
ORD-56932,2023-11-27,V01,M100,912433.56,481,1.43
ORD-56933,2022-08-29,V03,M400,332692.03,311,2.04
ORD-56934,2022-11-10,V06,M100,165105.41,12,4.46
ORD-56935,2022-07-28,V04,M101,711645.01,211,1.08
ORD-56936,2024-11-29,V06,M201,543960.87,244,2.67
ORD-56937,2022-03-27,V03,M400,856039.91,239,3.97
ORD-56938,2024-11-11,V01,M201,90347.66,197,2.31
ORD-56939,2023-12-09,V01,M101,845255.48,257,2.92
ORD-56940,2024-06-18,V06,M101,300361.71,235,3.81
ORD-56941,2022-03-23,V03,M200,1645767.775,187,2.69
ORD-56942,2024-02-23,V02,M400,49727.5,201,3.43
ORD-56943,2022-07-06,V04,M201,613485.48,103,1.89
ORD-56944,2022-05-21,V04,M100,720098.97,290,3.43
ORD-56945,2023-10-15,V03,M101,375062.71,221,0.66
ORD-56946,2024-05-12,V02,M100,223256.6,497,1.11
ORD-56947,2022-01-24,V01,M201,542254.37,496,3.05
ORD-56948,2024-12-22,V05,M400,834858.9,368,2.3
ORD-56949,2024-06-14,V05,M300,330311.88,302,3.81
ORD-56950,2023-03-11,V03,M300,259944.6,187,1.87
ORD-56951,2023-12-13,V02,M101,286145.96,450,3.57
ORD-56952,2022-03-16,V02,M200,2374102.0749999997,403,1.06
ORD-56953,2022-05-08,V04,M100,365684.15,412,4.22
ORD-56954,2023-09-18,V01,M101,13568.2,99,2.17
ORD-56955,2022-07-14,V06,M200,1959661.0,424,1.42
ORD-56956,2022-08-17,V02,M100,702282.05,245,3.66
ORD-56957,2024-06-16,V06,M201,137282.58,313,4.29
ORD-56958,2024-07-21,V05,M300,985055.21,307,4.17
ORD-56959,2023-06-11,V06,M200,1529954.1500000001,496,1.45
ORD-56960,2024-01-30,V01,M100,505771.7,22,3.19
ORD-56961,2022-07-11,V01,M101,388397.07,68,2.69
ORD-56962,2023-12-07,V06,M100,899686.03,392,3.4
ORD-56963,2023-12-02,V03,M101,251523.85,316,2.45
ORD-56964,2024-10-11,V02,M300,292911.21,65,2.38
ORD-56965,2022-12-30,V03,M300,131186.7,292,4.03
ORD-56966,2024-10-18,V06,M100,761527.9,455,3.99
ORD-56967,2023-05-28,V02,M100,599593.79,217,3.65
ORD-56968,2024-01-01,V04,M101,612975.51,29,3.32
ORD-56969,2024-08-27,V03,M101,226285.73,193,3.21
ORD-56970,2023-01-22,V03,M200,1636641.775,56,0.72
ORD-56971,2023-03-23,V06,M200,1919509.65,338,3.5
ORD-56972,2023-12-09,V05,M200,910774.125,388,3.05
ORD-56973,2022-07-18,V06,M100,803333.67,212,1.71
ORD-56974,2023-07-16,V03,M400,355302.68,238,3.78
ORD-56975,2022-09-15,V02,M400,760557.08,200,3.83
ORD-56976,2024-08-24,V05,M400,43392.81,475,4.23
ORD-56977,2024-12-03,V06,M400,555652.96,178,2.17
ORD-56978,2024-08-15,V06,M200,2424578.25,423,2.7
ORD-56979,2024-03-07,V03,M100,981432.15,419,4.12
ORD-56980,2022-07-30,V03,M400,288935.05,153,1.77
ORD-56981,2024-04-13,V04,M300,446985.1,462,3.69
ORD-56982,2024-09-01,V06,M201,72348.13,44,4.47
ORD-56983,2023-03-01,V03,M300,874607.89,431,3.11
ORD-56984,2022-07-09,V01,M100,572886.43,168,4.43
ORD-56985,2023-03-21,V05,M100,391249.67,287,2.56
ORD-56986,2024-01-19,V01,M201,121642.85,197,1.11
ORD-56987,2022-04-29,V05,M101,947299.61,337,1.2
ORD-56988,2023-01-30,V06,M101,534916.86,74,3.43
ORD-56989,2024-04-10,V04,M101,290098.65,171,0.5
ORD-56990,2023-05-03,V03,M200,891782.45,380,3.15
ORD-56991,2022-07-27,V03,M101,277990.21,183,1.11
ORD-56992,2024-06-09,V03,M200,1514479.275,16,4.44
ORD-56993,2023-02-07,V06,M200,2326659.8499999996,496,1.15
ORD-56994,2024-01-03,V05,M101,858126.87,68,2.71
ORD-56995,2023-10-14,V03,M101,465777.07,375,3.18
ORD-56996,2023-01-04,V01,M201,828234.37,325,3.78
ORD-56997,2023-09-11,V03,M400,428874.43,42,2.34
ORD-56998,2024-02-13,V06,M201,259784.07,110,4.24
ORD-56999,2024-05-21,V04,M200,2458952.4,41,2.42
ORD-57000,2022-11-09,V01,M201,310848.69,306,1.51
ORD-57001,2023-08-10,V03,M200,826217.475,468,2.87
ORD-57002,2022-04-12,V03,M100,989795.94,6,3.13
ORD-57003,2024-06-26,V02,M200,356470.55,331,2.53
ORD-57004,2024-08-04,V05,M200,1907321.625,181,3.43
ORD-57005,2024-02-23,V01,M201,936454.63,273,2.18
ORD-57006,2022-11-22,V02,M400,516677.04,361,0.52
ORD-57007,2024-12-25,V04,M100,12496.54,185,1.56
ORD-57008,2024-06-28,V05,M300,381308.35,323,4.28
ORD-57009,2022-11-12,V01,M300,120453.3,144,3.55
ORD-57010,2024-01-15,V03,M400,422025.78,436,1.26
ORD-57011,2023-08-04,V01,M300,792126.49,100,0.77
ORD-57012,2022-02-18,V03,M100,444324.43,90,1.9
ORD-57013,2023-10-13,V05,M101,437605.87,472,3.85
ORD-57014,2023-09-01,V03,M100,561221.58,246,0.92
ORD-57015,2023-05-15,V04,M201,585873.68,239,2.67
ORD-57016,2024-05-01,V06,M200,2144333.375,418,1.6
ORD-57017,2023-11-03,V03,M200,788179.7,212,3.41
ORD-57018,2024-01-07,V04,M201,823454.55,81,0.5
ORD-57019,2024-02-11,V06,M201,570274.41,115,1.61
ORD-57020,2024-08-08,V05,M200,768810.625,276,3.22
ORD-57021,2023-11-10,V05,M400,302174.78,80,2.69
ORD-57022,2022-02-16,V01,M101,367526.14,56,3.62
ORD-57023,2022-05-28,V04,M101,626466.31,179,1.13
ORD-57024,2024-07-15,V04,M101,238503.61,309,2.62
ORD-57025,2022-06-20,V02,M201,921130.23,49,1.28
ORD-57026,2022-01-06,V02,M200,1447908.65,260,3.06
ORD-57027,2024-11-06,V06,M400,920815.62,274,1.03
ORD-57028,2023-06-02,V06,M200,139850.775,292,1.09
ORD-57029,2024-07-02,V02,M200,872963.15,373,1.81
ORD-57030,2023-01-14,V06,M400,32579.58,291,2.11
ORD-57031,2024-05-14,V03,M100,279529.3,30,2.49
ORD-57032,2022-09-26,V02,M400,863386.41,374,2.82
ORD-57033,2022-12-12,V04,M100,46243.62,252,2.38
ORD-57034,2024-06-08,V03,M300,441785.63,63,0.68
ORD-57035,2024-05-03,V06,M100,126391.4,82,1.87
ORD-57036,2024-10-24,V05,M101,422672.25,405,0.75
ORD-57037,2024-12-19,V01,M101,840463.07,436,0.97
ORD-57038,2023-08-16,V02,M400,626840.32,480,0.87
ORD-57039,2023-10-14,V05,M101,739388.78,325,1.13
ORD-57040,2024-12-01,V06,M101,355613.07,381,3.75
ORD-57041,2022-11-22,V04,M300,944953.72,169,3.01
ORD-57042,2024-08-25,V01,M101,712169.47,310,2.53
ORD-57043,2024-09-21,V05,M201,427580.83,343,3.43
ORD-57044,2022-01-12,V01,M201,432200.15,158,4.34
ORD-57045,2024-09-16,V02,M201,919497.34,475,2.17
ORD-57046,2022-07-08,V06,M100,580640.65,56,1.97
ORD-57047,2022-11-05,V04,M400,709315.42,335,4.41
ORD-57048,2023-05-03,V06,M400,422864.87,425,3.59
ORD-57049,2023-03-24,V01,M200,578639.6,142,3.61
ORD-57050,2022-12-13,V05,M300,726323.7,149,2.9
ORD-57051,2024-09-21,V02,M201,611745.53,376,2.53
ORD-57052,2024-04-26,V02,M201,506329.45,226,2.7
ORD-57053,2023-11-26,V06,M101,627780.73,474,3.11
ORD-57054,2023-07-03,V05,M201,216202.73,25,2.01
ORD-57055,2022-04-03,V05,M101,795999.32,178,3.63
ORD-57056,2024-04-28,V01,M101,948681.18,365,4.14
ORD-57057,2022-02-15,V06,M200,2230480.275,95,2.79
ORD-57058,2023-01-20,V06,M100,328221.39,53,2.03
ORD-57059,2022-01-10,V03,M101,411945.72,304,3.28
ORD-57060,2023-05-09,V06,M101,810318.28,70,1.23
ORD-57061,2024-12-21,V02,M400,599165.96,176,4.37
ORD-57062,2024-10-06,V01,M200,1381088.25,132,3.13
ORD-57063,2022-01-20,V05,M101,927375.55,408,0.77
ORD-57064,2022-06-06,V06,M300,540664.71,490,2.62
ORD-57065,2022-11-24,V01,M100,519789.29,415,3.5
ORD-57066,2024-10-22,V06,M300,51598.41,339,1.61
ORD-57067,2024-12-10,V05,M201,78722.79,459,0.7
ORD-57068,2023-12-17,V04,M100,17346.1,413,2.46
ORD-57069,2023-08-07,V05,M201,914111.78,389,3.83
ORD-57070,2024-05-22,V05,M400,414302.79,338,1.51
ORD-57071,2024-01-15,V05,M101,473875.76,451,3.37
ORD-57072,2023-10-02,V06,M200,2117332.6999999997,360,2.13
ORD-57073,2022-10-09,V03,M300,613153.85,331,0.74
ORD-57074,2022-12-24,V05,M201,613406.58,213,1.72
ORD-57075,2022-11-15,V02,M101,303569.09,478,1.76
ORD-57076,2024-02-23,V02,M300,835569.29,211,4.12
ORD-57077,2023-03-08,V01,M300,174171.68,437,4.43
ORD-57078,2024-08-02,V03,M400,62618.1,345,1.34
ORD-57079,2023-11-02,V01,M400,199687.32,64,2.22
ORD-57080,2022-02-22,V02,M201,275059.85,35,4.41
ORD-57081,2023-04-20,V02,M101,289487.95,12,2.13
ORD-57082,2023-03-09,V04,M200,1684521.15,431,1.9
ORD-57083,2022-03-07,V05,M201,225646.34,346,0.94
ORD-57084,2023-11-07,V02,M300,679891.72,311,3.51
ORD-57085,2023-09-08,V06,M300,100220.85,248,2.29
ORD-57086,2022-04-05,V06,M100,155730.44,112,3.05
ORD-57087,2022-05-28,V01,M101,513733.23,325,2.54
ORD-57088,2024-03-21,V01,M100,922676.84,467,1.2
ORD-57089,2023-04-11,V05,M400,860971.91,91,1.21
ORD-57090,2024-12-15,V05,M200,2422664.775,294,4.26
ORD-57091,2023-04-19,V04,M201,653974.27,29,4.06
ORD-57092,2024-03-31,V03,M300,679056.72,12,2.94
ORD-57093,2024-12-05,V01,M101,628772.77,147,0.5
ORD-57094,2022-04-23,V05,M300,626590.73,137,2.23
ORD-57095,2022-12-19,V01,M400,155649.14,338,2.62
ORD-57096,2022-09-22,V05,M100,548301.57,157,2.3
ORD-57097,2024-11-13,V02,M100,392207.25,259,4.2
ORD-57098,2023-08-29,V01,M201,448111.84,87,0.66
ORD-57099,2022-09-24,V02,M101,528364.57,158,3.12
ORD-57100,2023-06-02,V01,M400,137112.21,494,1.76
ORD-57101,2023-12-16,V03,M101,365892.86,186,2.74
ORD-57102,2024-01-22,V04,M201,72815.07,344,3.12
ORD-57103,2023-02-16,V06,M400,979871.45,309,2.26
ORD-57104,2022-08-20,V06,M400,127342.75,357,1.09
ORD-57105,2024-04-16,V06,M100,265939.49,229,2.58
ORD-57106,2024-12-01,V02,M100,892380.0,4,4.23
ORD-57107,2023-09-06,V05,M100,487882.95,57,2.64
ORD-57108,2022-04-29,V06,M300,144280.83,438,0.99
ORD-57109,2022-06-06,V03,M200,975970.575,28,3.8
ORD-57110,2023-03-18,V06,M100,124709.31,16,1.39
ORD-57111,2024-11-03,V01,M200,520534.6,13,1.98
ORD-57112,2023-12-13,V02,M200,153773.875,200,2.22
ORD-57113,2023-03-23,V01,M101,443845.22,184,1.86
ORD-57114,2024-09-20,V01,M201,808569.76,309,2.12
ORD-57115,2023-12-08,V01,M300,590109.49,304,3.68
ORD-57116,2024-08-10,V04,M200,1525704.625,281,1.39
ORD-57117,2024-02-17,V04,M300,208578.19,322,2.38
ORD-57118,2022-06-10,V05,M101,350454.9,158,0.58
ORD-57119,2022-11-27,V02,M100,846789.68,360,2.53
ORD-57120,2024-05-24,V03,M400,96977.62,259,0.95
ORD-57121,2023-06-11,V03,M200,2148378.375,407,1.63
ORD-57122,2024-09-19,V03,M201,488853.13,157,1.8
ORD-57123,2022-05-31,V01,M400,838775.96,425,0.83
ORD-57124,2022-11-06,V04,M101,324826.36,94,1.94
ORD-57125,2024-05-05,V02,M300,345454.52,267,2.49
ORD-57126,2022-04-19,V01,M100,754088.82,21,2.22
ORD-57127,2023-09-27,V04,M300,787146.21,127,1.62
ORD-57128,2023-12-17,V04,M201,237348.23,347,1.68
ORD-57129,2022-08-09,V06,M200,2432856.525,408,3.03
ORD-57130,2023-12-08,V06,M201,93645.2,351,3.37
ORD-57131,2023-01-29,V02,M300,77817.93,350,2.81
ORD-57132,2023-11-18,V02,M300,599549.17,449,4.4
ORD-57133,2023-07-09,V02,M400,725513.36,385,4.28
ORD-57134,2022-11-08,V01,M201,961277.27,438,0.89
ORD-57135,2024-07-13,V05,M201,410896.32,456,1.55
ORD-57136,2024-08-28,V02,M201,35038.49,112,3.97
ORD-57137,2023-03-10,V06,M100,606867.38,234,0.62
ORD-57138,2023-12-14,V05,M300,296799.06,34,2.87
ORD-57139,2022-12-14,V01,M101,438617.65,80,4.32
ORD-57140,2022-09-20,V05,M100,493584.79,475,3.21
ORD-57141,2024-08-28,V03,M100,73867.48,452,0.87
ORD-57142,2022-05-02,V05,M100,491121.97,83,3.49
ORD-57143,2022-03-06,V02,M400,432056.47,29,2.01
ORD-57144,2023-01-03,V01,M101,715418.82,489,4.19
ORD-57145,2022-07-09,V02,M201,649209.25,131,1.65
ORD-57146,2022-02-19,V06,M400,193363.56,11,2.39
ORD-57147,2022-09-13,V03,M300,214077.53,392,3.49
ORD-57148,2024-02-02,V06,M200,646240.3,62,1.53
ORD-57149,2024-12-28,V02,M400,187160.94,359,1.23
ORD-57150,2023-08-10,V02,M200,1651602.6749999998,33,0.51
ORD-57151,2023-06-19,V02,M300,994485.88,136,2.45
ORD-57152,2022-12-26,V04,M101,655587.26,409,4.21
ORD-57153,2023-06-06,V03,M200,1526536.825,88,1.63
ORD-57154,2024-06-02,V02,M100,415828.65,410,0.67
ORD-57155,2022-09-23,V02,M400,319454.46,410,2.98
ORD-57156,2022-01-23,V06,M200,2279907.55,17,0.72
ORD-57157,2024-06-14,V06,M300,969311.86,91,2.53
ORD-57158,2024-06-03,V02,M100,501808.41,413,2.03
ORD-57159,2024-10-26,V01,M200,743246.225,299,2.4
ORD-57160,2024-06-18,V04,M300,772420.99,487,1.15
ORD-57161,2023-01-18,V06,M101,141132.22,253,0.86
ORD-57162,2023-11-16,V01,M300,767932.36,73,3.5
ORD-57163,2024-12-04,V04,M101,820758.89,206,1.48
ORD-57164,2023-02-05,V02,M100,133654.91,261,3.7
ORD-57165,2024-02-14,V03,M300,977092.85,178,3.53
ORD-57166,2023-01-19,V05,M201,985657.17,478,1.29
ORD-57167,2024-07-18,V05,M400,937352.28,312,4.13
ORD-57168,2024-02-23,V02,M201,501074.46,447,1.15
ORD-57169,2023-05-24,V06,M201,253613.4,313,3.69
ORD-57170,2022-03-15,V01,M201,586189.19,220,2.18
ORD-57171,2022-01-06,V03,M400,425734.5,173,1.23
ORD-57172,2023-04-20,V04,M201,213889.16,165,4.25
ORD-57173,2024-11-08,V02,M101,429439.65,328,4.35
ORD-57174,2024-09-18,V03,M300,667250.94,335,2.55
ORD-57175,2022-09-14,V03,M100,80204.18,220,2.38
ORD-57176,2024-06-23,V06,M201,340083.82,292,4.1
ORD-57177,2023-05-17,V04,M201,27616.94,161,2.88
ORD-57178,2023-12-25,V03,M100,752000.55,390,1.56
ORD-57179,2023-03-24,V06,M100,644284.35,248,2.2
ORD-57180,2024-11-07,V01,M201,72045.41,371,3.84
ORD-57181,2024-03-21,V06,M101,965090.18,460,3.94
ORD-57182,2022-07-08,V01,M100,32395.34,71,4.26
ORD-57183,2022-12-26,V01,M300,594061.04,429,1.65
ORD-57184,2024-08-18,V03,M300,778603.79,92,3.22
ORD-57185,2023-03-08,V06,M101,790017.35,391,0.77
ORD-57186,2024-07-23,V01,M400,43942.28,361,3.4
ORD-57187,2022-10-16,V04,M200,2268377.45,321,2.75
ORD-57188,2024-01-10,V03,M101,919267.16,245,1.5
ORD-57189,2023-07-29,V06,M201,565776.47,24,3.12
ORD-57190,2024-08-18,V06,M200,1218155.925,45,1.04
ORD-57191,2023-03-13,V05,M201,54418.79,189,1.84
ORD-57192,2022-10-19,V06,M300,566334.6,403,2.1
ORD-57193,2023-12-17,V03,M100,415285.29,373,3.61
ORD-57194,2024-03-16,V04,M201,775078.34,416,1.74
ORD-57195,2024-08-03,V06,M300,409844.73,286,0.7
ORD-57196,2024-10-20,V05,M101,686745.02,321,1.22
ORD-57197,2023-05-02,V03,M201,110394.06,416,2.93
ORD-57198,2024-05-18,V01,M300,141622.75,441,0.56
ORD-57199,2024-08-01,V02,M100,148313.09,404,3.67
ORD-57200,2024-03-18,V02,M201,55070.24,341,4.1
ORD-57201,2024-02-21,V01,M400,545915.57,83,2.48
ORD-57202,2024-03-12,V06,M300,796028.05,222,3.33
ORD-57203,2024-10-02,V02,M201,614307.09,370,2.35
ORD-57204,2023-01-27,V02,M100,579205.34,476,1.74
ORD-57205,2023-01-05,V01,M201,683817.69,352,1.16
ORD-57206,2023-10-26,V06,M201,346248.87,414,2.57
ORD-57207,2024-10-16,V06,M400,368334.53,343,4.22
ORD-57208,2024-04-01,V01,M300,321127.4,219,4.06
ORD-57209,2024-07-12,V06,M200,1787469.5999999999,485,4.18
ORD-57210,2023-09-03,V06,M201,170023.93,443,4.37
ORD-57211,2022-05-20,V03,M200,57237.575,218,1.16
ORD-57212,2023-02-11,V03,M101,600234.48,190,1.09
ORD-57213,2023-04-05,V01,M201,942957.55,67,2.21
ORD-57214,2022-04-18,V04,M200,1533284.5999999999,31,3.26
ORD-57215,2023-05-21,V02,M101,785092.44,322,2.26
ORD-57216,2022-08-25,V03,M400,676062.8,250,4.07
ORD-57217,2023-02-02,V02,M300,502462.29,54,3.37
ORD-57218,2023-02-19,V05,M201,721208.48,10,3.04
ORD-57219,2022-07-14,V01,M300,825863.08,166,0.78
ORD-57220,2022-12-27,V04,M101,232484.33,339,1.2
ORD-57221,2022-08-21,V05,M300,342769.18,415,2.21
ORD-57222,2023-03-13,V05,M300,231488.48,285,4.41
ORD-57223,2022-02-11,V06,M100,457651.23,153,1.84
ORD-57224,2022-05-31,V05,M101,886213.91,32,3.02
ORD-57225,2022-06-15,V01,M300,351755.03,17,4.46
ORD-57226,2023-10-11,V03,M200,951805.5499999999,371,1.56
ORD-57227,2024-09-10,V01,M101,861763.56,301,1.17
ORD-57228,2022-12-28,V03,M100,520220.59,305,2.69
ORD-57229,2022-06-30,V05,M201,540094.51,343,2.71
ORD-57230,2024-11-08,V05,M400,862193.19,146,4.19
ORD-57231,2024-06-06,V04,M300,495621.47,75,0.61
ORD-57232,2023-05-09,V03,M200,1711854.9,379,2.13
ORD-57233,2022-12-30,V05,M100,94788.22,124,1.75
ORD-57234,2024-09-25,V06,M101,186845.4,52,2.78
ORD-57235,2024-02-17,V02,M400,410332.44,404,0.54
ORD-57236,2023-04-26,V04,M400,499890.68,190,3.34
ORD-57237,2024-08-10,V01,M300,966076.36,141,2.44
ORD-57238,2022-02-16,V04,M100,970945.12,88,3.3
ORD-57239,2024-03-09,V02,M100,852685.12,427,2.29
ORD-57240,2024-01-09,V03,M200,806107.125,84,2.4
ORD-57241,2024-08-29,V01,M201,964388.01,243,4.08
ORD-57242,2022-10-27,V01,M201,692447.46,106,1.34
ORD-57243,2022-01-26,V03,M201,399010.73,92,1.37
ORD-57244,2024-03-15,V04,M400,704658.17,355,2.74
ORD-57245,2023-04-24,V05,M400,26357.5,21,3.14
ORD-57246,2022-04-06,V04,M101,154693.14,6,1.92
ORD-57247,2023-07-10,V02,M400,831388.85,455,2.58
ORD-57248,2022-06-03,V06,M400,649117.9,221,1.41
ORD-57249,2023-02-15,V05,M100,370552.75,309,1.04
ORD-57250,2024-05-29,V04,M101,505659.97,87,1.45
ORD-57251,2024-01-01,V06,M100,906090.73,180,4.17
ORD-57252,2024-12-14,V06,M200,1588155.825,453,3.71
ORD-57253,2024-07-20,V03,M200,1010419.475,342,1.06
ORD-57254,2024-09-28,V02,M101,129123.39,393,0.69
ORD-57255,2022-11-11,V02,M101,300809.33,352,0.87
ORD-57256,2023-04-29,V02,M400,978556.83,246,1.67
ORD-57257,2022-02-16,V05,M200,1107473.575,458,3.75
ORD-57258,2023-03-28,V01,M300,477121.07,174,1.79
ORD-57259,2024-04-05,V05,M201,503612.05,491,1.24
ORD-57260,2023-09-26,V04,M400,885262.98,113,2.08
ORD-57261,2022-07-12,V06,M201,607889.0,476,1.0
ORD-57262,2024-03-07,V06,M200,1741850.675,459,2.38
ORD-57263,2022-01-30,V01,M201,395519.41,71,3.2
ORD-57264,2023-08-04,V04,M300,38796.74,158,1.98
ORD-57265,2022-04-05,V01,M300,931663.19,299,1.19
ORD-57266,2022-02-25,V06,M100,949636.4,237,2.31
ORD-57267,2023-09-09,V05,M101,949661.52,187,3.55
ORD-57268,2022-02-27,V02,M201,944250.22,243,0.81
ORD-57269,2023-04-18,V06,M300,817089.52,166,0.78
ORD-57270,2022-01-22,V03,M101,687750.09,34,1.77
ORD-57271,2023-06-04,V02,M101,846064.82,255,2.16
ORD-57272,2024-10-03,V06,M100,604540.78,302,1.37
ORD-57273,2022-06-07,V05,M101,143025.92,220,0.61
ORD-57274,2022-11-13,V01,M101,397305.98,32,1.38
ORD-57275,2023-02-07,V02,M400,971581.96,400,2.24
ORD-57276,2024-01-14,V05,M200,894066.1,423,0.82
ORD-57277,2023-03-24,V04,M100,869149.63,257,3.36
ORD-57278,2022-10-02,V03,M100,102279.36,482,2.71
ORD-57279,2022-12-14,V02,M201,340842.0,233,2.24
ORD-57280,2022-05-07,V01,M101,357443.79,441,2.57
ORD-57281,2024-07-22,V04,M201,61086.52,215,3.12
ORD-57282,2024-08-19,V05,M400,127903.39,242,4.48
ORD-57283,2022-08-27,V03,M300,201233.56,245,3.6
ORD-57284,2023-07-24,V01,M101,839437.43,20,2.66
ORD-57285,2023-02-23,V05,M300,72767.97,210,3.58
ORD-57286,2023-03-31,V05,M200,764284.7250000001,210,2.4
ORD-57287,2024-08-01,V02,M400,20073.25,426,1.74
ORD-57288,2024-11-13,V02,M101,698671.47,488,1.55
ORD-57289,2022-09-16,V01,M201,624100.06,469,2.1
ORD-57290,2022-01-29,V06,M201,648532.44,72,0.51
ORD-57291,2022-09-10,V06,M101,380638.96,162,1.21
ORD-57292,2023-09-07,V05,M201,216185.14,178,1.01
ORD-57293,2022-12-01,V02,M101,723117.01,11,4.34
ORD-57294,2024-08-15,V03,M100,813006.69,363,0.76
ORD-57295,2022-08-22,V03,M201,147215.48,499,2.5
ORD-57296,2024-01-03,V05,M101,491961.13,299,4.18
ORD-57297,2024-06-02,V02,M101,256228.53,266,2.93
ORD-57298,2024-08-23,V01,M201,176425.79,8,2.48
ORD-57299,2023-06-15,V01,M100,736982.06,495,3.47
ORD-57300,2023-06-13,V01,M201,542715.97,456,1.91
ORD-57301,2023-07-26,V03,M101,224023.48,275,1.27
ORD-57302,2022-09-15,V02,M100,316900.01,193,3.89
ORD-57303,2024-01-29,V02,M300,966987.13,311,0.73
ORD-57304,2023-10-07,V03,M200,2125481.925,436,3.73
ORD-57305,2024-12-23,V01,M201,881147.28,259,0.91
ORD-57306,2022-11-18,V01,M400,465411.98,53,3.0
ORD-57307,2022-07-19,V05,M101,627569.19,300,2.41
ORD-57308,2023-06-04,V06,M100,383000.06,96,4.49
ORD-57309,2022-01-04,V04,M100,86934.86,304,2.05
ORD-57310,2022-10-02,V06,M300,407058.62,310,4.33
ORD-57311,2022-02-23,V02,M201,598040.95,400,2.12
ORD-57312,2024-10-05,V02,M400,294272.83,414,3.23
ORD-57313,2022-02-28,V02,M100,849471.07,497,3.07
ORD-57314,2024-07-28,V06,M300,159589.16,92,0.85
ORD-57315,2022-07-24,V04,M101,373457.8,412,3.47
ORD-57316,2022-04-02,V05,M300,133654.87,144,1.33
ORD-57317,2023-10-29,V06,M201,410783.81,489,2.05
ORD-57318,2022-04-25,V04,M300,49264.69,307,3.63
ORD-57319,2023-09-20,V01,M100,279823.9,417,4.28
ORD-57320,2022-01-23,V01,M100,406727.9,409,2.74
ORD-57321,2022-04-27,V02,M200,1208459.2750000001,18,2.58
ORD-57322,2023-04-09,V03,M300,548259.39,126,2.52
ORD-57323,2023-03-12,V02,M101,282241.22,154,3.77
ORD-57324,2023-10-11,V03,M400,527810.92,6,4.47
ORD-57325,2022-03-08,V04,M400,513914.58,422,3.03
ORD-57326,2023-12-03,V01,M201,323016.27,428,2.01
ORD-57327,2022-04-27,V06,M200,2079745.825,451,1.37
ORD-57328,2024-05-26,V03,M300,550184.72,427,1.3
ORD-57329,2024-10-24,V04,M101,338947.02,390,3.92
ORD-57330,2023-07-12,V01,M200,2369662.825,334,4.47
ORD-57331,2024-06-09,V06,M100,846661.29,448,3.29
ORD-57332,2024-08-06,V03,M201,982761.93,338,4.32
ORD-57333,2023-06-16,V02,M300,695311.54,336,1.9
ORD-57334,2022-03-17,V02,M400,384440.68,88,3.01
ORD-57335,2023-12-12,V02,M101,288052.06,269,2.55
ORD-57336,2024-04-12,V04,M100,666684.67,65,2.43
ORD-57337,2023-07-09,V02,M200,2452521.0500000003,166,3.03
ORD-57338,2022-09-30,V05,M201,630447.93,64,1.74
ORD-57339,2024-07-18,V01,M200,2206996.975,270,3.06
ORD-57340,2024-08-14,V04,M400,335812.4,145,3.19
ORD-57341,2022-05-08,V06,M200,1032210.6,377,3.84
ORD-57342,2022-12-25,V02,M101,907212.49,333,3.42
ORD-57343,2024-02-09,V01,M100,759298.03,269,1.78
ORD-57344,2022-09-28,V03,M300,981596.22,329,2.3
ORD-57345,2024-01-11,V02,M101,777016.57,390,0.98
ORD-57346,2023-10-12,V01,M400,454030.55,6,1.53
ORD-57347,2023-08-04,V05,M201,535757.34,121,2.58
ORD-57348,2024-08-05,V03,M400,901510.34,350,0.9
ORD-57349,2023-11-01,V05,M400,556130.27,421,2.78
ORD-57350,2024-11-23,V06,M200,657108.5,313,2.06
ORD-57351,2024-09-06,V01,M201,441263.61,309,0.64
ORD-57352,2022-03-04,V05,M101,521152.83,302,2.24
ORD-57353,2022-12-09,V06,M400,105752.64,334,1.62
ORD-57354,2023-06-24,V01,M101,746325.05,132,0.77
ORD-57355,2024-04-27,V01,M300,118260.39,290,1.67
ORD-57356,2024-01-27,V05,M200,1027171.35,450,1.68
ORD-57357,2024-08-14,V01,M101,806576.22,447,1.92
ORD-57358,2022-12-01,V02,M201,472894.66,189,1.97
ORD-57359,2023-05-12,V01,M400,843595.36,209,2.22
ORD-57360,2024-07-18,V04,M300,348462.51,42,0.87
ORD-57361,2024-12-10,V06,M201,958059.93,78,0.52
ORD-57362,2022-10-07,V01,M200,543434.375,320,3.44
ORD-57363,2023-07-01,V04,M300,47881.5,499,1.85
ORD-57364,2022-08-05,V01,M300,873702.28,145,2.95
ORD-57365,2023-03-02,V01,M300,754680.69,445,1.73
ORD-57366,2022-02-21,V05,M400,239664.0,374,4.44
ORD-57367,2023-07-02,V02,M100,984894.19,286,1.76
ORD-57368,2023-05-09,V06,M300,507257.33,171,2.92
ORD-57369,2023-10-05,V02,M201,951554.79,93,1.38
ORD-57370,2022-04-13,V03,M201,509978.48,263,2.57
ORD-57371,2022-01-04,V05,M200,1192889.6,457,2.82
ORD-57372,2024-04-21,V05,M101,454647.15,430,1.23
ORD-57373,2023-07-05,V02,M101,341526.52,23,0.99
ORD-57374,2023-09-10,V05,M100,538364.48,292,4.39
ORD-57375,2023-06-06,V02,M400,458029.12,142,4.07
ORD-57376,2024-08-18,V05,M400,46379.41,148,3.14
ORD-57377,2024-01-16,V01,M300,267830.88,440,3.94
ORD-57378,2024-06-10,V02,M100,220991.57,116,0.88
ORD-57379,2022-05-11,V02,M200,2171903.125,81,3.42
ORD-57380,2022-09-22,V04,M200,1507203.2000000002,416,1.64
ORD-57381,2024-11-24,V05,M101,766046.27,25,2.66
ORD-57382,2023-04-29,V05,M200,2393144.45,115,3.56
ORD-57383,2023-01-30,V02,M300,647598.88,94,0.63
ORD-57384,2023-05-25,V01,M201,982783.89,305,3.28
ORD-57385,2022-02-03,V01,M200,796616.0249999999,185,2.24
ORD-57386,2023-07-07,V06,M100,194404.51,283,2.26
ORD-57387,2023-03-10,V01,M300,409276.79,155,4.13
ORD-57388,2024-05-04,V05,M200,1190228.55,174,3.94
ORD-57389,2024-05-31,V04,M400,896407.93,351,0.73
ORD-57390,2024-11-05,V02,M200,1410852.5750000002,173,2.97
ORD-57391,2022-11-23,V03,M400,299259.19,154,2.24
ORD-57392,2024-05-22,V04,M300,745207.94,14,0.97
ORD-57393,2023-07-02,V03,M200,1276934.05,378,3.9
ORD-57394,2023-02-23,V04,M400,170510.63,304,0.79
ORD-57395,2023-05-08,V01,M201,581051.59,128,0.63
ORD-57396,2024-11-04,V05,M101,912280.59,341,1.29
ORD-57397,2023-02-13,V03,M300,844196.39,92,1.71
ORD-57398,2022-02-28,V04,M400,590941.87,271,0.74
ORD-57399,2022-10-25,V05,M100,383312.34,222,3.07
ORD-57400,2024-08-29,V03,M200,240272.40000000002,473,2.25
ORD-57401,2022-08-28,V02,M400,474952.43,307,2.15
ORD-57402,2023-12-14,V04,M400,754558.64,310,1.08
ORD-57403,2022-05-13,V02,M400,366670.98,395,2.25
ORD-57404,2022-02-11,V01,M101,243092.36,108,2.06
ORD-57405,2023-06-21,V02,M100,932065.92,331,2.03
ORD-57406,2022-03-29,V02,M100,823340.14,28,1.37
ORD-57407,2022-02-16,V06,M201,641892.86,439,0.88
ORD-57408,2022-06-07,V04,M101,145415.51,197,1.54
ORD-57409,2022-02-23,V01,M400,153459.75,476,3.17
ORD-57410,2024-07-18,V02,M300,112187.4,200,0.79
ORD-57411,2023-12-16,V05,M101,620133.7,154,2.03
ORD-57412,2024-04-03,V03,M101,124407.17,384,2.56
ORD-57413,2024-03-23,V02,M100,844200.93,70,4.35
ORD-57414,2024-03-19,V01,M201,993035.35,160,3.88
ORD-57415,2024-09-21,V02,M201,372684.7,432,4.17
ORD-57416,2024-10-01,V03,M101,459133.15,352,3.78
ORD-57417,2023-10-05,V01,M101,714550.51,396,2.86
ORD-57418,2023-12-05,V04,M200,2344453.7,454,3.94
ORD-57419,2024-06-21,V01,M400,895152.84,461,2.76
ORD-57420,2024-06-03,V04,M100,67015.91,103,1.93
ORD-57421,2024-07-12,V01,M400,177381.08,488,1.99
ORD-57422,2024-02-11,V03,M300,757051.23,236,2.76
ORD-57423,2023-12-20,V03,M300,692004.18,189,3.74
ORD-57424,2023-08-02,V01,M201,141886.41,418,1.03
ORD-57425,2024-04-01,V02,M100,507043.94,343,0.66
ORD-57426,2024-01-31,V03,M400,783006.48,361,3.66
ORD-57427,2024-01-02,V04,M201,226592.88,109,3.09
ORD-57428,2023-12-17,V04,M300,872574.76,337,3.79
ORD-57429,2022-05-15,V05,M101,62442.06,301,4.41
ORD-57430,2022-07-06,V06,M100,784373.13,368,1.51
ORD-57431,2023-07-31,V06,M100,619660.71,255,1.28
ORD-57432,2022-12-29,V06,M400,322047.35,316,1.86
ORD-57433,2024-06-20,V04,M200,1809308.0499999998,193,4.01
ORD-57434,2022-08-27,V05,M400,784542.14,71,0.56
ORD-57435,2023-01-24,V06,M101,934559.98,269,0.54
ORD-57436,2022-10-15,V06,M101,374096.93,334,1.37
ORD-57437,2023-06-27,V01,M201,689156.57,209,2.0
ORD-57438,2022-02-18,V01,M100,606590.11,478,1.71
ORD-57439,2024-03-24,V01,M201,529954.01,176,3.8
ORD-57440,2022-09-14,V02,M101,891512.31,239,3.26
ORD-57441,2024-08-23,V06,M200,32839.1,381,3.85
ORD-57442,2022-03-04,V02,M100,289290.49,433,2.04
ORD-57443,2023-09-13,V05,M101,542894.47,98,2.88
ORD-57444,2023-11-24,V04,M200,466275.82499999995,347,2.56
ORD-57445,2024-07-21,V06,M400,908787.87,442,2.4
ORD-57446,2022-07-12,V04,M300,651119.17,89,1.65
ORD-57447,2022-03-27,V01,M101,483104.16,252,3.34
ORD-57448,2023-12-16,V06,M300,816554.74,492,2.6
ORD-57449,2023-01-27,V03,M201,456377.33,99,0.81
ORD-57450,2024-04-21,V02,M300,563066.48,329,0.5
ORD-57451,2022-05-11,V02,M101,12723.49,326,0.58
ORD-57452,2022-06-05,V06,M300,372043.52,445,0.8
ORD-57453,2024-01-08,V01,M100,147402.57,154,1.98
ORD-57454,2024-02-01,V02,M101,692791.79,486,1.72
ORD-57455,2023-10-23,V01,M200,1210591.725,295,1.13
ORD-57456,2024-11-24,V05,M300,308739.98,442,2.56
ORD-57457,2022-10-12,V04,M100,473154.02,283,4.38
ORD-57458,2024-01-29,V03,M201,217533.59,296,1.14
ORD-57459,2024-05-26,V04,M201,925835.77,379,1.5
ORD-57460,2024-03-24,V04,M300,63432.91,31,2.35
ORD-57461,2022-07-06,V05,M201,866762.86,131,3.06
ORD-57462,2023-10-26,V02,M200,1290613.0,216,2.9
ORD-57463,2024-06-29,V03,M101,622757.03,15,2.58
ORD-57464,2024-07-05,V02,M100,309579.56,438,3.45
ORD-57465,2024-03-24,V06,M400,967030.64,326,3.88
ORD-57466,2022-09-26,V04,M300,289032.45,267,4.5
ORD-57467,2022-10-23,V06,M201,592989.22,286,2.36
ORD-57468,2024-03-08,V01,M101,993482.54,291,4.48
ORD-57469,2023-01-04,V04,M400,882283.45,368,3.42
ORD-57470,2022-02-15,V02,M200,1352416.3250000002,486,3.13
ORD-57471,2024-01-05,V04,M201,990470.78,43,3.06
ORD-57472,2023-09-05,V01,M201,704356.16,445,4.14
ORD-57473,2024-11-13,V05,M100,216613.41,168,4.29
ORD-57474,2022-02-23,V06,M200,1028850.625,349,1.21
ORD-57475,2023-12-05,V06,M200,852871.0,471,2.47
ORD-57476,2024-09-06,V02,M300,350573.57,426,4.27
ORD-57477,2024-11-27,V04,M400,762851.87,255,2.03
ORD-57478,2023-11-06,V02,M100,588420.3,170,1.43
ORD-57479,2023-01-01,V05,M300,47711.78,375,0.91
ORD-57480,2023-05-26,V04,M100,878674.0,259,2.89
ORD-57481,2024-06-08,V04,M200,759570.45,346,3.3
ORD-57482,2024-01-11,V02,M100,997104.13,78,1.28
ORD-57483,2022-06-14,V02,M100,954648.82,339,3.19
ORD-57484,2024-03-11,V01,M100,941125.41,85,4.1
ORD-57485,2023-03-12,V05,M101,813016.33,380,1.47
ORD-57486,2023-03-27,V01,M101,228407.2,149,0.99
ORD-57487,2022-05-27,V06,M400,537306.42,201,3.84
ORD-57488,2022-05-04,V04,M400,232059.6,77,4.17
ORD-57489,2023-02-05,V02,M200,667696.75,361,1.36
ORD-57490,2023-10-09,V04,M100,614842.25,250,3.39
ORD-57491,2023-10-29,V04,M200,126063.025,53,2.86
ORD-57492,2022-11-29,V03,M101,969763.98,300,1.46
ORD-57493,2022-09-11,V06,M100,919486.44,302,3.79
ORD-57494,2022-01-15,V03,M300,386959.9,293,2.38
ORD-57495,2024-02-11,V04,M101,520268.22,294,3.3
ORD-57496,2024-03-19,V02,M101,471458.23,109,1.71
ORD-57497,2022-07-25,V04,M101,883377.78,365,3.76
ORD-57498,2024-11-19,V06,M100,691715.86,88,1.56
ORD-57499,2024-05-09,V03,M400,285330.13,166,1.96
ORD-57500,2024-05-24,V02,M201,452372.84,494,2.07
ORD-57501,2022-05-19,V04,M300,434676.32,267,1.33
ORD-57502,2024-07-10,V05,M300,959741.82,93,4.0
ORD-57503,2024-10-16,V06,M200,458894.5,173,0.95
ORD-57504,2022-10-19,V06,M100,98680.57,64,2.75
ORD-57505,2023-08-12,V05,M400,881812.64,428,3.76
ORD-57506,2023-07-02,V04,M101,897719.13,126,2.82
ORD-57507,2022-02-16,V06,M201,873021.7,368,1.81
ORD-57508,2024-05-01,V02,M100,515867.15,230,3.63
ORD-57509,2023-06-14,V04,M100,663146.98,105,2.5
ORD-57510,2022-10-26,V04,M400,567729.42,209,1.15
ORD-57511,2024-08-30,V03,M201,78753.35,62,1.77
ORD-57512,2024-05-20,V06,M101,599876.55,240,2.87
ORD-57513,2023-03-28,V06,M100,23478.01,474,3.14
ORD-57514,2022-06-07,V05,M300,331737.54,61,2.69
ORD-57515,2024-02-23,V03,M300,932969.65,346,1.59
ORD-57516,2022-10-18,V03,M201,311004.82,12,2.88
ORD-57517,2023-08-12,V06,M101,940428.38,466,1.83
ORD-57518,2023-07-01,V04,M201,257632.62,137,1.4
ORD-57519,2023-07-19,V03,M100,321416.62,195,4.28
ORD-57520,2023-05-02,V05,M300,632123.42,74,1.76
ORD-57521,2022-03-27,V03,M200,1910026.75,363,1.84
ORD-57522,2024-01-18,V05,M201,506373.89,386,4.09
ORD-57523,2023-12-13,V03,M200,2208236.325,136,1.07
ORD-57524,2023-07-07,V05,M200,124595.04999999999,372,2.84
ORD-57525,2022-03-09,V03,M400,922972.89,43,3.63
ORD-57526,2024-06-02,V03,M300,204344.72,402,1.59
ORD-57527,2022-03-23,V02,M201,885396.36,436,3.88
ORD-57528,2022-08-06,V05,M200,1017136.375,39,3.58
ORD-57529,2022-05-21,V05,M100,834429.49,31,2.44
ORD-57530,2022-07-15,V05,M400,674948.89,142,0.97
ORD-57531,2023-08-21,V01,M101,184182.22,320,4.38
ORD-57532,2024-03-25,V03,M400,918867.09,359,3.0
ORD-57533,2024-04-16,V05,M101,253062.22,353,2.57
ORD-57534,2024-12-10,V06,M300,251698.72,477,4.04
ORD-57535,2024-05-28,V01,M201,816037.11,44,2.19
ORD-57536,2024-10-06,V02,M201,114814.52,188,2.75
ORD-57537,2023-05-18,V05,M101,229815.55,353,3.93
ORD-57538,2024-01-16,V05,M100,508640.8,483,2.07
ORD-57539,2024-06-28,V01,M101,832172.26,2,3.59
ORD-57540,2024-09-16,V03,M101,156009.13,483,1.52
ORD-57541,2023-10-15,V06,M201,552191.55,416,3.31
ORD-57542,2022-03-11,V02,M200,1785320.4749999999,292,2.54
ORD-57543,2023-01-19,V05,M100,861989.27,494,1.16
ORD-57544,2022-06-29,V03,M201,936209.9,311,1.04
ORD-57545,2022-04-22,V06,M400,786793.52,370,2.33
ORD-57546,2024-12-02,V06,M101,656300.11,343,3.34
ORD-57547,2024-07-24,V02,M200,1098209.7,447,2.91
ORD-57548,2024-01-14,V04,M100,120989.05,325,3.92
ORD-57549,2023-12-12,V06,M300,712639.82,367,2.06
ORD-57550,2023-05-24,V04,M100,992809.93,336,3.87
ORD-57551,2023-01-13,V06,M100,739392.99,296,0.65
ORD-57552,2022-05-13,V02,M101,26543.98,24,1.96
ORD-57553,2022-03-20,V01,M101,501297.38,373,0.79
ORD-57554,2023-03-25,V02,M300,618500.17,442,4.18
ORD-57555,2022-06-01,V02,M300,692777.46,104,2.4
ORD-57556,2024-02-07,V01,M300,722528.58,412,1.76
ORD-57557,2024-01-20,V01,M201,562527.36,62,2.47
ORD-57558,2022-01-23,V03,M201,231126.73,153,2.63
ORD-57559,2022-11-12,V06,M101,942778.65,263,3.88
ORD-57560,2024-08-12,V03,M101,699699.8,294,2.67
ORD-57561,2022-11-12,V01,M300,244471.64,455,2.23
ORD-57562,2023-07-14,V04,M201,329098.61,375,4.35
ORD-57563,2023-03-31,V04,M200,2306770.975,243,4.37
ORD-57564,2024-05-10,V02,M201,888610.33,342,0.65
ORD-57565,2022-02-11,V05,M101,411094.97,342,3.33
ORD-57566,2024-12-04,V02,M201,47924.15,347,1.99
ORD-57567,2024-06-09,V02,M101,58012.4,121,3.2
ORD-57568,2022-02-26,V05,M300,291079.11,353,3.05
ORD-57569,2022-02-04,V06,M300,632831.0,173,1.82
ORD-57570,2022-12-25,V01,M300,588352.69,416,4.45
ORD-57571,2022-12-17,V04,M200,1593723.775,103,1.93
ORD-57572,2023-07-02,V02,M200,1800275.35,160,3.03
ORD-57573,2022-03-25,V05,M101,28841.93,257,3.75
ORD-57574,2022-06-09,V03,M100,114034.74,202,1.08
ORD-57575,2023-09-01,V02,M400,365888.62,45,1.7
ORD-57576,2022-01-05,V04,M200,408278.5,64,1.3
ORD-57577,2023-06-16,V01,M101,84566.84,196,3.63
ORD-57578,2024-12-01,V02,M201,644554.75,477,3.7
ORD-57579,2023-11-01,V02,M300,817183.11,391,1.52
ORD-57580,2024-03-01,V06,M300,755100.39,422,0.52
ORD-57581,2022-06-08,V05,M300,818869.38,70,2.19
ORD-57582,2022-10-15,V03,M101,669197.98,181,3.25
ORD-57583,2022-02-18,V03,M300,737991.87,331,2.99
ORD-57584,2023-08-03,V01,M200,697652.475,247,2.28
ORD-57585,2024-05-13,V04,M201,993077.96,329,1.71
ORD-57586,2024-12-15,V01,M300,191334.0,158,2.4
ORD-57587,2022-03-19,V02,M101,222348.94,406,0.56
ORD-57588,2022-06-03,V02,M201,296032.61,186,0.8
ORD-57589,2022-01-18,V03,M300,975579.11,231,1.15
ORD-57590,2023-07-10,V04,M100,988405.7,73,3.0
ORD-57591,2022-03-10,V05,M300,796944.81,55,1.38
ORD-57592,2022-02-05,V04,M400,632767.02,486,2.19
ORD-57593,2023-01-12,V02,M200,1312154.875,243,2.99
ORD-57594,2022-10-07,V05,M201,970914.64,302,3.82
ORD-57595,2022-07-27,V04,M200,1746666.4249999998,353,2.7
ORD-57596,2023-03-22,V04,M100,945282.83,410,1.21
ORD-57597,2022-04-21,V05,M100,323385.29,448,4.31
ORD-57598,2023-07-05,V02,M400,340437.04,464,0.86
ORD-57599,2024-11-10,V04,M200,2140443.375,393,1.97
ORD-57600,2022-11-27,V05,M201,158356.37,215,4.19
ORD-57601,2023-06-26,V06,M100,946468.58,15,2.91
ORD-57602,2023-03-13,V06,M100,512399.61,147,3.15
ORD-57603,2023-03-30,V02,M300,927149.74,490,1.71
ORD-57604,2022-01-25,V05,M400,343424.86,144,0.81
ORD-57605,2024-02-12,V06,M101,718799.32,25,1.96
ORD-57606,2023-12-01,V05,M100,488046.37,99,2.11
ORD-57607,2023-04-13,V04,M201,630535.59,179,1.58
ORD-57608,2023-12-01,V02,M201,509328.77,333,1.36
ORD-57609,2024-11-02,V06,M300,967444.46,174,1.92
ORD-57610,2023-04-20,V04,M201,695184.34,263,3.06
ORD-57611,2022-11-10,V01,M300,258805.78,290,4.3
ORD-57612,2023-02-14,V01,M100,910580.15,58,3.32
ORD-57613,2022-12-31,V02,M100,301089.44,334,3.62
ORD-57614,2022-01-16,V06,M100,377889.05,279,1.72
ORD-57615,2022-05-24,V06,M100,111102.46,407,0.92
ORD-57616,2023-09-12,V06,M101,900966.85,145,1.67
ORD-57617,2022-12-04,V05,M400,293250.9,397,2.11
ORD-57618,2024-04-16,V04,M400,266328.44,122,3.26
ORD-57619,2022-08-20,V06,M101,921059.97,27,4.26
ORD-57620,2024-10-11,V04,M100,807471.59,66,3.74
ORD-57621,2024-05-21,V02,M201,149668.13,101,1.57
ORD-57622,2024-03-27,V06,M300,771631.26,414,3.78
ORD-57623,2023-09-03,V02,M400,913902.77,388,2.15
ORD-57624,2023-01-25,V06,M200,219315.275,94,1.2
ORD-57625,2024-04-15,V01,M300,826962.84,67,2.35
ORD-57626,2022-12-23,V03,M200,1379864.625,250,2.75
ORD-57627,2024-11-04,V02,M200,1681263.6749999998,142,3.55
ORD-57628,2023-08-26,V06,M100,497925.8,267,1.9
ORD-57629,2023-12-04,V03,M200,1752062.625,40,1.09
ORD-57630,2023-12-28,V02,M100,43756.88,215,0.88
ORD-57631,2022-09-19,V05,M101,765079.66,489,0.95
ORD-57632,2023-06-06,V06,M201,43010.26,496,4.3
ORD-57633,2022-09-16,V05,M200,1151867.125,480,4.31
ORD-57634,2023-10-08,V01,M201,159455.34,131,4.38
ORD-57635,2024-12-16,V06,M100,825338.53,490,1.71
ORD-57636,2023-01-05,V01,M200,801310.75,1,1.27
ORD-57637,2023-10-28,V03,M300,459552.61,9,4.42
ORD-57638,2022-07-11,V02,M101,434463.23,368,4.45
ORD-57639,2024-05-22,V04,M400,774776.95,329,0.81
ORD-57640,2023-04-22,V01,M101,486332.92,380,3.51
ORD-57641,2022-08-08,V04,M200,1977671.875,332,1.65
ORD-57642,2023-07-04,V04,M101,82773.19,385,4.14
ORD-57643,2023-12-14,V02,M400,199678.03,144,0.86
ORD-57644,2024-02-26,V03,M300,556018.91,350,4.05
ORD-57645,2023-12-27,V02,M201,947617.44,328,0.51
ORD-57646,2022-12-30,V06,M300,84010.27,494,2.59
ORD-57647,2023-12-23,V01,M101,52653.37,302,1.84
ORD-57648,2024-04-12,V04,M400,164985.17,138,2.21
ORD-57649,2024-11-20,V02,M201,644741.6,417,2.24
ORD-57650,2022-06-11,V02,M400,405002.99,358,3.11
ORD-57651,2023-04-22,V02,M300,827296.86,297,0.59
ORD-57652,2022-08-03,V01,M100,81213.82,179,3.27
ORD-57653,2023-06-21,V03,M100,204449.95,278,0.59
ORD-57654,2024-12-03,V02,M201,307026.14,144,1.24
ORD-57655,2023-05-15,V01,M201,630462.79,339,2.93
ORD-57656,2023-12-10,V04,M201,688320.96,459,0.85
ORD-57657,2024-07-10,V06,M100,132961.26,190,4.46
ORD-57658,2024-11-30,V05,M300,944366.66,437,3.64
ORD-57659,2024-12-25,V01,M201,347633.69,331,3.32
ORD-57660,2022-12-25,V05,M100,716037.08,270,1.57
ORD-57661,2022-07-14,V02,M201,528965.64,487,0.69
ORD-57662,2022-04-26,V02,M201,230530.53,187,4.42
ORD-57663,2022-07-20,V01,M400,847766.04,154,1.09
ORD-57664,2022-01-21,V05,M201,820055.65,172,3.82
ORD-57665,2022-06-07,V02,M100,402111.14,404,1.29
ORD-57666,2022-08-22,V04,M300,592721.51,468,2.0
ORD-57667,2022-12-19,V03,M100,265247.44,247,3.27
ORD-57668,2023-03-08,V03,M100,692953.11,389,4.28
ORD-57669,2023-03-12,V02,M201,315936.54,449,0.58
ORD-57670,2022-12-09,V05,M400,845637.95,11,1.54
ORD-57671,2023-03-21,V06,M200,563028.125,47,3.56
ORD-57672,2023-09-03,V02,M200,61638.475,266,1.19
ORD-57673,2022-10-18,V06,M200,689557.4,317,0.95
ORD-57674,2023-06-17,V06,M100,199141.96,111,0.68
ORD-57675,2022-05-03,V05,M201,513203.58,476,2.51
ORD-57676,2022-09-25,V06,M200,529165.65,301,3.57
ORD-57677,2024-12-05,V04,M101,765557.97,303,4.35
ORD-57678,2024-10-27,V05,M101,248956.93,418,1.57
ORD-57679,2023-02-06,V02,M101,709898.5,374,0.99
ORD-57680,2023-10-13,V04,M300,582686.21,397,2.11
ORD-57681,2024-04-22,V01,M201,986387.36,492,0.72
ORD-57682,2024-03-08,V03,M100,999901.97,473,1.83
ORD-57683,2022-02-10,V02,M100,870830.82,279,3.07
ORD-57684,2022-01-14,V02,M201,762383.54,292,1.17
ORD-57685,2022-02-02,V02,M400,392591.85,447,3.03
ORD-57686,2023-01-01,V04,M400,755743.96,252,4.39
ORD-57687,2022-05-11,V01,M300,957108.78,76,3.96
ORD-57688,2024-07-06,V05,M201,33143.8,175,1.93
ORD-57689,2023-11-01,V01,M400,542535.55,109,2.19
ORD-57690,2024-08-02,V04,M300,225818.32,450,2.18
ORD-57691,2023-11-08,V02,M200,1405743.875,340,3.94
ORD-57692,2022-04-12,V03,M200,1179456.55,336,4.48
ORD-57693,2024-04-08,V02,M300,580010.9,14,3.8
ORD-57694,2023-04-20,V05,M201,555452.6,181,2.73
ORD-57695,2023-06-15,V06,M200,2401264.925,322,0.89
ORD-57696,2024-06-30,V03,M201,556664.25,433,4.32
ORD-57697,2023-01-26,V02,M400,847769.77,272,3.94
ORD-57698,2023-02-28,V03,M200,816555.2000000001,452,3.87
ORD-57699,2022-04-07,V06,M400,443719.68,43,2.07
ORD-57700,2023-01-27,V01,M201,475709.34,461,2.29
ORD-57701,2024-06-06,V04,M201,285940.76,102,0.98
ORD-57702,2023-07-14,V02,M101,385992.36,113,4.25
ORD-57703,2023-04-01,V05,M300,602527.95,193,4.27
ORD-57704,2022-04-14,V01,M100,584385.89,9,1.52
ORD-57705,2023-11-21,V02,M300,640070.99,149,3.28
ORD-57706,2023-11-19,V01,M201,358299.74,338,1.31
ORD-57707,2024-03-29,V05,M201,322673.18,491,2.07
ORD-57708,2024-08-10,V02,M300,615501.7,224,1.71
ORD-57709,2023-09-23,V06,M201,141533.13,110,2.06
ORD-57710,2023-11-28,V06,M400,260501.23,354,1.74
ORD-57711,2022-05-19,V05,M200,129266.15,84,1.88
ORD-57712,2023-06-03,V03,M201,81884.74,43,3.66
ORD-57713,2024-05-20,V05,M300,250949.45,66,1.7
ORD-57714,2023-03-23,V03,M300,29333.99,388,3.76
ORD-57715,2024-08-18,V02,M300,252956.49,379,2.77
ORD-57716,2022-05-07,V03,M101,658426.56,109,3.62
ORD-57717,2022-05-01,V02,M400,70496.01,102,4.18
ORD-57718,2023-04-07,V02,M400,442369.31,135,1.05
ORD-57719,2024-01-22,V04,M101,913977.7,86,1.88
ORD-57720,2024-07-24,V02,M400,793371.98,84,0.72
ORD-57721,2024-09-24,V03,M101,312383.13,442,2.13
ORD-57722,2023-12-26,V04,M400,925557.42,227,1.45
ORD-57723,2022-04-01,V04,M101,336350.03,260,2.79
ORD-57724,2022-03-18,V02,M101,81790.34,380,3.63
ORD-57725,2023-05-07,V05,M400,994115.4,20,2.45
ORD-57726,2023-04-22,V05,M101,871322.3,35,1.83
ORD-57727,2024-03-11,V06,M400,471273.46,353,1.11
ORD-57728,2022-04-11,V04,M101,669712.76,243,0.61
ORD-57729,2022-03-27,V02,M300,674515.8,443,3.21
ORD-57730,2022-04-04,V05,M100,202537.41,469,0.62
ORD-57731,2023-09-19,V02,M400,208048.15,429,4.18
ORD-57732,2022-11-25,V02,M101,474884.9,270,2.88
ORD-57733,2024-09-27,V04,M300,912457.41,223,1.91
ORD-57734,2023-11-08,V06,M100,19893.84,406,0.67
ORD-57735,2023-07-18,V04,M101,784680.58,304,2.15
ORD-57736,2023-03-05,V01,M100,66951.52,158,3.97
ORD-57737,2022-08-03,V05,M400,483439.89,285,4.38
ORD-57738,2024-11-01,V05,M100,641494.1,36,0.84
ORD-57739,2022-05-21,V05,M200,1724729.175,497,3.61
ORD-57740,2024-01-15,V03,M201,67894.47,298,1.53
ORD-57741,2023-06-12,V02,M200,1061043.95,29,2.02
ORD-57742,2022-04-23,V04,M400,587998.89,391,2.69
ORD-57743,2022-12-18,V05,M400,75385.08,416,4.48
ORD-57744,2024-04-09,V01,M100,143743.61,397,1.34
ORD-57745,2022-10-03,V05,M300,667012.5,255,1.02
ORD-57746,2023-06-10,V06,M101,526421.81,397,2.88
ORD-57747,2024-02-13,V02,M201,170210.37,438,3.91
ORD-57748,2023-11-03,V02,M101,539886.94,142,3.09
ORD-57749,2022-01-19,V04,M300,913565.45,134,1.89
ORD-57750,2024-05-01,V03,M400,25431.71,144,4.41
ORD-57751,2024-07-21,V04,M201,646207.44,297,4.48
ORD-57752,2022-10-28,V05,M200,207284.82499999998,436,3.58
ORD-57753,2022-12-02,V06,M400,16384.95,368,3.71
ORD-57754,2022-12-21,V01,M400,159147.94,341,3.54
ORD-57755,2024-03-23,V04,M100,428677.57,245,1.53
ORD-57756,2022-12-26,V03,M300,804320.56,254,1.1
ORD-57757,2023-05-30,V04,M100,288967.64,364,2.72
ORD-57758,2023-07-08,V02,M100,629416.48,400,4.32
ORD-57759,2024-07-07,V05,M101,417045.07,5,4.01
ORD-57760,2023-03-28,V05,M400,241988.47,408,0.93
ORD-57761,2024-02-16,V05,M300,519104.64,427,0.73
ORD-57762,2024-02-12,V05,M100,799489.85,449,4.0
ORD-57763,2024-07-17,V05,M200,2085418.625,266,2.95
ORD-57764,2024-11-01,V05,M201,848054.34,491,1.72
ORD-57765,2022-11-26,V01,M300,345172.23,239,2.75
ORD-57766,2024-11-12,V03,M101,795521.5,250,1.39
ORD-57767,2023-07-15,V05,M300,220056.67,443,4.29
ORD-57768,2024-11-27,V03,M400,741040.85,291,3.81
ORD-57769,2022-04-02,V06,M101,948900.58,31,4.35
ORD-57770,2023-02-14,V05,M201,23606.4,120,1.25
ORD-57771,2022-10-12,V04,M200,1114900.7249999999,79,3.87
ORD-57772,2022-11-06,V05,M100,651293.28,395,2.74
ORD-57773,2024-03-23,V02,M300,704758.01,9,1.8
ORD-57774,2022-12-24,V01,M101,184326.88,450,2.42
ORD-57775,2023-07-05,V04,M201,972461.44,44,4.28
ORD-57776,2023-08-08,V04,M100,619112.71,372,3.27
ORD-57777,2024-12-27,V02,M201,172697.2,222,1.94
ORD-57778,2022-08-20,V05,M200,75793.225,144,4.5
ORD-57779,2024-06-25,V01,M100,785431.56,120,1.88
ORD-57780,2023-02-21,V04,M100,88907.69,432,3.75
ORD-57781,2024-09-07,V01,M100,149640.41,53,3.64
ORD-57782,2023-04-23,V04,M101,579081.73,65,3.39
ORD-57783,2024-10-05,V05,M100,607470.45,176,3.18
ORD-57784,2024-08-31,V06,M201,690018.25,70,0.93
ORD-57785,2024-05-02,V04,M101,399578.87,302,4.48
ORD-57786,2023-03-21,V06,M100,776159.68,121,1.14
ORD-57787,2024-08-18,V04,M201,974615.01,377,2.88
ORD-57788,2022-03-05,V03,M201,278383.99,203,1.5
ORD-57789,2022-07-26,V05,M300,705998.33,289,1.18
ORD-57790,2022-04-27,V02,M201,929183.97,180,2.74
ORD-57791,2023-12-12,V06,M400,689423.89,81,3.85
ORD-57792,2023-09-12,V02,M200,1710746.0,55,2.01
ORD-57793,2022-09-12,V05,M100,231534.84,179,0.81
ORD-57794,2022-06-25,V02,M100,539778.9,98,3.0
ORD-57795,2022-11-23,V05,M100,566897.62,110,3.57
ORD-57796,2022-08-30,V02,M201,703128.27,424,1.68
ORD-57797,2022-10-26,V06,M201,996853.24,153,3.26
ORD-57798,2023-12-29,V03,M100,43307.38,447,0.8
ORD-57799,2024-11-11,V02,M400,74580.33,406,1.95
ORD-57800,2024-10-02,V06,M101,87170.57,474,2.4
ORD-57801,2024-04-28,V04,M101,745549.34,125,3.63
ORD-57802,2024-04-01,V05,M200,362475.65,91,1.85
ORD-57803,2024-06-23,V01,M300,626227.36,294,2.31
ORD-57804,2024-02-14,V01,M200,828555.475,393,3.01
ORD-57805,2022-04-28,V05,M100,462746.76,37,3.0
ORD-57806,2022-09-18,V03,M100,223506.53,5,2.57
ORD-57807,2024-02-27,V02,M100,867445.5,338,1.81
ORD-57808,2023-02-14,V03,M300,590288.82,150,3.18
ORD-57809,2022-09-20,V01,M201,945117.63,366,3.85
ORD-57810,2024-04-03,V06,M300,578850.29,396,1.12
ORD-57811,2023-03-07,V05,M200,331672.375,316,1.86
ORD-57812,2022-03-30,V05,M201,179161.73,172,3.17
ORD-57813,2023-08-03,V03,M201,989183.24,406,3.52
ORD-57814,2024-12-04,V06,M200,1820773.875,262,3.63
ORD-57815,2024-04-02,V03,M201,58785.96,484,3.11
ORD-57816,2023-02-13,V02,M101,706743.19,27,2.41
ORD-57817,2022-09-18,V04,M200,1045128.3,495,3.08
ORD-57818,2023-12-31,V06,M200,785340.75,55,1.04
ORD-57819,2024-02-23,V04,M101,162520.19,399,1.33
ORD-57820,2023-08-01,V02,M300,841504.92,320,4.21
ORD-57821,2022-06-08,V04,M300,73202.97,249,4.19
ORD-57822,2023-06-15,V01,M300,296937.11,273,3.4
ORD-57823,2024-02-17,V04,M201,313319.06,259,1.81
ORD-57824,2024-01-30,V02,M101,169296.23,266,3.1
ORD-57825,2023-05-10,V04,M200,1282757.5750000002,191,3.25
ORD-57826,2024-08-07,V05,M200,53964.0,63,2.56
ORD-57827,2023-01-01,V03,M200,769914.4,345,3.49
ORD-57828,2022-08-05,V01,M201,934293.15,446,0.62
ORD-57829,2024-10-13,V05,M201,317424.27,341,1.52
ORD-57830,2022-02-24,V05,M400,366854.79,104,3.68
ORD-57831,2024-03-17,V02,M300,478433.4,393,4.25
ORD-57832,2023-01-26,V03,M400,566076.44,408,4.0
ORD-57833,2024-04-12,V03,M400,810621.56,288,3.37
ORD-57834,2022-05-16,V06,M201,198418.01,259,1.16
ORD-57835,2022-02-07,V01,M300,873028.91,161,1.97
ORD-57836,2024-02-07,V02,M300,759973.86,171,0.7
ORD-57837,2024-03-15,V01,M200,1813559.575,109,3.06
ORD-57838,2024-02-16,V06,M201,95936.53,140,2.3
ORD-57839,2022-08-09,V04,M300,31424.28,93,2.79
ORD-57840,2022-06-09,V05,M400,598072.57,469,4.42
ORD-57841,2024-09-14,V01,M101,864502.62,103,2.11
ORD-57842,2024-09-09,V05,M101,588597.05,226,1.73
ORD-57843,2023-05-05,V02,M201,221102.52,353,1.1
ORD-57844,2022-03-01,V04,M200,249036.75,160,1.07
ORD-57845,2022-02-09,V02,M200,1756501.225,404,2.57
ORD-57846,2023-02-08,V04,M300,724552.57,195,3.5
ORD-57847,2023-02-28,V04,M201,180806.38,324,2.76
ORD-57848,2024-04-05,V05,M101,37908.41,145,3.99
ORD-57849,2023-06-20,V02,M400,414200.68,242,1.76
ORD-57850,2022-10-13,V02,M300,586891.52,465,2.88
ORD-57851,2022-01-18,V01,M400,708942.39,403,3.14
ORD-57852,2024-10-07,V02,M300,811845.56,132,1.62
ORD-57853,2024-08-14,V01,M100,614432.05,93,2.09
ORD-57854,2024-06-16,V03,M400,119771.8,273,2.86
ORD-57855,2024-06-03,V03,M201,685755.86,192,0.58
ORD-57856,2024-09-17,V03,M400,984334.88,22,4.05
ORD-57857,2024-02-24,V06,M400,906528.74,194,0.94
ORD-57858,2022-04-18,V02,M300,872952.22,170,0.69
ORD-57859,2024-05-13,V06,M101,309148.45,460,1.36
ORD-57860,2024-05-23,V02,M100,753280.29,429,2.51
ORD-57861,2023-10-18,V01,M400,852592.41,11,1.81
ORD-57862,2023-07-05,V06,M101,681542.94,181,2.26
ORD-57863,2023-10-06,V06,M200,645140.3500000001,232,0.84
ORD-57864,2022-06-27,V06,M100,954295.63,444,1.43
ORD-57865,2022-08-26,V04,M100,456311.22,29,0.89
ORD-57866,2023-05-20,V01,M300,138507.5,20,1.42
ORD-57867,2022-12-01,V03,M400,118680.12,5,3.31
ORD-57868,2024-08-19,V01,M200,1627609.5,409,2.8
ORD-57869,2022-05-06,V04,M300,443332.55,34,1.84
ORD-57870,2022-02-24,V02,M201,103539.04,140,1.54
ORD-57871,2022-03-07,V01,M101,742960.93,28,4.49
ORD-57872,2024-01-12,V06,M101,801331.92,98,3.57
ORD-57873,2022-12-17,V03,M300,728161.47,262,3.79
ORD-57874,2023-01-31,V03,M101,210238.27,246,0.61
ORD-57875,2024-04-02,V02,M400,692877.7,19,0.74
ORD-57876,2023-01-11,V01,M101,20615.57,12,3.35
ORD-57877,2022-12-28,V04,M400,312061.02,25,1.27
ORD-57878,2023-03-07,V02,M201,404833.32,13,2.2
ORD-57879,2024-04-23,V01,M200,2092236.2,465,1.24
ORD-57880,2024-02-05,V05,M100,396490.43,76,1.21
ORD-57881,2024-12-21,V03,M300,21156.75,259,0.94
ORD-57882,2023-12-13,V04,M300,358822.95,24,2.88
ORD-57883,2024-04-16,V06,M400,503934.86,8,3.46
ORD-57884,2023-12-04,V04,M201,949514.74,368,0.73
ORD-57885,2024-02-07,V06,M201,941623.96,228,1.6
ORD-57886,2023-04-20,V04,M100,189065.3,376,3.13
ORD-57887,2023-09-05,V03,M200,483237.69999999995,123,2.07
ORD-57888,2022-01-08,V06,M300,171747.64,90,3.32
ORD-57889,2022-08-01,V01,M400,791032.71,301,3.54
ORD-57890,2022-04-05,V06,M201,15961.82,456,0.63
ORD-57891,2024-11-29,V02,M300,135905.43,224,2.02
ORD-57892,2022-06-29,V01,M400,542580.04,224,3.42
ORD-57893,2022-03-06,V02,M101,255086.45,257,2.01
ORD-57894,2024-01-24,V04,M300,101432.89,3,0.52
ORD-57895,2023-03-10,V01,M200,915698.075,321,1.85
ORD-57896,2022-07-23,V04,M400,281465.53,271,3.99
ORD-57897,2024-06-09,V05,M200,1289983.15,306,4.31
ORD-57898,2024-03-26,V04,M300,979441.26,148,2.74
ORD-57899,2023-09-17,V04,M101,133061.59,387,1.73
ORD-57900,2022-08-15,V02,M200,947498.6,189,2.36
ORD-57901,2022-05-03,V06,M201,932665.17,399,1.44
ORD-57902,2023-02-11,V05,M400,878104.31,187,1.17
ORD-57903,2022-12-06,V04,M300,400328.32,438,2.47
ORD-57904,2023-05-23,V04,M101,701963.73,188,3.45
ORD-57905,2022-01-04,V05,M201,96978.44,124,1.39
ORD-57906,2023-04-16,V05,M300,715415.64,37,4.14
ORD-57907,2023-01-12,V01,M101,973129.15,149,1.17
ORD-57908,2022-03-23,V02,M201,542113.27,106,2.73
ORD-57909,2024-01-11,V05,M200,1258763.3,103,3.61
ORD-57910,2024-11-23,V05,M300,195445.43,407,1.35
ORD-57911,2022-08-28,V03,M300,637450.32,377,1.69
ORD-57912,2022-01-29,V06,M200,1486332.2750000001,232,0.71
ORD-57913,2022-05-03,V05,M100,655413.73,355,4.28
ORD-57914,2023-04-25,V02,M201,35822.45,146,2.45
ORD-57915,2023-02-07,V06,M200,1383090.625,17,0.76
ORD-57916,2022-07-01,V06,M300,598985.5,159,3.82
ORD-57917,2022-07-26,V04,M201,215454.83,448,2.78
ORD-57918,2024-08-03,V04,M201,216249.53,304,0.72
ORD-57919,2023-09-05,V04,M100,283455.99,282,2.3
ORD-57920,2022-10-29,V04,M300,714604.38,278,2.24
ORD-57921,2023-03-01,V03,M101,610203.4,125,1.08
ORD-57922,2022-09-24,V05,M100,847305.02,173,2.18
ORD-57923,2023-11-20,V04,M100,302701.99,420,1.63
ORD-57924,2022-06-03,V01,M101,912947.38,320,3.3
ORD-57925,2023-12-15,V04,M101,746269.1,163,0.52
ORD-57926,2023-02-14,V05,M100,401061.55,203,0.93
ORD-57927,2023-07-21,V04,M201,104309.44,475,4.17
ORD-57928,2023-06-08,V03,M200,661034.5750000001,482,2.23
ORD-57929,2023-10-11,V02,M200,2393001.35,338,1.2
ORD-57930,2023-02-19,V02,M100,317259.74,155,3.67
ORD-57931,2024-03-12,V05,M201,336601.95,324,3.91
ORD-57932,2024-11-18,V02,M101,197693.04,401,1.34
ORD-57933,2022-09-09,V02,M400,808782.1,454,3.35
ORD-57934,2023-07-10,V01,M100,282887.79,490,2.96
ORD-57935,2024-09-18,V05,M300,336955.67,395,3.48
ORD-57936,2024-08-30,V05,M201,420204.63,261,3.65
ORD-57937,2022-12-13,V02,M300,439391.0,186,3.14
ORD-57938,2023-01-01,V02,M300,417227.38,377,4.32
ORD-57939,2024-08-12,V02,M100,508706.26,466,3.96
ORD-57940,2023-01-29,V06,M201,816367.75,57,1.42
ORD-57941,2024-09-15,V03,M300,821092.19,217,4.15
ORD-57942,2023-03-31,V04,M201,800330.0,458,1.94
ORD-57943,2022-03-13,V03,M200,275283.975,489,3.41
ORD-57944,2022-01-22,V05,M400,801682.02,208,3.89
ORD-57945,2023-10-07,V01,M300,129049.26,202,2.25
ORD-57946,2024-03-20,V04,M300,133476.53,74,0.71
ORD-57947,2023-08-29,V01,M201,948384.14,484,4.3
ORD-57948,2022-03-06,V06,M400,821203.87,85,0.79
ORD-57949,2024-08-03,V05,M200,1392215.9,120,1.89
ORD-57950,2024-09-16,V06,M300,876220.5,14,2.89
ORD-57951,2022-01-28,V05,M100,989471.0,328,0.97
ORD-57952,2022-12-30,V01,M201,614535.65,129,3.85
ORD-57953,2024-04-26,V01,M201,616769.45,400,1.31
ORD-57954,2022-04-04,V01,M300,756882.76,282,4.44
ORD-57955,2023-05-15,V05,M200,599543.9,49,4.17
ORD-57956,2024-12-22,V02,M300,175453.61,426,2.92
ORD-57957,2022-11-11,V01,M101,761984.94,454,3.14
ORD-57958,2022-09-29,V06,M300,351455.75,359,2.63
ORD-57959,2022-01-08,V04,M400,143719.65,242,2.06
ORD-57960,2022-03-04,V05,M400,321728.95,322,1.91
ORD-57961,2024-01-21,V06,M101,365050.5,53,4.07
ORD-57962,2024-02-03,V03,M400,965575.38,265,2.81
ORD-57963,2022-10-17,V03,M400,700980.11,69,3.79
ORD-57964,2023-03-05,V04,M100,535547.75,40,2.56
ORD-57965,2024-10-03,V02,M201,969184.41,184,1.73
ORD-57966,2024-11-28,V01,M400,904108.34,133,0.87
ORD-57967,2022-11-10,V05,M201,516880.85,56,1.79
ORD-57968,2022-12-14,V06,M200,2266557.1,367,4.02
ORD-57969,2022-10-15,V01,M300,410261.61,456,3.35
ORD-57970,2023-01-19,V06,M100,238116.46,255,3.64
ORD-57971,2024-04-29,V05,M101,240351.4,5,3.59
ORD-57972,2023-04-22,V03,M200,1664230.925,69,0.98
ORD-57973,2024-09-19,V01,M100,506059.62,52,1.14
ORD-57974,2023-05-28,V04,M100,662361.34,465,1.77
ORD-57975,2022-09-26,V02,M101,689215.2,329,1.7
ORD-57976,2023-09-12,V04,M101,32099.64,98,0.76
ORD-57977,2024-12-25,V02,M201,63499.2,161,1.11
ORD-57978,2023-06-24,V06,M300,537350.95,406,3.92
ORD-57979,2022-05-05,V01,M200,497812.8,469,2.86
ORD-57980,2022-12-04,V01,M300,636208.43,491,1.87
ORD-57981,2023-08-08,V02,M200,1391659.7,271,2.61
ORD-57982,2024-12-26,V03,M100,589902.75,65,1.55
ORD-57983,2022-03-02,V05,M400,309430.83,327,2.84
ORD-57984,2023-09-11,V04,M400,643445.07,407,0.8
ORD-57985,2023-02-06,V06,M101,831197.71,243,4.11
ORD-57986,2022-12-06,V04,M101,998090.54,367,1.46
ORD-57987,2023-02-05,V04,M100,840059.94,262,3.78
ORD-57988,2022-07-22,V06,M100,561923.77,212,3.14
ORD-57989,2023-10-26,V06,M200,503738.25,442,2.59
ORD-57990,2023-03-25,V01,M100,684631.42,154,4.22
ORD-57991,2022-04-30,V04,M200,2345693.125,234,1.13
ORD-57992,2023-12-25,V05,M300,219747.87,140,0.98
ORD-57993,2024-12-15,V05,M101,263435.66,333,1.79
ORD-57994,2024-01-29,V02,M101,157518.46,495,3.82
ORD-57995,2023-03-31,V06,M400,739354.43,115,0.64
ORD-57996,2023-02-17,V01,M400,412495.89,369,1.46
ORD-57997,2024-12-16,V05,M101,72068.68,333,2.2
ORD-57998,2022-03-15,V03,M300,876200.49,130,3.35
ORD-57999,2024-04-09,V01,M300,562095.19,416,1.7
ORD-58000,2024-09-13,V01,M201,337783.35,178,2.29
ORD-58001,2024-07-11,V05,M200,876357.875,95,1.85
ORD-58002,2022-07-01,V03,M400,297348.71,317,0.87
ORD-58003,2023-04-27,V02,M200,1152313.425,395,3.45
ORD-58004,2024-09-12,V05,M400,343671.27,101,2.35
ORD-58005,2023-08-26,V03,M201,552466.84,196,3.75
ORD-58006,2024-04-08,V01,M101,775782.08,290,3.28
ORD-58007,2023-12-06,V03,M200,1694291.675,208,0.73
ORD-58008,2023-08-30,V01,M400,301512.32,95,2.5
ORD-58009,2024-02-10,V05,M200,1333634.0,473,4.46
ORD-58010,2024-06-05,V06,M101,841724.9,103,1.73
ORD-58011,2023-01-20,V05,M100,77524.17,8,2.47
ORD-58012,2022-11-16,V04,M400,87514.29,136,3.11
ORD-58013,2023-04-22,V04,M100,560608.37,98,1.31
ORD-58014,2023-09-20,V04,M201,642723.98,399,3.31
ORD-58015,2024-03-29,V05,M300,219298.89,261,3.14
ORD-58016,2023-10-01,V02,M200,1869419.8250000002,147,2.0
ORD-58017,2023-08-27,V05,M400,649800.74,458,1.64
ORD-58018,2023-02-03,V06,M200,2310140.95,393,4.18
ORD-58019,2024-11-14,V03,M201,177264.66,185,1.01
ORD-58020,2024-07-02,V05,M201,753860.52,438,2.23
ORD-58021,2023-10-18,V05,M200,232016.65000000002,413,3.57
ORD-58022,2022-03-06,V01,M400,569639.49,232,1.09
ORD-58023,2024-02-19,V01,M101,556376.19,101,4.23
ORD-58024,2023-01-12,V01,M101,394501.19,147,2.61
ORD-58025,2024-10-16,V05,M300,846125.44,205,2.52
ORD-58026,2022-08-10,V02,M200,35817.35,46,2.2
ORD-58027,2022-07-17,V03,M200,1312444.025,104,3.97
ORD-58028,2023-11-28,V03,M400,224982.01,336,4.29
ORD-58029,2023-04-14,V06,M200,1865159.075,446,2.02
ORD-58030,2023-03-15,V02,M400,52636.75,222,2.67
ORD-58031,2023-11-04,V02,M200,2083097.85,444,1.76
ORD-58032,2024-12-30,V03,M201,839711.3,118,1.97
ORD-58033,2024-10-14,V04,M100,834537.35,5,0.61
ORD-58034,2022-01-18,V01,M200,402607.1,417,3.64
ORD-58035,2023-01-28,V01,M100,634102.45,211,4.38
ORD-58036,2023-06-22,V03,M101,24223.69,55,3.58
ORD-58037,2022-01-02,V02,M300,849482.97,19,2.57
ORD-58038,2023-04-14,V06,M101,725745.44,401,3.81
ORD-58039,2022-06-11,V04,M200,1339605.4749999999,88,3.93
ORD-58040,2022-10-17,V03,M400,733285.52,247,2.68
ORD-58041,2024-05-05,V01,M101,103380.86,117,4.25
ORD-58042,2022-03-14,V05,M201,533369.27,476,0.62
ORD-58043,2024-10-24,V02,M100,298363.73,170,0.54
ORD-58044,2022-05-24,V05,M400,972893.27,485,0.83
ORD-58045,2023-05-24,V06,M400,858546.77,150,0.73
ORD-58046,2024-11-06,V03,M200,1839857.3499999999,295,2.2
ORD-58047,2024-07-15,V01,M201,934410.16,208,4.26
ORD-58048,2022-07-17,V04,M100,353374.87,381,3.2
ORD-58049,2022-06-06,V05,M201,901871.1,483,3.14
ORD-58050,2024-01-14,V04,M101,331985.85,283,2.04
ORD-58051,2024-07-27,V06,M200,1838671.875,332,2.64
ORD-58052,2024-04-08,V01,M400,739052.74,174,1.72
ORD-58053,2022-06-13,V05,M400,28166.38,127,2.57
ORD-58054,2024-12-22,V06,M101,367449.1,156,3.49
ORD-58055,2024-04-12,V04,M400,29238.35,180,2.73
ORD-58056,2023-08-21,V04,M300,997121.1,449,2.18
ORD-58057,2022-07-16,V05,M200,327436.975,423,3.88
ORD-58058,2022-08-26,V01,M101,547382.79,378,1.65
ORD-58059,2023-02-19,V04,M200,1981626.7000000002,402,2.43
ORD-58060,2023-07-18,V03,M100,209250.97,87,4.41
ORD-58061,2022-06-18,V06,M200,1225505.35,406,4.37
ORD-58062,2022-10-13,V05,M200,1528386.1749999998,324,0.53
ORD-58063,2024-01-22,V02,M100,168602.71,496,2.63
ORD-58064,2023-06-06,V02,M101,780769.91,267,1.85
ORD-58065,2024-08-23,V01,M200,765857.7250000001,82,1.66
ORD-58066,2023-03-21,V03,M201,218912.85,64,2.89
ORD-58067,2023-03-26,V04,M200,1406764.65,119,2.29
ORD-58068,2022-06-05,V02,M101,416210.49,496,3.43
ORD-58069,2024-05-08,V01,M400,921083.09,455,0.61
ORD-58070,2024-04-29,V06,M100,881262.07,341,4.21
ORD-58071,2023-07-08,V03,M400,488517.16,313,2.77
ORD-58072,2023-12-15,V03,M101,365671.14,163,3.24
ORD-58073,2024-02-24,V01,M300,332262.8,293,2.92
ORD-58074,2024-02-19,V01,M400,274887.99,178,4.46
ORD-58075,2022-07-31,V04,M200,1372755.95,377,4.45
ORD-58076,2024-06-07,V01,M200,2017322.0499999998,30,2.94
ORD-58077,2024-10-24,V04,M100,317649.04,401,3.24
ORD-58078,2024-10-27,V04,M200,495482.875,161,2.97
ORD-58079,2024-08-04,V05,M201,480728.97,400,1.74
ORD-58080,2023-12-19,V03,M201,78344.07,399,1.27
ORD-58081,2023-12-10,V06,M400,704266.22,397,2.11
ORD-58082,2023-01-05,V03,M101,523174.68,487,3.23
ORD-58083,2022-04-15,V03,M100,501411.06,3,0.72
ORD-58084,2022-10-27,V05,M300,307440.93,24,2.56
ORD-58085,2022-11-22,V04,M400,905626.7,407,2.13
ORD-58086,2022-11-17,V04,M101,99581.43,59,2.61
ORD-58087,2023-11-06,V01,M100,871125.77,237,3.94
ORD-58088,2023-07-25,V05,M100,382938.15,240,0.69
ORD-58089,2023-06-06,V01,M400,881817.28,311,3.55
ORD-58090,2024-10-20,V05,M101,731473.84,321,3.17
ORD-58091,2022-10-29,V01,M101,113129.02,160,1.32
ORD-58092,2022-10-24,V02,M200,2083052.3,481,3.44
ORD-58093,2022-10-16,V03,M300,685355.07,60,2.49
ORD-58094,2024-07-20,V03,M201,41978.89,240,2.42
ORD-58095,2022-10-11,V06,M200,355914.15,414,2.43
ORD-58096,2023-12-28,V04,M100,639271.78,322,4.3
ORD-58097,2024-11-22,V06,M300,665974.5,402,4.28
ORD-58098,2023-03-03,V02,M300,749184.92,59,4.15
ORD-58099,2023-04-21,V06,M101,723042.95,53,4.05
ORD-58100,2022-07-08,V03,M300,662924.76,64,0.65
ORD-58101,2023-06-07,V04,M400,768576.51,121,2.1
ORD-58102,2024-04-23,V02,M300,579334.85,119,4.08
ORD-58103,2023-04-20,V03,M100,268183.47,286,3.52
ORD-58104,2024-04-06,V01,M400,913252.85,18,2.33
ORD-58105,2022-12-07,V05,M400,28031.89,5,3.59
ORD-58106,2024-08-02,V02,M200,932240.25,325,1.33
ORD-58107,2022-10-09,V04,M300,731581.59,392,2.9
ORD-58108,2022-11-05,V06,M101,432884.48,393,2.63
ORD-58109,2022-06-23,V06,M200,86465.15,160,2.79
ORD-58110,2024-05-13,V02,M101,75321.09,376,3.39
ORD-58111,2022-05-15,V04,M300,652151.0,142,4.3
ORD-58112,2023-06-13,V02,M200,2413039.875,397,1.56
ORD-58113,2024-03-30,V04,M300,556345.0,18,3.53
ORD-58114,2023-02-28,V06,M100,511690.24,68,3.08
ORD-58115,2024-05-09,V03,M200,812854.9,114,3.28
ORD-58116,2024-07-17,V01,M101,264123.77,22,2.22
ORD-58117,2024-03-24,V03,M100,30775.13,20,4.28
ORD-58118,2024-11-05,V01,M201,280225.32,399,2.42
ORD-58119,2024-09-25,V06,M101,454619.34,263,0.99
ORD-58120,2023-03-29,V03,M300,205970.29,461,3.22
ORD-58121,2022-05-11,V03,M101,96474.51,98,1.02
ORD-58122,2022-10-11,V02,M201,720550.59,105,1.79
ORD-58123,2024-04-30,V05,M101,895674.07,286,1.41
ORD-58124,2022-03-18,V06,M100,937404.35,5,2.66
ORD-58125,2024-08-20,V04,M400,621818.74,129,1.89
ORD-58126,2022-01-03,V06,M101,62246.84,444,1.14
ORD-58127,2023-08-14,V04,M200,1858635.0,159,3.66
ORD-58128,2024-11-25,V04,M201,118994.35,251,2.37
ORD-58129,2024-08-23,V01,M101,673050.64,499,2.32
ORD-58130,2022-12-02,V04,M201,781572.18,276,4.05
ORD-58131,2024-03-06,V04,M400,728606.06,83,2.66
ORD-58132,2024-02-17,V02,M100,952364.97,320,3.34
ORD-58133,2023-05-08,V03,M200,1851912.0499999998,118,1.81
ORD-58134,2023-07-29,V06,M300,696277.68,448,2.75
ORD-58135,2023-02-14,V06,M101,269125.74,29,3.41
ORD-58136,2023-10-24,V04,M100,925521.0,493,1.69
ORD-58137,2023-11-27,V05,M201,187748.43,358,3.25
ORD-58138,2022-08-14,V06,M400,905847.65,138,2.78
ORD-58139,2022-07-15,V04,M201,319535.92,157,2.24
ORD-58140,2023-06-21,V01,M400,138861.96,31,3.35
ORD-58141,2024-10-18,V01,M400,828416.2,331,1.77
ORD-58142,2022-01-14,V01,M100,12470.5,471,3.36
ORD-58143,2024-07-16,V04,M101,833767.43,286,2.7
ORD-58144,2022-02-06,V02,M300,269688.72,153,1.48
ORD-58145,2024-04-26,V05,M101,885874.06,336,3.17
ORD-58146,2024-06-24,V04,M200,1736410.975,58,4.04
ORD-58147,2022-06-27,V02,M101,669521.5,313,1.74
ORD-58148,2024-04-15,V02,M400,371666.37,87,3.75
ORD-58149,2022-03-25,V06,M400,68808.94,123,1.84
ORD-58150,2022-04-28,V04,M200,2079430.925,191,3.78
ORD-58151,2024-04-12,V04,M201,179194.76,353,0.7
ORD-58152,2023-09-05,V02,M400,378536.06,371,0.53
ORD-58153,2022-12-27,V02,M200,1510877.85,293,0.95
ORD-58154,2022-11-28,V02,M400,487431.2,314,4.0
ORD-58155,2022-06-28,V06,M300,206674.03,28,2.63
ORD-58156,2024-10-16,V04,M400,149210.19,155,2.88
ORD-58157,2023-04-22,V02,M100,132013.81,454,3.87
ORD-58158,2022-04-30,V01,M200,2160944.5,230,0.7
ORD-58159,2022-12-29,V04,M101,41243.95,37,2.05
ORD-58160,2024-04-08,V06,M200,2443110.3,6,3.07
ORD-58161,2024-01-15,V01,M201,206543.4,473,2.12
ORD-58162,2022-07-22,V03,M400,119219.07,461,0.63
ORD-58163,2022-07-24,V04,M200,1453004.8499999999,318,3.1
ORD-58164,2024-04-06,V03,M300,89186.1,225,2.07
ORD-58165,2024-03-15,V02,M200,1516071.825,33,0.58
ORD-58166,2023-04-03,V06,M300,852120.38,89,1.18
ORD-58167,2022-07-27,V02,M400,57419.04,334,1.37
ORD-58168,2023-12-30,V06,M101,801869.92,40,2.54
ORD-58169,2024-03-27,V05,M400,400532.67,169,1.25
ORD-58170,2024-10-05,V02,M201,167895.73,375,1.95
ORD-58171,2023-09-23,V03,M100,184335.52,298,3.5
ORD-58172,2022-05-05,V06,M101,919576.9,486,3.73
ORD-58173,2023-06-23,V02,M101,119499.69,393,3.68
ORD-58174,2022-08-26,V04,M100,868114.96,18,3.28
ORD-58175,2023-08-30,V06,M200,1372005.425,15,2.67
ORD-58176,2024-04-16,V06,M400,48665.62,132,2.7
ORD-58177,2022-10-25,V02,M200,1174578.45,290,4.31
ORD-58178,2022-03-25,V05,M200,2048187.55,318,4.01
ORD-58179,2022-12-22,V02,M400,728940.76,294,3.1
ORD-58180,2022-02-19,V03,M201,493894.59,209,2.37
ORD-58181,2024-11-21,V03,M101,861449.38,327,3.42
ORD-58182,2024-02-16,V06,M300,129161.11,480,0.75
ORD-58183,2023-06-20,V06,M100,910841.64,279,4.28
ORD-58184,2024-10-08,V02,M101,847976.8,382,2.69
ORD-58185,2023-02-07,V03,M200,1777985.1500000001,276,2.51
ORD-58186,2024-06-12,V03,M100,819708.86,495,1.66
ORD-58187,2024-03-29,V05,M300,548377.35,440,0.51
ORD-58188,2024-02-15,V04,M101,678410.8,309,0.74
ORD-58189,2024-07-06,V05,M101,564992.09,386,1.55
ORD-58190,2023-11-30,V01,M201,361874.25,277,2.67
ORD-58191,2023-07-24,V05,M101,573172.19,76,0.83
ORD-58192,2022-02-11,V02,M101,264890.68,298,4.39
ORD-58193,2022-05-02,V04,M300,445876.38,313,2.14
ORD-58194,2023-09-26,V02,M300,287967.65,378,1.77
ORD-58195,2022-03-29,V01,M100,131658.91,433,2.6
ORD-58196,2022-01-02,V04,M200,821608.1,347,0.76
ORD-58197,2022-06-24,V06,M300,853467.35,498,3.9
ORD-58198,2022-09-01,V03,M100,387269.96,112,2.34
ORD-58199,2022-01-05,V05,M101,750523.61,266,1.21
ORD-58200,2023-04-18,V02,M100,183445.88,72,1.15
ORD-58201,2024-04-11,V01,M100,430174.97,317,1.94
ORD-58202,2022-11-18,V03,M100,123707.51,21,2.79
ORD-58203,2023-07-05,V05,M400,147234.85,188,2.17
ORD-58204,2024-11-04,V03,M100,621262.02,121,2.89
ORD-58205,2024-12-22,V05,M300,611407.0,342,3.32
ORD-58206,2023-03-17,V06,M400,221238.19,141,3.49
ORD-58207,2023-07-14,V04,M200,1199197.4000000001,304,2.1
ORD-58208,2024-11-19,V03,M100,864673.11,424,3.37
ORD-58209,2023-09-25,V03,M201,182459.49,447,1.07
ORD-58210,2024-02-17,V03,M101,29018.43,204,2.55
ORD-58211,2024-04-17,V04,M101,655475.19,209,0.79
ORD-58212,2024-07-27,V01,M400,62963.23,496,1.48
ORD-58213,2024-07-14,V05,M101,980140.84,9,2.83
ORD-58214,2023-02-12,V06,M101,613524.08,185,3.46
ORD-58215,2023-03-14,V03,M400,475692.39,435,0.88
ORD-58216,2023-12-26,V04,M101,435692.61,369,1.33
ORD-58217,2022-09-28,V01,M100,577339.95,376,4.47
ORD-58218,2024-11-03,V05,M200,249295.475,296,1.85
ORD-58219,2023-04-08,V04,M400,930718.87,332,1.64
ORD-58220,2022-04-01,V06,M201,629385.65,201,0.84
ORD-58221,2024-12-16,V06,M400,192138.71,64,3.28
ORD-58222,2023-12-26,V05,M300,566955.24,350,2.53
ORD-58223,2022-07-10,V03,M201,141923.94,326,1.13
ORD-58224,2024-10-26,V06,M300,27377.19,320,3.03
ORD-58225,2022-10-21,V01,M400,634211.82,25,2.6
ORD-58226,2022-01-18,V04,M300,651998.51,412,2.76
ORD-58227,2023-10-27,V01,M201,587859.62,394,4.48
ORD-58228,2022-12-26,V03,M100,191648.37,489,0.61
ORD-58229,2024-01-05,V01,M400,607395.56,156,4.16
ORD-58230,2024-07-13,V01,M400,65945.83,221,3.87
ORD-58231,2024-12-12,V02,M101,613145.97,292,2.16
ORD-58232,2023-11-18,V01,M400,558476.85,139,4.02
ORD-58233,2022-10-24,V05,M400,658702.28,21,3.09
ORD-58234,2022-07-30,V04,M100,896520.85,486,4.06
ORD-58235,2022-01-05,V02,M101,851854.52,154,2.88
ORD-58236,2023-04-20,V04,M200,2452119.125,402,1.36
ORD-58237,2023-02-17,V04,M300,976478.62,68,2.8
ORD-58238,2024-03-03,V03,M201,774596.5,492,1.22
ORD-58239,2022-07-31,V03,M200,2392138.575,41,1.06
ORD-58240,2022-10-09,V02,M101,868611.05,15,3.12
ORD-58241,2024-04-11,V06,M100,730306.63,279,4.29
ORD-58242,2022-12-28,V03,M201,84630.41,169,2.85
ORD-58243,2024-02-14,V03,M300,58559.39,134,3.68
ORD-58244,2024-05-07,V03,M400,839223.57,491,1.17
ORD-58245,2022-01-28,V04,M400,494759.3,199,3.12
ORD-58246,2024-01-24,V02,M200,2041151.55,238,3.43
ORD-58247,2023-04-04,V04,M300,319789.09,444,0.67
ORD-58248,2024-11-20,V05,M101,403673.36,112,0.89
ORD-58249,2022-09-20,V04,M300,703184.85,463,3.63
ORD-58250,2023-07-08,V05,M100,916173.47,52,2.26
ORD-58251,2023-01-02,V01,M200,242209.65,137,2.12
ORD-58252,2024-10-25,V01,M200,2157158.4,255,4.18
ORD-58253,2023-08-06,V05,M100,795082.6,115,4.47
ORD-58254,2022-02-01,V05,M300,322383.88,158,3.56
ORD-58255,2024-04-09,V04,M100,361664.45,300,3.67
ORD-58256,2022-01-18,V05,M201,55996.86,446,1.33
ORD-58257,2024-10-18,V02,M100,25583.21,427,1.27
ORD-58258,2024-04-01,V01,M300,482236.07,412,4.42
ORD-58259,2022-09-09,V01,M100,104584.25,478,3.28
ORD-58260,2023-11-30,V06,M101,202061.8,264,3.25
ORD-58261,2024-03-06,V05,M400,848299.53,355,1.64
ORD-58262,2024-06-23,V03,M100,575318.11,307,4.05
ORD-58263,2024-01-30,V03,M400,637296.11,99,0.68
ORD-58264,2023-06-05,V05,M100,195604.54,121,1.6
ORD-58265,2024-09-05,V02,M300,830375.19,90,1.22
ORD-58266,2023-06-18,V03,M201,869299.97,30,3.34
ORD-58267,2023-04-17,V06,M201,528094.32,483,3.36
ORD-58268,2022-04-18,V05,M400,913432.19,230,2.64
ORD-58269,2024-05-09,V02,M300,846380.34,139,0.52
ORD-58270,2024-09-23,V02,M300,734010.93,254,4.0
ORD-58271,2024-10-22,V04,M300,736735.16,404,4.32
ORD-58272,2024-05-13,V02,M101,114339.54,494,1.31
ORD-58273,2023-09-21,V03,M200,695319.2,31,3.87
ORD-58274,2024-02-16,V03,M100,76178.75,162,4.39
ORD-58275,2022-11-03,V05,M300,18594.4,396,1.81
ORD-58276,2022-03-02,V05,M300,166726.44,432,1.24
ORD-58277,2023-03-12,V02,M300,881682.31,156,4.41
ORD-58278,2023-04-06,V06,M201,247475.32,323,0.74
ORD-58279,2024-04-29,V01,M300,970452.42,117,1.6
ORD-58280,2022-11-11,V04,M100,601318.09,191,3.47
ORD-58281,2022-10-30,V01,M300,244885.9,176,2.97
ORD-58282,2024-10-20,V02,M100,502159.5,426,3.24
ORD-58283,2023-04-09,V02,M101,226903.87,436,3.33
ORD-58284,2022-01-09,V01,M200,2460334.55,5,3.24
ORD-58285,2024-10-07,V04,M201,848792.33,333,1.87
ORD-58286,2024-08-02,V01,M100,35976.4,12,1.75
ORD-58287,2024-11-13,V05,M400,948298.27,59,2.21
ORD-58288,2022-03-21,V03,M101,723854.46,321,3.73
ORD-58289,2024-06-11,V06,M200,228893.6,308,4.25
ORD-58290,2023-12-26,V05,M200,1684828.425,299,2.32
ORD-58291,2024-10-29,V03,M200,1626143.5750000002,250,0.84
ORD-58292,2024-04-06,V06,M100,226600.86,339,4.25
ORD-58293,2024-11-05,V06,M101,760862.23,93,0.82
ORD-58294,2023-01-01,V06,M300,96194.06,319,1.14
ORD-58295,2024-08-10,V02,M400,494550.73,111,3.97
ORD-58296,2024-02-17,V06,M101,19823.98,306,2.71
ORD-58297,2022-07-13,V04,M101,969050.11,368,1.91
ORD-58298,2023-11-15,V01,M101,754048.0,295,4.22
ORD-58299,2024-12-26,V04,M100,167263.56,426,4.34
ORD-58300,2024-01-22,V01,M400,348257.3,473,1.82
ORD-58301,2024-09-28,V05,M100,168956.75,336,3.97
ORD-58302,2024-07-20,V05,M400,768951.29,17,3.21
ORD-58303,2023-02-24,V01,M400,68307.36,220,1.6
ORD-58304,2022-05-10,V04,M100,842002.59,487,4.27
ORD-58305,2022-10-05,V01,M400,942774.38,299,0.75
ORD-58306,2024-07-17,V06,M101,679861.66,305,1.77
ORD-58307,2024-06-28,V02,M100,220835.8,5,2.09
ORD-58308,2022-01-14,V05,M400,366489.19,129,3.26
ORD-58309,2024-02-13,V02,M200,1206168.7,323,0.65
ORD-58310,2023-12-12,V06,M100,608578.52,112,4.06
ORD-58311,2023-11-19,V06,M201,671976.46,24,3.14
ORD-58312,2023-04-03,V05,M100,558672.57,29,1.6
ORD-58313,2023-09-26,V05,M100,357800.78,399,3.13
ORD-58314,2024-09-02,V06,M100,892008.11,132,2.65
ORD-58315,2024-09-14,V03,M400,90578.14,44,1.85
ORD-58316,2022-03-02,V02,M100,471593.49,321,0.61
ORD-58317,2023-04-05,V02,M201,777809.19,497,2.7
ORD-58318,2023-09-22,V03,M300,70263.94,376,0.83
ORD-58319,2022-09-09,V04,M100,708281.86,207,3.74
ORD-58320,2023-10-22,V02,M200,2053786.275,382,0.85
ORD-58321,2023-04-26,V01,M201,664222.99,216,2.21
ORD-58322,2023-03-16,V06,M300,22807.52,244,2.24
ORD-58323,2023-05-08,V06,M400,188335.66,31,2.72
ORD-58324,2022-03-28,V03,M100,348691.95,404,0.66
ORD-58325,2022-02-26,V02,M300,241353.14,266,1.32
ORD-58326,2024-06-29,V04,M200,2407564.05,11,1.3
ORD-58327,2024-02-18,V02,M201,655077.97,82,2.9
ORD-58328,2024-11-25,V06,M201,304001.25,482,1.55
ORD-58329,2023-12-18,V05,M400,930400.52,156,1.08
ORD-58330,2024-12-24,V01,M400,743188.26,166,0.57
ORD-58331,2022-06-04,V03,M400,291761.14,208,3.86
ORD-58332,2023-01-15,V05,M300,385092.75,24,4.39
ORD-58333,2024-03-29,V04,M100,207434.57,295,3.31
ORD-58334,2022-02-22,V05,M101,971363.26,375,2.15
ORD-58335,2024-09-28,V05,M201,522123.53,179,0.99
ORD-58336,2023-12-31,V04,M101,897096.12,332,2.4
ORD-58337,2024-07-04,V05,M201,353034.77,50,2.33
ORD-58338,2024-05-22,V03,M400,862233.19,490,2.18
ORD-58339,2024-12-27,V06,M100,63347.98,7,2.01
ORD-58340,2022-02-17,V02,M100,982269.41,100,2.49
ORD-58341,2024-09-26,V05,M201,912914.02,81,0.79
ORD-58342,2022-01-24,V03,M300,369570.92,241,0.65
ORD-58343,2022-09-19,V02,M400,776974.94,324,0.76
ORD-58344,2024-08-21,V02,M100,754735.35,181,1.3
ORD-58345,2023-05-12,V05,M100,902242.25,293,1.61
ORD-58346,2024-02-27,V03,M200,785456.075,481,1.18
ORD-58347,2023-05-14,V06,M100,470864.81,83,1.51
ORD-58348,2024-02-21,V05,M200,2165874.05,54,1.24
ORD-58349,2024-02-01,V04,M100,780793.66,90,1.1
ORD-58350,2022-05-17,V02,M100,399532.05,439,1.67
ORD-58351,2024-12-17,V05,M300,847267.98,203,2.09
ORD-58352,2022-09-30,V02,M300,56484.5,31,3.48
ORD-58353,2024-09-02,V03,M400,784225.84,193,4.32
ORD-58354,2023-03-27,V01,M100,214698.2,488,4.18
ORD-58355,2023-08-20,V05,M400,293259.7,100,2.4
ORD-58356,2022-03-20,V06,M400,498282.7,349,2.35
ORD-58357,2023-06-30,V05,M400,455237.16,89,1.0
ORD-58358,2022-10-03,V02,M400,525364.41,443,4.39
ORD-58359,2024-11-26,V03,M201,549327.84,123,3.54
ORD-58360,2024-08-03,V04,M201,338212.41,374,3.89
ORD-58361,2024-04-25,V06,M100,183475.24,47,1.44
ORD-58362,2022-03-29,V03,M201,770796.42,433,2.1
ORD-58363,2022-03-04,V05,M100,405976.39,146,0.91
ORD-58364,2024-03-29,V04,M300,510782.45,3,4.26
ORD-58365,2024-02-10,V03,M101,648249.75,18,1.64
ORD-58366,2023-11-06,V01,M200,2276353.85,314,2.88
ORD-58367,2023-12-01,V06,M201,710477.3,327,1.11
ORD-58368,2024-10-04,V02,M201,55004.63,476,3.71
ORD-58369,2024-01-18,V03,M300,840174.76,81,1.25
ORD-58370,2024-03-21,V03,M201,989461.46,153,3.74
ORD-58371,2022-02-19,V01,M100,477760.18,402,2.11
ORD-58372,2022-10-31,V05,M100,969894.43,308,2.81
ORD-58373,2024-01-29,V06,M101,551855.45,488,1.58
ORD-58374,2024-05-06,V06,M101,465019.84,299,4.03
ORD-58375,2022-10-11,V02,M101,338090.72,67,3.54
ORD-58376,2022-02-05,V03,M100,660979.33,89,1.92
ORD-58377,2023-12-24,V04,M400,237522.22,135,2.84
ORD-58378,2023-11-22,V03,M400,113884.88,367,1.02
ORD-58379,2022-02-02,V02,M101,36964.73,202,1.14
ORD-58380,2023-12-09,V03,M101,299456.31,428,2.63
ORD-58381,2023-12-10,V01,M100,401813.12,428,3.06
ORD-58382,2023-03-07,V03,M300,556555.93,179,2.73
ORD-58383,2024-09-30,V03,M201,299822.33,339,2.74
ORD-58384,2022-06-30,V04,M200,2460547.45,79,3.47
ORD-58385,2022-11-02,V01,M400,298827.72,85,4.11
ORD-58386,2023-04-26,V01,M400,446565.63,21,2.05
ORD-58387,2022-07-19,V03,M100,112243.4,378,2.65
ORD-58388,2023-03-31,V06,M100,268020.25,165,4.07
ORD-58389,2023-10-02,V04,M200,144622.05,28,2.36
ORD-58390,2024-07-15,V03,M200,1409783.875,237,2.28
ORD-58391,2024-08-07,V03,M101,753554.04,288,3.57
ORD-58392,2023-03-17,V02,M200,509381.8,185,4.01
ORD-58393,2022-12-21,V02,M201,374231.83,425,3.45
ORD-58394,2024-03-08,V06,M201,26450.06,310,0.9
ORD-58395,2022-07-03,V04,M400,841126.84,155,2.36
ORD-58396,2023-08-17,V05,M201,782163.89,123,1.35
ORD-58397,2023-06-18,V02,M201,72621.49,87,1.77
ORD-58398,2024-08-26,V05,M201,371218.93,202,2.38
ORD-58399,2024-01-17,V01,M101,955733.75,40,1.39
ORD-58400,2023-04-07,V02,M400,398106.79,169,2.56
ORD-58401,2022-11-07,V02,M100,530946.59,70,3.07
ORD-58402,2023-04-16,V04,M400,361690.43,280,4.0
ORD-58403,2024-09-02,V06,M400,600170.07,402,1.35
ORD-58404,2022-02-28,V05,M400,978375.31,330,1.74
ORD-58405,2024-03-05,V02,M200,2493818.7,440,2.12
ORD-58406,2022-12-11,V02,M100,776967.83,399,1.4
ORD-58407,2022-08-23,V04,M200,1025669.975,493,1.83
ORD-58408,2022-04-05,V04,M101,499487.88,491,4.03
ORD-58409,2024-10-10,V06,M101,363164.01,354,1.05
ORD-58410,2023-04-25,V05,M300,985718.88,328,2.27
ORD-58411,2023-12-12,V01,M300,710682.7,498,1.74
ORD-58412,2022-08-08,V06,M101,454442.13,419,0.81
ORD-58413,2023-10-07,V01,M101,21994.12,27,0.88
ORD-58414,2023-08-09,V03,M200,1313196.45,345,3.64
ORD-58415,2024-01-26,V02,M101,984088.92,131,3.91
ORD-58416,2023-04-27,V05,M100,527830.3,277,3.47
ORD-58417,2022-05-09,V06,M200,476506.05000000005,377,2.66
ORD-58418,2022-07-22,V02,M101,31872.81,295,3.59
ORD-58419,2024-06-24,V05,M200,902891.7999999999,288,1.11
ORD-58420,2023-08-08,V05,M200,2297614.45,254,3.62
ORD-58421,2023-03-27,V05,M201,996588.57,434,2.19
ORD-58422,2024-05-11,V02,M300,945914.3,85,3.5
ORD-58423,2022-07-27,V06,M200,1830314.475,9,1.41
ORD-58424,2022-12-04,V04,M400,562561.3,50,3.83
ORD-58425,2023-12-24,V02,M200,1486948.2000000002,1,2.77
ORD-58426,2023-02-13,V05,M400,543602.09,4,0.53
ORD-58427,2022-06-16,V06,M201,709978.81,4,2.58
ORD-58428,2023-11-08,V03,M101,424684.49,497,1.74
ORD-58429,2023-04-24,V01,M200,1681279.9,90,0.73
ORD-58430,2024-07-22,V05,M201,130395.99,162,2.29
ORD-58431,2024-08-06,V03,M100,273038.35,155,1.75
ORD-58432,2023-02-09,V04,M201,837643.01,15,1.32
ORD-58433,2022-12-28,V05,M300,904711.44,365,1.9
ORD-58434,2023-03-19,V03,M300,543618.16,32,1.22
ORD-58435,2023-01-22,V05,M101,41319.26,425,1.7
ORD-58436,2023-06-26,V02,M400,927703.84,455,0.96
ORD-58437,2024-10-17,V06,M101,705043.62,445,0.84
ORD-58438,2022-11-08,V03,M400,419887.64,63,4.14
ORD-58439,2022-05-11,V06,M400,602395.15,445,4.11
ORD-58440,2024-05-13,V02,M400,435477.09,364,3.81
ORD-58441,2024-12-04,V02,M400,470685.83,108,1.42
ORD-58442,2023-05-16,V06,M300,887941.77,14,3.4
ORD-58443,2022-02-20,V03,M300,169473.4,23,2.86
ORD-58444,2023-11-14,V06,M200,281581.1,111,0.7
ORD-58445,2023-02-16,V06,M300,12701.46,321,4.1
ORD-58446,2022-09-16,V01,M101,320860.37,160,4.49
ORD-58447,2023-07-08,V03,M300,155939.63,41,3.33
ORD-58448,2023-04-06,V01,M101,227785.64,282,1.43
ORD-58449,2022-12-12,V05,M100,21126.59,304,2.72
ORD-58450,2023-12-27,V06,M300,234923.46,457,0.94
ORD-58451,2023-05-17,V05,M101,339384.47,144,1.7
ORD-58452,2022-05-18,V03,M400,41251.82,415,3.37
ORD-58453,2024-05-14,V06,M201,611825.08,450,1.7
ORD-58454,2023-01-13,V05,M400,573112.35,288,1.09
ORD-58455,2024-11-07,V04,M200,265163.55,394,0.53
ORD-58456,2022-10-02,V02,M101,599059.68,153,2.79
ORD-58457,2022-04-18,V06,M400,998667.38,82,4.37
ORD-58458,2022-06-28,V02,M300,945024.26,365,2.44
ORD-58459,2023-02-26,V01,M300,12644.28,226,1.35
ORD-58460,2023-10-12,V05,M100,797424.53,477,2.35
ORD-58461,2024-10-11,V01,M201,360069.22,429,2.91
ORD-58462,2024-10-29,V06,M101,73014.86,152,3.71
ORD-58463,2022-07-16,V02,M400,303023.38,259,2.31
ORD-58464,2022-11-26,V02,M201,328519.15,318,1.19
ORD-58465,2023-12-25,V05,M100,528011.8,79,1.25
ORD-58466,2024-12-19,V06,M200,1661182.3250000002,195,4.1
ORD-58467,2022-12-22,V04,M201,751565.06,439,1.44
ORD-58468,2022-01-03,V04,M100,253444.01,223,3.41
ORD-58469,2022-08-31,V05,M101,328552.86,266,1.58
ORD-58470,2022-04-02,V06,M200,788244.7250000001,230,3.38
ORD-58471,2024-12-23,V05,M300,369109.5,439,0.81
ORD-58472,2022-01-18,V06,M100,999659.75,150,1.33
ORD-58473,2024-02-19,V01,M300,780163.87,398,2.13
ORD-58474,2023-03-09,V05,M200,2438101.4000000004,457,2.56
ORD-58475,2022-04-08,V06,M100,696179.95,466,1.91
ORD-58476,2023-07-23,V04,M100,412207.99,136,2.79
ORD-58477,2023-01-14,V06,M200,989616.85,123,1.8
ORD-58478,2022-09-05,V06,M101,493695.33,358,3.21
ORD-58479,2023-05-24,V05,M100,422701.09,399,2.54
ORD-58480,2022-04-30,V01,M200,2075107.45,110,3.32
ORD-58481,2022-04-01,V01,M201,470351.99,143,2.22
ORD-58482,2022-06-25,V01,M300,302658.22,436,4.01
ORD-58483,2022-04-23,V01,M100,777111.67,70,2.03
ORD-58484,2022-04-24,V03,M201,855876.21,54,1.73
ORD-58485,2024-07-14,V05,M100,426224.67,332,2.73
ORD-58486,2022-04-26,V02,M101,671130.49,426,2.54
ORD-58487,2022-01-08,V05,M200,170541.225,403,2.57
ORD-58488,2024-04-14,V03,M100,534170.2,40,3.68
ORD-58489,2024-02-15,V01,M200,136328.325,197,2.85
ORD-58490,2024-11-26,V03,M400,38898.93,27,4.04
ORD-58491,2022-01-22,V04,M100,616795.6,330,2.98
ORD-58492,2023-07-13,V04,M101,310302.03,299,0.59
ORD-58493,2022-05-01,V05,M101,745111.79,180,3.98
ORD-58494,2022-11-19,V05,M201,897121.74,46,3.86
ORD-58495,2022-05-25,V02,M101,147997.26,142,0.7
ORD-58496,2022-10-30,V02,M200,1818194.025,320,1.0
ORD-58497,2023-08-11,V04,M400,519374.8,445,2.73
ORD-58498,2024-12-23,V01,M101,120998.06,98,0.67
ORD-58499,2024-02-22,V03,M100,655076.68,126,2.14
ORD-58500,2023-01-22,V02,M101,613372.14,58,4.4
ORD-58501,2024-03-22,V06,M400,520485.45,177,1.19
ORD-58502,2023-06-20,V02,M200,2318016.225,207,1.32
ORD-58503,2022-07-12,V01,M100,525868.9,285,3.21
ORD-58504,2022-02-05,V01,M201,990609.96,154,0.68
ORD-58505,2024-08-21,V05,M201,514136.53,27,3.78
ORD-58506,2023-01-08,V03,M201,124693.52,451,1.3
ORD-58507,2024-08-08,V01,M100,475766.54,323,2.63
ORD-58508,2023-07-12,V02,M201,190505.47,163,1.5
ORD-58509,2022-06-30,V02,M101,601162.15,250,3.14
ORD-58510,2022-12-18,V04,M100,696200.85,188,2.85
ORD-58511,2022-10-25,V01,M100,473750.93,445,4.29
ORD-58512,2023-02-28,V06,M100,106725.94,483,2.28
ORD-58513,2022-10-29,V05,M300,473954.98,370,4.0
ORD-58514,2024-09-14,V03,M200,226599.175,454,2.8
ORD-58515,2023-06-16,V06,M300,685304.7,334,4.16
ORD-58516,2023-01-02,V05,M300,792464.54,90,1.67
ORD-58517,2024-03-23,V02,M300,962756.52,131,2.7
ORD-58518,2022-04-12,V06,M200,393285.225,417,2.06
ORD-58519,2024-11-30,V05,M300,537096.13,298,0.76
ORD-58520,2022-05-30,V02,M201,571861.99,13,2.8
ORD-58521,2022-11-19,V02,M100,923251.77,29,3.68
ORD-58522,2023-01-16,V02,M100,631003.87,265,2.72
ORD-58523,2024-05-03,V02,M101,154054.55,32,1.62
ORD-58524,2024-12-30,V02,M400,441987.81,150,1.56
ORD-58525,2022-07-27,V04,M201,658214.9,86,1.45
ORD-58526,2023-12-16,V06,M200,1758203.9749999999,58,4.42
ORD-58527,2024-01-18,V05,M400,864443.26,57,2.1
ORD-58528,2024-09-05,V04,M100,188702.05,482,1.77
ORD-58529,2024-05-10,V04,M300,952026.73,394,2.17
ORD-58530,2024-01-03,V01,M101,68548.02,25,0.96
ORD-58531,2024-05-26,V01,M101,983924.51,190,1.28
ORD-58532,2024-07-19,V01,M100,859189.42,447,2.54
ORD-58533,2022-04-17,V03,M201,663670.05,76,3.7
ORD-58534,2022-08-08,V01,M400,737645.55,371,4.01
ORD-58535,2023-10-17,V05,M101,81965.09,387,3.96
ORD-58536,2022-09-21,V04,M100,51065.06,339,4.28
ORD-58537,2024-01-23,V05,M201,110748.14,225,1.0
ORD-58538,2024-12-31,V06,M100,96486.22,431,0.66
ORD-58539,2024-12-15,V01,M100,551907.42,183,0.92
ORD-58540,2022-01-02,V03,M201,223289.55,154,2.9
ORD-58541,2023-02-11,V06,M201,861603.58,269,2.72
ORD-58542,2024-09-24,V03,M201,451291.14,391,3.18
ORD-58543,2024-10-25,V06,M100,698555.37,418,1.98
ORD-58544,2023-04-12,V04,M101,656344.36,278,2.07
ORD-58545,2023-01-13,V05,M200,816636.275,340,2.68
ORD-58546,2023-11-01,V02,M200,626839.75,363,0.82
ORD-58547,2024-02-12,V05,M100,349031.72,23,3.7
ORD-58548,2024-12-12,V01,M100,798691.79,432,4.19
ORD-58549,2023-09-30,V02,M101,590414.08,14,2.05
ORD-58550,2023-01-22,V03,M201,261003.28,94,3.46
ORD-58551,2022-11-03,V04,M100,819667.98,343,2.7
ORD-58552,2022-10-16,V04,M300,64211.79,367,1.44
ORD-58553,2022-04-30,V03,M201,702191.54,52,0.77
ORD-58554,2023-03-27,V01,M100,444709.8,339,1.48
ORD-58555,2024-11-14,V03,M300,733977.48,423,2.92
ORD-58556,2023-01-10,V06,M400,928186.67,41,0.66
ORD-58557,2023-06-28,V01,M101,752533.76,164,3.84
ORD-58558,2024-10-07,V02,M300,447545.7,6,4.38
ORD-58559,2024-02-02,V03,M100,159465.92,407,0.83
ORD-58560,2022-10-06,V01,M200,2020718.6749999998,138,1.49
ORD-58561,2022-10-25,V02,M100,466098.47,99,3.2
ORD-58562,2024-03-04,V03,M200,211398.0,341,3.72
ORD-58563,2023-07-07,V04,M101,721864.84,224,1.88
ORD-58564,2023-04-01,V03,M101,298933.45,316,2.56
ORD-58565,2023-11-15,V05,M201,58399.35,30,4.07
ORD-58566,2022-09-15,V03,M201,903723.5,225,2.04
ORD-58567,2023-08-20,V05,M200,1220675.2,326,0.83
ORD-58568,2024-11-09,V02,M200,720378.6,261,4.48
ORD-58569,2023-12-10,V03,M101,719222.69,247,1.22
ORD-58570,2022-06-26,V02,M300,887043.35,79,0.7
ORD-58571,2023-06-21,V02,M200,25760.0,185,2.14
ORD-58572,2022-09-01,V01,M200,1727434.1500000001,299,0.99
ORD-58573,2023-04-24,V02,M300,769341.58,180,4.41
ORD-58574,2024-07-21,V02,M201,217828.15,473,2.02
ORD-58575,2024-06-12,V03,M201,494727.59,77,3.8
ORD-58576,2022-10-01,V03,M200,245982.59999999998,262,1.21
ORD-58577,2022-03-04,V04,M201,749282.38,229,1.06
ORD-58578,2022-04-27,V01,M201,848981.46,2,3.1
ORD-58579,2024-01-23,V02,M400,117104.79,17,4.14
ORD-58580,2022-11-10,V01,M201,818295.65,344,0.96
ORD-58581,2022-12-10,V05,M101,773854.47,12,2.86
ORD-58582,2022-09-08,V02,M100,353444.19,428,0.84
ORD-58583,2023-09-05,V01,M200,1733466.575,182,3.75
ORD-58584,2023-02-12,V04,M200,25119.1,334,4.14
ORD-58585,2022-05-04,V04,M101,932479.68,7,3.02
ORD-58586,2022-02-27,V02,M100,554879.4,246,3.25
ORD-58587,2023-03-28,V05,M100,624135.48,474,0.72
ORD-58588,2024-11-15,V04,M101,668012.82,416,0.79
ORD-58589,2024-09-08,V04,M300,565755.33,157,1.22
ORD-58590,2023-11-02,V05,M300,858196.25,174,1.6
ORD-58591,2024-07-09,V01,M100,613604.81,487,3.54
ORD-58592,2022-08-28,V04,M300,908682.39,329,2.24
ORD-58593,2023-07-14,V03,M300,586508.31,334,0.81
ORD-58594,2024-01-02,V06,M300,179411.2,181,3.91
ORD-58595,2024-04-11,V06,M100,914426.93,465,4.48
ORD-58596,2022-10-31,V04,M300,684811.22,497,2.32
ORD-58597,2024-04-06,V01,M200,1755616.5,281,2.55
ORD-58598,2024-07-17,V01,M400,985626.93,309,0.81
ORD-58599,2023-12-16,V02,M100,84444.59,478,2.03
ORD-58600,2022-11-07,V03,M101,434306.68,237,1.99
ORD-58601,2023-06-27,V01,M300,246704.44,157,4.36
ORD-58602,2024-09-17,V05,M201,634122.2,251,3.14
ORD-58603,2022-08-15,V03,M100,808743.57,221,3.63
ORD-58604,2023-12-07,V06,M101,966647.6,338,1.01
ORD-58605,2022-10-17,V03,M400,460050.15,223,2.17
ORD-58606,2024-05-12,V05,M200,1970890.125,211,1.27
ORD-58607,2022-01-15,V04,M101,917881.08,337,3.94
ORD-58608,2022-01-09,V05,M300,686492.18,134,1.11
ORD-58609,2022-12-29,V05,M201,250305.23,332,2.26
ORD-58610,2023-10-20,V04,M300,611775.61,422,0.71
ORD-58611,2024-08-08,V04,M101,970252.53,259,3.04
ORD-58612,2023-09-06,V04,M100,987678.29,495,2.43
ORD-58613,2022-04-21,V04,M201,645936.23,35,2.49
ORD-58614,2022-08-23,V04,M201,888117.88,183,0.91
ORD-58615,2022-08-25,V05,M101,208345.87,303,2.56
ORD-58616,2022-09-08,V02,M400,253617.82,161,2.76
ORD-58617,2022-07-15,V02,M400,953358.74,93,4.35
ORD-58618,2022-12-02,V01,M300,143883.02,387,0.63
ORD-58619,2024-03-27,V02,M101,199195.37,197,4.19
ORD-58620,2024-01-28,V06,M201,426343.11,315,2.42
ORD-58621,2022-10-12,V02,M101,593688.44,206,1.34
ORD-58622,2024-07-19,V05,M201,607779.05,484,3.16
ORD-58623,2023-01-21,V04,M300,299056.25,476,2.57
ORD-58624,2023-11-27,V04,M100,921407.76,489,1.41
ORD-58625,2023-05-05,V05,M100,915948.91,352,3.01
ORD-58626,2022-05-15,V06,M101,398147.37,18,2.39
ORD-58627,2024-02-22,V02,M201,439948.85,234,3.26
ORD-58628,2024-08-28,V05,M100,705472.15,488,3.26
ORD-58629,2023-01-30,V01,M201,666365.94,382,2.39
ORD-58630,2022-11-09,V04,M300,388474.04,333,2.06
ORD-58631,2022-09-06,V03,M101,420101.81,66,0.75
ORD-58632,2023-12-23,V01,M201,354558.55,244,2.48
ORD-58633,2023-07-29,V06,M101,243031.16,409,1.47
ORD-58634,2024-03-22,V01,M201,463556.98,276,0.71
ORD-58635,2023-02-16,V05,M400,689569.79,199,1.82
ORD-58636,2022-01-07,V02,M400,744547.04,459,0.85
ORD-58637,2023-04-11,V04,M201,781084.91,453,2.82
ORD-58638,2024-10-16,V06,M300,380984.69,413,2.51
ORD-58639,2022-03-02,V06,M101,766989.63,18,3.67
ORD-58640,2022-10-03,V03,M200,41127.875,72,1.57
ORD-58641,2022-11-15,V01,M201,482279.44,155,1.99
ORD-58642,2023-11-20,V03,M201,795965.36,378,3.26
ORD-58643,2023-10-24,V02,M400,633744.27,170,4.47
ORD-58644,2024-09-06,V02,M100,479322.49,322,4.12
ORD-58645,2022-04-20,V03,M400,648195.59,355,2.58
ORD-58646,2023-09-03,V04,M101,907876.54,282,3.21
ORD-58647,2024-03-04,V02,M400,570717.98,151,2.63
ORD-58648,2024-03-04,V03,M200,2004470.825,261,2.24
ORD-58649,2023-07-03,V01,M300,980935.3,80,2.91
ORD-58650,2023-09-12,V03,M200,1771281.3,106,2.05
ORD-58651,2023-02-18,V03,M300,577592.51,11,1.62
ORD-58652,2022-05-06,V05,M200,117777.72499999999,403,3.32
ORD-58653,2023-03-17,V02,M400,380733.12,208,3.99
ORD-58654,2024-09-07,V04,M200,1424470.7750000001,480,1.65
ORD-58655,2024-01-29,V04,M400,799234.51,396,3.33
ORD-58656,2022-07-30,V05,M400,443723.74,130,2.24
ORD-58657,2024-05-29,V06,M101,960457.69,171,1.71
ORD-58658,2022-09-28,V04,M400,279075.82,406,2.98
ORD-58659,2024-10-19,V03,M100,747121.52,410,4.26
ORD-58660,2024-11-25,V05,M200,1062102.75,33,1.91
ORD-58661,2024-07-07,V01,M201,491128.61,24,3.54
ORD-58662,2023-02-11,V02,M201,804477.01,197,1.76
ORD-58663,2023-10-27,V02,M201,303253.11,405,3.72
ORD-58664,2023-04-25,V02,M100,105843.94,46,3.54
ORD-58665,2024-06-09,V03,M400,525053.03,274,3.56
ORD-58666,2022-01-07,V01,M200,1333766.675,231,4.49
ORD-58667,2023-12-07,V05,M300,799196.09,133,1.06
ORD-58668,2023-04-04,V05,M300,968636.01,264,2.06
ORD-58669,2024-02-18,V02,M101,64747.68,85,3.02
ORD-58670,2024-04-06,V01,M100,595772.58,367,2.86
ORD-58671,2022-05-09,V01,M200,1711164.375,313,3.62
ORD-58672,2024-07-24,V01,M400,985943.34,5,0.69
ORD-58673,2024-06-04,V04,M201,943164.31,269,3.32
ORD-58674,2023-11-16,V04,M100,715326.26,339,3.45
ORD-58675,2022-10-03,V02,M100,526571.52,221,0.74
ORD-58676,2023-01-30,V01,M200,424771.69999999995,194,2.65
ORD-58677,2024-07-01,V06,M400,390334.79,421,1.48
ORD-58678,2024-01-16,V01,M101,589271.1,346,3.71
ORD-58679,2022-10-10,V05,M400,727948.39,413,0.7
ORD-58680,2023-11-08,V05,M101,639045.56,69,1.08
ORD-58681,2023-03-02,V02,M101,716981.57,288,0.92
ORD-58682,2023-03-31,V06,M201,434860.98,358,0.76
ORD-58683,2024-12-08,V01,M201,730351.02,176,2.9
ORD-58684,2024-12-07,V06,M200,380759.6,386,3.97
ORD-58685,2022-10-01,V02,M400,170960.45,325,2.54
ORD-58686,2023-10-05,V05,M101,171203.82,239,1.34
ORD-58687,2024-07-17,V05,M200,2229890.7750000004,481,1.88
ORD-58688,2023-12-29,V04,M101,85273.72,179,1.94
ORD-58689,2022-07-01,V02,M100,803493.29,256,2.31
ORD-58690,2023-09-27,V02,M300,241235.19,419,2.18
ORD-58691,2022-06-06,V01,M300,473745.64,211,3.18
ORD-58692,2022-05-07,V01,M101,916797.03,399,1.86
ORD-58693,2022-08-12,V04,M200,1475194.65,227,3.15
ORD-58694,2022-09-25,V03,M201,218016.51,72,2.69
ORD-58695,2023-11-24,V06,M400,291249.16,367,0.69
ORD-58696,2024-07-07,V03,M101,921242.16,65,4.18
ORD-58697,2023-09-27,V03,M101,432872.49,166,1.21
ORD-58698,2022-12-03,V02,M400,591115.63,214,2.31
ORD-58699,2024-08-14,V06,M201,465332.87,17,4.29
ORD-58700,2024-06-27,V02,M101,384653.71,336,1.49
ORD-58701,2023-07-06,V06,M100,231046.34,173,0.59
ORD-58702,2024-02-23,V05,M201,689329.59,129,2.46
ORD-58703,2023-06-17,V02,M100,721059.61,3,1.4
ORD-58704,2023-01-03,V02,M300,282136.24,383,2.83
ORD-58705,2023-07-12,V02,M400,791120.73,384,3.77
ORD-58706,2024-05-29,V04,M201,855989.85,248,2.54
ORD-58707,2024-05-26,V02,M201,921468.35,70,3.08
ORD-58708,2022-02-25,V01,M200,424000.72500000003,52,3.16
ORD-58709,2024-10-10,V01,M200,777211.125,437,3.78
ORD-58710,2023-03-24,V06,M400,861749.81,378,3.25
ORD-58711,2022-10-27,V05,M201,206554.8,259,4.4
ORD-58712,2022-06-14,V04,M300,13433.77,239,2.32
ORD-58713,2023-01-07,V06,M101,872119.04,94,0.7
ORD-58714,2024-01-24,V01,M400,333184.95,47,2.08
ORD-58715,2022-10-29,V04,M400,420352.55,75,3.86
ORD-58716,2023-04-29,V04,M200,1129676.725,91,1.03
ORD-58717,2023-06-25,V05,M300,849791.85,86,3.44
ORD-58718,2024-10-04,V04,M400,344513.22,6,2.64
ORD-58719,2024-08-05,V02,M300,893357.09,230,4.1
ORD-58720,2023-08-08,V04,M400,620769.75,489,3.42
ORD-58721,2023-01-09,V05,M200,1330034.65,430,3.14
ORD-58722,2022-02-08,V06,M101,332358.36,351,4.05
ORD-58723,2023-06-15,V05,M200,628186.45,317,4.13
ORD-58724,2024-07-07,V05,M400,627817.86,43,2.04
ORD-58725,2024-05-27,V01,M300,452425.22,312,4.21
ORD-58726,2023-10-23,V02,M100,911410.85,198,0.72
ORD-58727,2022-02-15,V01,M200,1241805.825,370,3.55
ORD-58728,2024-02-11,V06,M300,516676.97,404,1.85
ORD-58729,2022-12-14,V03,M200,1056390.125,303,2.45
ORD-58730,2022-08-15,V06,M400,791370.37,182,3.84
ORD-58731,2022-12-24,V02,M300,430590.81,169,3.05
ORD-58732,2024-02-14,V04,M101,276648.58,203,2.33
ORD-58733,2024-06-03,V05,M300,863410.57,194,1.16
ORD-58734,2022-04-18,V03,M201,600859.94,31,4.26
ORD-58735,2023-03-19,V02,M100,595595.12,102,1.83
ORD-58736,2022-12-20,V01,M400,614713.99,64,0.9
ORD-58737,2023-01-18,V05,M300,721651.35,346,2.76
ORD-58738,2023-04-09,V06,M400,319937.31,91,2.13
ORD-58739,2024-08-17,V01,M200,108764.825,442,2.86
ORD-58740,2024-07-11,V02,M200,2031218.075,250,1.43
ORD-58741,2023-12-28,V02,M300,137616.0,183,2.01
ORD-58742,2022-09-03,V06,M201,724601.54,302,4.39
ORD-58743,2024-05-14,V03,M300,91492.15,366,4.25
ORD-58744,2023-03-14,V06,M101,381554.76,351,3.96
ORD-58745,2023-04-11,V04,M201,72395.81,280,3.62
ORD-58746,2024-01-27,V01,M400,526991.54,205,1.13
ORD-58747,2023-10-07,V03,M300,656604.42,89,2.37
ORD-58748,2024-11-03,V05,M400,179718.81,293,3.41
ORD-58749,2022-09-19,V04,M100,377911.34,425,1.55
ORD-58750,2023-10-05,V03,M201,930937.1,409,0.63
ORD-58751,2024-11-28,V01,M300,447965.23,285,2.17
ORD-58752,2024-03-24,V02,M100,804518.13,159,2.2
ORD-58753,2023-06-19,V05,M300,927912.9,363,0.76
ORD-58754,2023-12-27,V06,M101,974602.37,487,1.78
ORD-58755,2022-08-02,V01,M200,2248347.0,130,4.17
ORD-58756,2024-08-31,V04,M400,324231.28,248,1.5
ORD-58757,2024-06-19,V04,M300,962947.16,140,2.78
ORD-58758,2023-08-23,V02,M201,814271.29,389,2.45
ORD-58759,2022-07-30,V02,M300,838803.83,189,3.95
ORD-58760,2022-05-22,V05,M300,25021.25,91,3.11
ORD-58761,2023-03-22,V06,M300,954696.47,56,1.13
ORD-58762,2023-03-25,V05,M300,780309.32,226,1.07
ORD-58763,2024-02-12,V02,M201,770287.82,334,2.73
ORD-58764,2022-07-22,V02,M201,90709.48,327,0.69
ORD-58765,2023-03-14,V04,M300,240242.86,165,2.07
ORD-58766,2022-06-10,V02,M200,2406597.625,36,2.1
ORD-58767,2024-11-12,V03,M300,505670.3,330,1.29
ORD-58768,2024-12-09,V01,M400,403879.44,29,1.7
ORD-58769,2024-12-08,V02,M400,841541.41,80,1.82
ORD-58770,2024-04-01,V05,M201,96467.01,422,0.55
ORD-58771,2023-02-08,V06,M400,422772.6,469,3.72
ORD-58772,2022-07-07,V06,M400,381943.77,358,4.33
ORD-58773,2022-10-24,V06,M101,356352.87,169,1.66
ORD-58774,2023-01-09,V03,M300,314615.32,33,0.95
ORD-58775,2024-12-23,V05,M300,217974.21,93,4.31
ORD-58776,2022-02-28,V03,M300,181181.69,112,3.46
ORD-58777,2024-08-22,V02,M300,644002.06,379,4.06
ORD-58778,2024-09-13,V01,M100,920200.89,209,1.94
ORD-58779,2024-06-29,V06,M300,513763.13,397,2.44
ORD-58780,2024-06-27,V05,M201,304994.81,390,4.22
ORD-58781,2022-11-30,V06,M201,167568.6,194,2.34
ORD-58782,2024-04-17,V03,M100,831841.93,264,3.19
ORD-58783,2024-06-22,V04,M300,971777.14,247,3.32
ORD-58784,2024-03-01,V02,M200,889159.625,118,3.85
ORD-58785,2024-07-15,V01,M300,298040.92,448,4.4
ORD-58786,2022-05-04,V02,M201,605478.02,480,1.84
ORD-58787,2022-02-21,V04,M101,777575.69,228,1.49
ORD-58788,2022-06-01,V01,M400,460848.78,9,0.81
ORD-58789,2023-05-14,V04,M101,633772.42,407,3.93
ORD-58790,2024-04-05,V02,M200,1798458.95,199,1.67
ORD-58791,2024-08-21,V03,M300,960986.36,479,0.7
ORD-58792,2024-04-09,V02,M100,173386.96,277,3.96
ORD-58793,2022-01-28,V02,M300,997408.67,129,2.54
ORD-58794,2024-11-20,V02,M200,995587.7250000001,302,3.85
ORD-58795,2024-01-19,V05,M200,1814920.35,62,2.72
ORD-58796,2023-01-04,V04,M400,576690.23,2,1.75
ORD-58797,2024-12-09,V04,M200,1229504.825,360,1.02
ORD-58798,2024-01-04,V06,M101,701094.62,331,2.25
ORD-58799,2023-08-14,V04,M400,401796.31,357,0.61
ORD-58800,2023-05-04,V06,M300,134848.88,466,2.91
ORD-58801,2022-05-19,V05,M300,494004.45,172,2.21
ORD-58802,2023-08-04,V03,M100,526696.71,245,1.07
ORD-58803,2023-06-21,V06,M200,524707.825,88,2.62
ORD-58804,2024-03-16,V02,M200,2340657.9,384,3.7
ORD-58805,2023-09-12,V03,M201,235200.89,83,4.4
ORD-58806,2022-09-04,V05,M400,415135.32,5,2.61
ORD-58807,2022-03-27,V04,M201,163380.39,349,1.02
ORD-58808,2023-10-13,V06,M400,540438.68,39,3.74
ORD-58809,2023-04-01,V02,M101,314561.23,384,3.28
ORD-58810,2022-12-08,V01,M400,494379.79,322,4.32
ORD-58811,2023-07-30,V01,M300,232370.75,465,2.64
ORD-58812,2023-04-28,V03,M100,63237.38,301,1.93
ORD-58813,2023-03-10,V04,M400,781434.38,75,4.35
ORD-58814,2023-08-29,V01,M400,644675.42,101,2.65
ORD-58815,2022-05-13,V03,M400,347331.96,141,0.56
ORD-58816,2022-03-11,V05,M100,57019.28,93,2.39
ORD-58817,2024-02-09,V03,M200,2167298.2750000004,119,0.51
ORD-58818,2023-02-06,V03,M100,178097.05,288,3.45
ORD-58819,2022-02-02,V03,M200,2328587.0,109,2.76
ORD-58820,2022-01-12,V02,M300,483809.42,488,0.94
ORD-58821,2023-12-03,V03,M100,346982.84,43,3.75
ORD-58822,2023-05-30,V06,M200,1860854.7,136,2.65
ORD-58823,2024-09-20,V03,M300,878071.01,330,0.96
ORD-58824,2024-03-22,V02,M300,377006.43,217,1.14
ORD-58825,2022-11-24,V02,M200,1033175.775,443,3.79
ORD-58826,2023-02-28,V05,M200,1097066.6,395,1.92
ORD-58827,2024-02-26,V04,M101,923099.83,156,3.78
ORD-58828,2024-09-08,V01,M300,695638.35,481,0.78
ORD-58829,2024-05-01,V01,M200,637924.15,39,1.48
ORD-58830,2023-05-25,V03,M300,193149.7,282,3.56
ORD-58831,2022-06-10,V05,M100,238063.99,328,3.07
ORD-58832,2023-01-05,V03,M201,270928.25,358,1.73
ORD-58833,2024-09-16,V01,M201,237881.66,26,4.24
ORD-58834,2022-03-07,V02,M400,661921.38,32,1.34
ORD-58835,2024-08-13,V04,M200,311935.44999999995,46,3.9
ORD-58836,2024-01-27,V05,M200,983712.25,156,3.28
ORD-58837,2024-10-02,V02,M300,628803.04,244,0.98
ORD-58838,2024-06-17,V04,M400,297951.37,391,2.72
ORD-58839,2024-04-23,V05,M200,186554.1,35,4.22
ORD-58840,2023-08-15,V05,M300,91005.68,450,2.98
ORD-58841,2023-11-26,V01,M200,336767.77499999997,278,2.62
ORD-58842,2022-06-05,V02,M300,837484.59,242,1.97
ORD-58843,2024-01-03,V05,M200,1653212.175,406,3.66
ORD-58844,2023-12-09,V06,M101,73877.19,378,4.15
ORD-58845,2024-07-09,V05,M300,397158.19,259,3.51
ORD-58846,2023-03-16,V04,M101,285799.32,46,3.4
ORD-58847,2023-06-11,V01,M101,582259.71,434,1.27
ORD-58848,2022-04-18,V03,M101,527577.89,237,3.84
ORD-58849,2024-01-17,V01,M101,486312.78,8,0.66
ORD-58850,2024-10-04,V03,M100,321367.25,260,3.53
ORD-58851,2022-06-10,V02,M400,146421.77,271,1.34
ORD-58852,2022-02-15,V02,M201,744952.62,44,2.45
ORD-58853,2022-01-05,V05,M100,881058.2,238,3.28
ORD-58854,2023-09-07,V06,M200,2361773.5,167,3.54
ORD-58855,2023-03-03,V02,M200,170081.95,376,4.05
ORD-58856,2024-01-16,V05,M400,742509.62,76,1.63
ORD-58857,2024-01-07,V01,M201,729238.42,157,1.4
ORD-58858,2023-06-13,V02,M201,947638.52,201,4.48
ORD-58859,2023-01-25,V01,M201,260385.45,234,1.33
ORD-58860,2024-05-19,V01,M101,744757.25,232,3.16
ORD-58861,2023-02-07,V06,M100,64080.03,446,4.31
ORD-58862,2022-06-06,V02,M200,1587333.15,212,4.09
ORD-58863,2024-04-01,V01,M100,357339.35,418,2.27
ORD-58864,2022-10-30,V06,M100,771220.35,154,3.05
ORD-58865,2023-05-10,V06,M100,864671.24,368,2.62
ORD-58866,2023-02-16,V02,M201,371172.83,213,1.89
ORD-58867,2022-12-17,V06,M400,530330.23,87,1.08
ORD-58868,2023-12-11,V02,M400,126230.02,18,3.71
ORD-58869,2024-04-11,V02,M201,422737.9,191,0.86
ORD-58870,2024-01-18,V03,M200,917980.9750000001,308,2.94
ORD-58871,2022-06-01,V01,M200,478230.575,54,2.88
ORD-58872,2023-05-20,V04,M200,2238834.6,216,1.84
ORD-58873,2024-07-21,V02,M400,156606.96,42,1.04
ORD-58874,2024-01-28,V01,M400,639381.96,349,3.7
ORD-58875,2023-08-22,V06,M100,891241.22,230,2.35
ORD-58876,2023-01-18,V05,M201,912848.89,230,3.4
ORD-58877,2024-02-03,V02,M101,795307.3,182,0.57
ORD-58878,2024-08-07,V06,M100,184379.72,436,0.8
ORD-58879,2024-12-02,V06,M300,819257.1,141,1.2
ORD-58880,2024-01-25,V06,M400,283799.16,288,0.96
ORD-58881,2024-10-03,V06,M100,923174.05,339,1.27
ORD-58882,2022-06-13,V06,M201,711995.81,337,3.25
ORD-58883,2024-03-10,V02,M300,787414.89,322,0.69
ORD-58884,2023-10-19,V04,M100,94182.13,82,0.65
ORD-58885,2023-06-17,V03,M201,586937.46,442,0.63
ORD-58886,2024-11-24,V06,M201,822930.71,167,3.29
ORD-58887,2024-08-03,V06,M400,862974.45,411,2.64
ORD-58888,2024-07-05,V03,M101,38345.39,334,1.98
ORD-58889,2023-03-14,V02,M100,939767.64,54,3.2
ORD-58890,2023-09-16,V01,M201,52905.35,463,2.71
ORD-58891,2022-01-11,V05,M200,1545933.725,456,0.53
ORD-58892,2022-02-08,V05,M201,696453.65,73,3.85
ORD-58893,2024-12-16,V01,M101,116271.84,213,1.9
ORD-58894,2024-08-25,V02,M201,57531.75,171,2.1
ORD-58895,2024-05-08,V05,M400,787063.03,483,3.63
ORD-58896,2023-04-28,V03,M100,390823.92,436,1.25
ORD-58897,2022-12-15,V01,M400,116041.39,270,0.54
ORD-58898,2024-08-30,V04,M100,765041.14,219,4.14
ORD-58899,2022-02-08,V02,M300,850671.44,136,2.52
ORD-58900,2024-02-16,V01,M100,591512.33,35,1.9
ORD-58901,2022-04-19,V05,M300,169624.44,146,3.78
ORD-58902,2022-01-28,V02,M400,25070.25,183,0.61
ORD-58903,2023-04-07,V03,M200,1759486.15,78,1.31
ORD-58904,2023-01-07,V02,M101,554638.28,308,1.12
ORD-58905,2024-09-19,V02,M200,1635722.925,253,3.45
ORD-58906,2023-11-16,V03,M300,815052.82,328,1.75
ORD-58907,2022-01-04,V06,M201,439885.5,433,3.59
ORD-58908,2022-11-12,V03,M201,133270.31,392,0.67
ORD-58909,2023-12-29,V02,M200,2351458.625,421,2.93
ORD-58910,2022-05-11,V03,M201,549809.51,236,1.77
ORD-58911,2023-11-12,V06,M300,619141.18,322,1.25
ORD-58912,2023-12-30,V01,M400,934077.32,337,3.77
ORD-58913,2022-08-17,V03,M101,932267.82,77,2.15
ORD-58914,2022-01-07,V03,M100,576373.66,374,2.79
ORD-58915,2024-10-07,V02,M300,304635.31,462,0.63
ORD-58916,2022-06-20,V01,M300,997142.5,425,3.67
ORD-58917,2024-06-28,V04,M100,684008.92,489,1.65
ORD-58918,2022-04-11,V04,M100,414352.31,73,3.27
ORD-58919,2024-03-13,V05,M101,564238.43,27,3.54
ORD-58920,2022-09-21,V03,M101,421675.71,404,0.97
ORD-58921,2024-04-21,V03,M101,889422.1,38,1.68
ORD-58922,2022-03-22,V01,M201,487674.38,254,3.39
ORD-58923,2023-12-29,V06,M300,825293.09,396,1.43
ORD-58924,2022-10-05,V04,M400,841774.53,426,3.89
ORD-58925,2022-01-05,V05,M100,826089.01,86,1.75
ORD-58926,2024-12-18,V01,M300,724966.73,357,2.11
ORD-58927,2022-09-04,V03,M300,856328.94,434,0.9
ORD-58928,2022-01-13,V04,M101,393357.28,359,1.09
ORD-58929,2024-01-23,V05,M101,123516.57,31,1.6
ORD-58930,2024-09-16,V02,M300,844029.66,205,0.7
ORD-58931,2023-07-30,V04,M101,503186.73,193,1.27
ORD-58932,2022-09-01,V05,M201,136102.27,230,2.14
ORD-58933,2024-03-02,V01,M100,124159.4,181,2.02
ORD-58934,2022-10-19,V02,M300,167649.97,245,1.29
ORD-58935,2024-03-22,V05,M100,753463.53,40,0.82
ORD-58936,2023-08-25,V05,M201,713748.11,329,1.77
ORD-58937,2022-10-15,V03,M101,211780.49,423,3.48
ORD-58938,2023-01-16,V06,M200,2121135.45,394,2.54
ORD-58939,2023-05-31,V04,M201,288481.85,157,4.29
ORD-58940,2023-07-05,V03,M200,1987639.325,168,1.06
ORD-58941,2022-03-02,V02,M100,493917.85,158,1.33
ORD-58942,2024-12-04,V06,M300,734233.2,130,1.62
ORD-58943,2024-03-16,V05,M101,387573.79,82,0.55
ORD-58944,2023-03-07,V03,M201,353669.19,156,4.27
ORD-58945,2023-05-27,V06,M101,842946.0,175,2.28
ORD-58946,2022-02-15,V04,M200,112373.07500000001,288,2.43
ORD-58947,2023-10-09,V02,M200,2437473.9499999997,88,1.13
ORD-58948,2024-07-06,V01,M400,651697.76,102,3.99
ORD-58949,2023-09-04,V03,M300,438158.55,248,3.27
ORD-58950,2024-12-06,V02,M200,1579434.975,206,2.23
ORD-58951,2024-06-30,V01,M300,131513.54,89,4.01
ORD-58952,2022-07-13,V03,M400,518911.93,345,4.12
ORD-58953,2024-05-18,V02,M201,985244.57,288,0.7
ORD-58954,2022-11-25,V02,M400,242916.74,411,0.98
ORD-58955,2023-02-10,V06,M300,725055.32,310,0.61
ORD-58956,2024-07-26,V03,M200,1101554.15,96,2.83
ORD-58957,2023-11-07,V02,M100,655933.57,440,1.37
ORD-58958,2023-02-23,V05,M300,212838.36,159,3.88
ORD-58959,2023-12-11,V03,M101,475760.33,114,2.36
ORD-58960,2024-06-25,V02,M100,980291.79,24,3.85
ORD-58961,2023-03-12,V06,M300,203334.28,163,2.72
ORD-58962,2022-11-02,V01,M101,640080.58,286,3.68
ORD-58963,2022-12-19,V01,M400,579841.77,353,1.99
ORD-58964,2023-04-28,V05,M100,569401.07,55,4.28
ORD-58965,2023-04-28,V03,M300,618972.06,64,3.17
ORD-58966,2023-08-31,V06,M201,507215.59,33,2.88
ORD-58967,2022-12-13,V02,M400,26761.44,46,1.91
ORD-58968,2022-09-29,V02,M101,901095.84,219,4.25
ORD-58969,2024-07-14,V01,M201,828709.04,481,1.85
ORD-58970,2022-11-07,V06,M200,456065.0,289,3.84
ORD-58971,2023-09-04,V05,M400,419140.45,196,2.12
ORD-58972,2023-10-18,V01,M400,772843.49,253,3.57
ORD-58973,2022-03-14,V01,M300,980261.69,448,4.15
ORD-58974,2024-06-08,V05,M300,951625.68,286,2.36
ORD-58975,2023-09-23,V03,M101,900365.61,236,2.6
ORD-58976,2024-11-04,V02,M400,166790.16,79,1.82
ORD-58977,2023-11-01,V03,M300,915330.35,413,0.72
ORD-58978,2023-01-09,V06,M200,2199151.15,446,3.11
ORD-58979,2023-05-15,V04,M300,383180.41,92,0.98
ORD-58980,2022-02-13,V04,M400,400577.37,96,1.92
ORD-58981,2022-03-26,V04,M100,465309.83,228,1.9
ORD-58982,2023-05-08,V05,M201,659613.87,286,1.1
ORD-58983,2023-05-30,V01,M400,268227.26,362,3.17
ORD-58984,2024-03-27,V03,M200,81797.375,235,1.2
ORD-58985,2023-06-06,V02,M400,149817.23,102,3.61
ORD-58986,2024-05-20,V04,M200,1114286.875,252,1.5
ORD-58987,2023-01-23,V03,M400,289182.54,490,1.65
ORD-58988,2024-10-20,V04,M201,766871.4,140,1.87
ORD-58989,2023-05-04,V04,M201,115623.17,323,1.11
ORD-58990,2022-08-25,V02,M200,2295726.425,143,2.24
ORD-58991,2022-09-07,V06,M400,896373.91,240,0.82
ORD-58992,2024-09-24,V06,M201,909669.25,266,2.21
ORD-58993,2022-12-31,V06,M101,742213.9,342,1.86
ORD-58994,2022-10-12,V05,M400,115929.97,61,1.85
ORD-58995,2023-02-09,V01,M201,443756.2,23,3.14
ORD-58996,2022-03-20,V05,M100,140091.32,11,3.58
ORD-58997,2024-01-29,V03,M100,987822.2,16,1.92
ORD-58998,2024-10-31,V05,M101,339708.04,49,1.55
ORD-58999,2022-09-04,V03,M201,589477.24,366,2.48
ORD-59000,2023-02-14,V03,M100,781599.12,336,3.65
ORD-59001,2024-02-12,V01,M400,921409.92,398,3.08
ORD-59002,2023-04-04,V02,M300,757992.25,390,0.65
ORD-59003,2024-05-28,V01,M201,677758.74,170,2.42
ORD-59004,2023-05-02,V06,M101,471321.96,401,4.46
ORD-59005,2024-08-30,V06,M201,609346.13,119,1.91
ORD-59006,2024-12-19,V05,M200,258055.425,479,2.26
ORD-59007,2022-09-16,V03,M200,2212708.3,42,1.65
ORD-59008,2024-08-09,V04,M100,548339.54,10,2.49
ORD-59009,2022-05-28,V04,M200,124334.25,430,1.14
ORD-59010,2023-03-30,V03,M101,920703.1,468,1.49
ORD-59011,2022-08-20,V01,M100,494408.95,49,3.35
ORD-59012,2023-07-21,V02,M101,869903.25,265,1.05
ORD-59013,2024-11-13,V01,M400,858319.07,207,4.2
ORD-59014,2023-11-08,V03,M101,817594.07,167,1.73
ORD-59015,2024-01-13,V03,M200,176972.475,2,2.8
ORD-59016,2024-08-04,V02,M400,254595.98,68,1.79
ORD-59017,2023-09-24,V05,M200,2191980.975,308,2.41
ORD-59018,2022-06-18,V05,M101,900001.15,472,4.12
ORD-59019,2023-02-08,V02,M200,1158720.425,210,0.77
ORD-59020,2023-01-23,V05,M200,1114102.625,139,3.93
ORD-59021,2024-06-05,V04,M200,458473.075,37,2.73
ORD-59022,2022-07-05,V05,M201,968726.68,218,3.16
ORD-59023,2024-11-02,V05,M400,221007.09,456,0.72
ORD-59024,2023-01-08,V05,M400,199027.42,278,3.55
ORD-59025,2024-11-29,V04,M400,664121.68,180,1.01
ORD-59026,2024-08-28,V05,M101,250415.86,5,4.36
ORD-59027,2023-04-15,V06,M300,939383.89,130,3.7
ORD-59028,2023-10-19,V04,M101,20797.93,133,2.47
ORD-59029,2022-07-20,V02,M400,15695.73,99,4.2
ORD-59030,2024-02-27,V01,M100,509828.03,160,1.18
ORD-59031,2024-09-24,V02,M200,1232954.6,236,4.47
ORD-59032,2023-05-30,V01,M200,429325.95,147,3.37
ORD-59033,2024-03-16,V02,M300,499574.37,359,0.89
ORD-59034,2023-03-11,V06,M100,417544.49,115,2.65
ORD-59035,2022-11-04,V01,M201,891426.23,4,3.34
ORD-59036,2024-10-25,V01,M101,19161.38,87,2.95
ORD-59037,2022-10-19,V03,M201,976507.11,46,2.2
ORD-59038,2024-08-21,V01,M100,628148.84,83,1.49
ORD-59039,2023-05-22,V01,M300,160325.01,154,1.45
ORD-59040,2023-04-25,V03,M100,56292.41,306,4.21
ORD-59041,2024-01-08,V05,M300,542724.6,282,1.44
ORD-59042,2024-05-26,V05,M201,242541.26,327,4.35
ORD-59043,2024-02-27,V03,M201,308153.88,288,1.34
ORD-59044,2023-04-11,V04,M100,252680.84,111,2.04
ORD-59045,2024-07-10,V01,M100,653670.59,117,0.55
ORD-59046,2023-11-25,V01,M200,1394984.175,97,4.11
ORD-59047,2023-08-25,V03,M300,87194.68,428,0.92
ORD-59048,2022-03-09,V03,M200,1328153.175,282,1.93
ORD-59049,2023-07-17,V04,M101,793277.87,189,3.87
ORD-59050,2022-08-06,V06,M101,90382.64,88,3.67
ORD-59051,2022-05-10,V05,M100,890841.59,307,3.87
ORD-59052,2023-06-23,V02,M201,582523.58,443,4.16
ORD-59053,2023-10-11,V06,M101,951118.22,87,4.14
ORD-59054,2024-09-07,V05,M101,156659.81,422,3.58
ORD-59055,2024-04-15,V01,M200,2484073.375,26,2.83
ORD-59056,2024-08-09,V06,M200,1619575.35,380,2.75
ORD-59057,2022-11-07,V03,M101,571819.26,429,0.55
ORD-59058,2022-03-14,V04,M100,520126.83,31,3.39
ORD-59059,2022-03-17,V05,M200,83544.57500000001,126,1.41
ORD-59060,2022-07-04,V04,M101,940242.8,198,3.81
ORD-59061,2022-11-01,V05,M201,647554.53,301,2.72
ORD-59062,2022-06-14,V06,M200,251775.55,31,4.45
ORD-59063,2024-04-18,V01,M101,30742.65,367,1.34
ORD-59064,2023-03-20,V02,M300,60275.8,317,3.39
ORD-59065,2022-06-03,V04,M200,1533254.5250000001,432,2.69
ORD-59066,2023-05-15,V04,M300,617875.26,232,4.23
ORD-59067,2024-06-23,V02,M200,1261676.55,45,1.56
ORD-59068,2023-08-20,V04,M200,784245.3999999999,493,0.74
ORD-59069,2023-06-03,V04,M400,536425.3,316,2.68
ORD-59070,2024-12-14,V05,M400,521138.8,189,2.59
ORD-59071,2022-03-12,V05,M300,29221.4,52,1.75
ORD-59072,2024-11-22,V02,M100,289644.54,52,4.45
ORD-59073,2023-06-19,V01,M101,62653.49,332,0.78
ORD-59074,2024-05-09,V06,M100,901153.2,499,2.78
ORD-59075,2023-10-26,V06,M100,727970.93,465,1.54
ORD-59076,2023-05-17,V04,M400,996154.02,318,0.51
ORD-59077,2022-01-29,V01,M101,309149.55,410,4.45
ORD-59078,2024-08-22,V02,M400,879700.99,323,2.43
ORD-59079,2022-07-04,V02,M400,607023.73,79,3.93
ORD-59080,2024-07-12,V05,M400,458594.15,49,3.86
ORD-59081,2024-12-20,V04,M201,230347.38,230,3.75
ORD-59082,2024-01-05,V03,M100,741008.24,344,2.34
ORD-59083,2022-07-26,V02,M100,905099.34,371,4.08
ORD-59084,2022-03-31,V04,M100,242955.31,478,1.97
ORD-59085,2022-06-02,V01,M201,183636.43,44,2.13
ORD-59086,2023-08-13,V05,M200,1748149.25,292,1.52
ORD-59087,2023-06-20,V06,M300,977203.43,437,2.29
ORD-59088,2022-11-09,V01,M300,752455.55,247,4.45
ORD-59089,2022-07-30,V02,M201,291734.93,428,2.79
ORD-59090,2022-01-02,V02,M100,425755.87,219,3.82
ORD-59091,2022-06-20,V01,M300,390474.46,22,1.55
ORD-59092,2024-12-15,V02,M201,853574.07,130,4.32
ORD-59093,2022-01-14,V04,M400,773657.07,7,0.55
ORD-59094,2023-12-04,V02,M101,593085.68,272,4.22
ORD-59095,2023-02-12,V05,M300,282209.52,472,4.09
ORD-59096,2023-03-21,V04,M101,938608.64,350,0.77
ORD-59097,2022-05-03,V03,M100,656782.07,44,2.92
ORD-59098,2022-12-19,V02,M300,970771.88,240,3.64
ORD-59099,2024-08-07,V02,M201,584315.86,366,2.12
ORD-59100,2022-04-14,V05,M200,2057452.075,65,0.87
ORD-59101,2023-06-21,V05,M300,814974.33,246,3.82
ORD-59102,2023-12-23,V06,M300,343955.49,475,2.37
ORD-59103,2022-05-02,V01,M300,964380.52,73,1.55
ORD-59104,2022-05-09,V01,M300,31722.05,71,0.78
ORD-59105,2023-10-08,V01,M201,771023.8,197,3.06
ORD-59106,2022-10-08,V05,M201,965901.51,189,0.67
ORD-59107,2023-11-05,V01,M200,863797.8,158,3.66
ORD-59108,2024-10-03,V01,M201,651629.48,426,3.58
ORD-59109,2022-04-19,V03,M201,566601.02,475,1.79
ORD-59110,2022-04-29,V01,M100,763892.24,330,2.39
ORD-59111,2022-08-01,V02,M100,867516.14,25,3.18
ORD-59112,2023-03-24,V06,M101,607014.12,338,4.34
ORD-59113,2023-07-16,V05,M200,2044363.85,71,2.58
ORD-59114,2022-05-05,V04,M100,319162.72,313,4.49
ORD-59115,2023-01-27,V06,M200,590752.975,223,1.8
ORD-59116,2024-11-14,V03,M200,1090902.525,160,2.61
ORD-59117,2023-12-26,V05,M300,680959.23,306,0.96
ORD-59118,2024-05-14,V05,M400,195374.48,493,2.73
ORD-59119,2022-01-26,V02,M400,683548.67,75,2.65
ORD-59120,2024-03-20,V06,M400,400152.71,138,3.9
ORD-59121,2022-10-17,V06,M200,1994048.8,406,4.49
ORD-59122,2023-04-26,V01,M300,46467.46,479,4.44
ORD-59123,2023-02-04,V02,M101,671302.81,41,1.45
ORD-59124,2024-11-21,V01,M101,653324.11,303,1.85
ORD-59125,2023-12-13,V01,M400,941526.12,398,1.6
ORD-59126,2024-02-15,V05,M101,716233.88,387,1.3
ORD-59127,2024-04-28,V06,M300,798338.88,472,1.1
ORD-59128,2023-05-10,V01,M400,905545.11,334,2.55
ORD-59129,2022-01-28,V03,M300,678301.4,309,3.99
ORD-59130,2024-03-10,V03,M101,297252.1,16,2.86
ORD-59131,2023-05-25,V06,M400,871076.06,375,3.99
ORD-59132,2022-09-21,V03,M300,750102.34,189,4.34
ORD-59133,2024-12-15,V05,M201,430193.23,28,2.03
ORD-59134,2024-09-17,V02,M201,713423.88,163,3.84
ORD-59135,2023-03-19,V04,M300,869011.99,488,0.71
ORD-59136,2024-07-05,V01,M300,975895.61,386,2.42
ORD-59137,2023-09-07,V04,M100,952827.99,317,1.97
ORD-59138,2023-12-30,V02,M100,332074.55,440,1.32
ORD-59139,2022-06-04,V02,M200,1068691.9500000002,482,2.25
ORD-59140,2022-02-23,V05,M400,118441.24,55,2.27
ORD-59141,2024-06-10,V03,M200,637672.1,274,3.73
ORD-59142,2022-08-26,V03,M200,2208992.5,455,3.98
ORD-59143,2022-03-02,V02,M101,367241.43,305,3.13
ORD-59144,2023-10-14,V05,M201,624347.13,102,3.03
ORD-59145,2023-03-11,V05,M101,669305.96,42,0.94
ORD-59146,2022-06-13,V06,M400,784010.98,263,2.8
ORD-59147,2022-05-14,V01,M300,190972.03,388,1.6
ORD-59148,2022-04-18,V03,M100,311765.0,171,1.68
ORD-59149,2022-09-25,V02,M400,453852.98,208,0.88
ORD-59150,2024-03-27,V06,M300,371192.65,315,3.04
ORD-59151,2022-08-17,V04,M400,983076.18,49,2.84
ORD-59152,2022-12-10,V03,M300,836591.4,60,1.38
ORD-59153,2024-08-11,V01,M100,484889.89,6,1.55
ORD-59154,2024-10-09,V05,M300,880475.94,148,3.59
ORD-59155,2024-01-25,V02,M200,885441.0499999999,287,3.67
ORD-59156,2024-05-16,V03,M400,787970.04,211,2.47
ORD-59157,2023-06-23,V04,M100,231438.84,372,1.1
ORD-59158,2024-03-20,V01,M300,774598.82,150,0.72
ORD-59159,2023-10-18,V01,M200,1154722.175,85,1.59
ORD-59160,2022-08-13,V06,M200,291060.825,466,3.42
ORD-59161,2024-07-09,V03,M201,280529.83,160,2.9
ORD-59162,2024-05-28,V04,M200,1020629.7,47,3.37
ORD-59163,2023-05-29,V01,M101,751799.98,162,2.39
ORD-59164,2024-12-11,V02,M100,82252.89,499,3.52
ORD-59165,2022-10-06,V01,M100,662951.53,155,2.42
ORD-59166,2024-08-01,V04,M100,718853.5,230,0.84
ORD-59167,2022-06-28,V05,M300,657382.16,300,0.82
ORD-59168,2024-01-07,V05,M400,763062.94,158,3.83
ORD-59169,2023-01-01,V06,M300,186386.93,161,3.02
ORD-59170,2022-12-28,V03,M101,591232.32,411,1.62
ORD-59171,2022-05-21,V04,M400,941733.5,247,3.53
ORD-59172,2024-02-21,V06,M200,1536691.0750000002,56,1.04
ORD-59173,2023-01-14,V01,M300,615222.98,151,3.08
ORD-59174,2022-02-17,V01,M400,739075.25,299,4.46
ORD-59175,2022-05-17,V05,M200,849680.475,467,1.1
ORD-59176,2023-01-28,V06,M400,703471.14,54,1.07
ORD-59177,2023-07-28,V05,M200,2292678.725,223,2.37
ORD-59178,2022-10-20,V02,M400,20786.52,254,3.07
ORD-59179,2023-04-11,V05,M300,871411.91,68,0.61
ORD-59180,2022-01-23,V02,M300,226432.15,53,2.5
ORD-59181,2023-01-08,V01,M101,461364.04,467,0.83
ORD-59182,2022-09-01,V06,M201,853824.32,245,1.47
ORD-59183,2022-05-21,V02,M100,825673.01,486,3.35
ORD-59184,2022-09-03,V06,M300,893008.2,40,3.46
ORD-59185,2023-06-25,V06,M300,941012.62,444,3.42
ORD-59186,2024-07-15,V02,M200,1131713.475,342,0.76
ORD-59187,2022-11-01,V03,M201,659800.17,393,3.65
ORD-59188,2022-10-24,V05,M300,396573.66,351,2.23
ORD-59189,2024-01-26,V02,M400,357209.55,138,2.4
ORD-59190,2022-01-19,V01,M201,437279.46,266,2.18
ORD-59191,2024-12-04,V06,M100,745645.37,414,3.93
ORD-59192,2024-10-15,V04,M400,506426.34,138,3.22
ORD-59193,2022-05-10,V02,M200,2039797.7,442,2.5
ORD-59194,2024-09-01,V05,M101,747766.29,292,3.84
ORD-59195,2023-08-08,V06,M400,30273.68,210,3.72
ORD-59196,2024-02-27,V03,M100,633935.78,172,0.52
ORD-59197,2024-08-02,V01,M400,442205.41,185,2.42
ORD-59198,2024-04-10,V03,M201,462062.7,299,0.67
ORD-59199,2023-04-02,V04,M201,820189.32,240,1.73
ORD-59200,2023-01-06,V02,M100,552131.91,211,3.72
ORD-59201,2022-02-26,V06,M201,886765.61,363,4.28
ORD-59202,2022-02-23,V02,M400,715677.54,151,1.47
ORD-59203,2023-09-20,V05,M101,557311.61,388,0.59
ORD-59204,2022-01-15,V02,M400,756992.6,396,2.11
ORD-59205,2022-09-02,V01,M101,47965.56,124,1.84
ORD-59206,2023-11-17,V04,M201,36812.82,49,3.21
ORD-59207,2023-12-20,V03,M400,92515.83,408,2.48
ORD-59208,2024-06-03,V04,M201,443189.67,397,2.1
ORD-59209,2023-08-30,V06,M101,243095.64,124,1.42
ORD-59210,2022-06-08,V02,M201,984418.68,68,3.81
ORD-59211,2023-02-25,V06,M300,546867.24,475,1.49
ORD-59212,2023-11-18,V03,M200,1664478.9749999999,358,0.72
ORD-59213,2024-04-02,V06,M400,286031.93,231,2.76
ORD-59214,2024-10-20,V05,M300,328578.94,456,1.77
ORD-59215,2024-02-28,V04,M201,342107.29,346,3.35
ORD-59216,2022-03-13,V03,M201,701748.35,418,0.82
ORD-59217,2024-11-12,V03,M200,1197422.875,9,4.37
ORD-59218,2022-12-03,V03,M201,522506.82,266,1.25
ORD-59219,2023-09-09,V01,M200,1490207.375,125,1.93
ORD-59220,2022-09-23,V04,M400,771123.54,371,2.42
ORD-59221,2022-09-10,V06,M101,99466.05,321,4.06
ORD-59222,2024-12-02,V03,M200,1947762.925,112,3.39
ORD-59223,2023-09-21,V04,M200,1419006.7999999998,498,1.08
ORD-59224,2024-11-10,V03,M300,672404.49,328,2.25
ORD-59225,2023-01-21,V05,M201,334276.25,330,2.67
ORD-59226,2022-10-21,V05,M400,415292.97,54,3.31
ORD-59227,2024-12-29,V05,M101,238854.16,427,2.79
ORD-59228,2023-01-05,V02,M100,979507.0,497,2.33
ORD-59229,2022-07-28,V03,M200,1255082.35,443,3.56
ORD-59230,2022-01-29,V02,M100,996116.15,89,2.01
ORD-59231,2022-02-19,V04,M201,494888.12,95,4.45
ORD-59232,2024-08-12,V02,M200,568884.375,359,4.29
ORD-59233,2024-08-06,V04,M100,512377.87,250,3.33
ORD-59234,2023-08-14,V04,M300,49199.62,443,4.03
ORD-59235,2022-04-15,V04,M100,905722.1,451,2.07
ORD-59236,2024-04-23,V06,M300,820364.75,317,2.83
ORD-59237,2023-03-14,V02,M101,728562.32,487,1.59
ORD-59238,2024-11-18,V06,M201,613728.45,166,4.04
ORD-59239,2022-11-25,V03,M400,584035.89,227,2.38
ORD-59240,2022-09-11,V02,M100,996760.93,136,2.64
ORD-59241,2024-04-11,V03,M200,713043.65,384,3.96
ORD-59242,2023-11-08,V03,M201,781887.52,65,3.69
ORD-59243,2024-01-30,V04,M100,585590.72,5,1.79
ORD-59244,2023-12-13,V02,M200,2440304.35,120,0.85
ORD-59245,2022-01-24,V03,M200,2073812.875,371,1.15
ORD-59246,2022-11-18,V05,M400,998539.86,219,1.86
ORD-59247,2024-12-22,V03,M400,592441.74,365,1.72
ORD-59248,2023-08-21,V05,M200,531246.2999999999,474,0.65
ORD-59249,2022-01-17,V02,M400,508650.17,43,2.23
ORD-59250,2022-08-08,V06,M200,1785000.05,188,0.92
ORD-59251,2024-05-20,V02,M100,776616.78,26,1.38
ORD-59252,2023-09-22,V06,M101,10504.89,267,3.65
ORD-59253,2022-02-02,V06,M400,509976.82,162,2.48
ORD-59254,2024-03-04,V02,M300,242882.23,233,1.99
ORD-59255,2022-10-16,V03,M300,876162.71,130,1.24
ORD-59256,2022-07-14,V01,M300,161376.39,21,3.97
ORD-59257,2023-05-27,V03,M101,669791.69,371,4.11
ORD-59258,2022-06-11,V03,M200,683503.925,410,2.57
ORD-59259,2022-09-20,V04,M200,907441.7999999999,128,4.19
ORD-59260,2024-12-20,V04,M201,941153.67,76,2.36
ORD-59261,2023-09-22,V03,M300,248043.64,73,0.93
ORD-59262,2024-12-22,V05,M300,104052.73,233,0.57
ORD-59263,2022-07-09,V06,M200,196480.125,343,1.01
ORD-59264,2023-01-07,V04,M300,509568.96,106,2.99
ORD-59265,2024-06-03,V03,M200,1613235.925,389,1.78
ORD-59266,2022-01-03,V01,M200,835051.775,9,3.09
ORD-59267,2023-09-15,V05,M400,693357.14,119,2.53
ORD-59268,2024-11-05,V02,M200,176058.45,50,1.83
ORD-59269,2023-10-30,V03,M100,858761.3,10,1.37
ORD-59270,2023-11-26,V03,M100,818401.54,113,0.82
ORD-59271,2023-09-04,V06,M100,985641.31,442,3.63
ORD-59272,2023-12-25,V05,M100,937139.93,266,3.78
ORD-59273,2023-03-13,V04,M101,362635.19,78,2.67
ORD-59274,2022-11-22,V04,M201,405282.63,36,1.13
ORD-59275,2024-04-13,V04,M201,748505.2,202,1.55
ORD-59276,2022-05-06,V02,M200,356854.85,312,4.32
ORD-59277,2024-01-29,V05,M300,320874.56,118,1.4
ORD-59278,2023-05-27,V05,M100,127355.53,190,0.73
ORD-59279,2024-10-22,V04,M201,460337.58,242,2.7
ORD-59280,2022-01-08,V04,M201,556484.24,293,1.55
ORD-59281,2023-03-12,V06,M100,219048.87,169,4.33
ORD-59282,2023-10-11,V01,M101,36365.37,230,2.8
ORD-59283,2024-08-23,V01,M101,722162.27,48,4.36
ORD-59284,2023-06-30,V03,M201,29805.11,150,3.64
ORD-59285,2022-03-04,V03,M101,973668.58,343,3.39
ORD-59286,2022-01-14,V05,M400,229391.18,208,3.82
ORD-59287,2023-04-28,V05,M100,667261.09,61,2.92
ORD-59288,2024-05-16,V02,M201,440404.21,331,0.54
ORD-59289,2024-05-08,V02,M100,69077.12,117,2.07
ORD-59290,2024-01-27,V01,M101,477461.77,239,1.38
ORD-59291,2023-03-29,V03,M100,521593.03,371,2.24
ORD-59292,2022-09-01,V01,M101,856136.38,355,2.38
ORD-59293,2022-01-28,V01,M101,735025.58,48,1.01
ORD-59294,2022-11-06,V03,M100,88509.45,448,0.59
ORD-59295,2022-08-06,V02,M101,217071.06,245,1.05
ORD-59296,2022-11-28,V06,M400,318768.81,468,3.93
ORD-59297,2024-02-16,V06,M200,313109.025,293,3.52
ORD-59298,2023-01-08,V06,M100,462330.08,425,3.7
ORD-59299,2023-07-26,V03,M200,2461165.25,5,1.61
ORD-59300,2023-03-07,V04,M100,519466.66,100,1.44
ORD-59301,2024-02-13,V04,M101,744463.35,205,0.65
ORD-59302,2023-11-01,V04,M101,686108.42,180,2.39
ORD-59303,2022-09-09,V05,M201,851412.32,17,2.03
ORD-59304,2022-09-03,V02,M400,223566.26,90,3.84
ORD-59305,2024-12-20,V02,M201,756288.0,108,3.23
ORD-59306,2024-07-09,V05,M200,2206354.2249999996,190,1.08
ORD-59307,2024-07-04,V01,M101,179794.72,180,4.45
ORD-59308,2022-10-23,V06,M201,353334.2,249,3.58
ORD-59309,2024-11-23,V04,M101,970400.75,251,3.38
ORD-59310,2024-07-28,V06,M100,782979.97,20,1.37
ORD-59311,2022-11-04,V04,M201,289764.92,359,4.12
ORD-59312,2024-03-03,V06,M200,1420755.875,97,2.4
ORD-59313,2022-09-14,V01,M201,410282.86,222,1.69
ORD-59314,2024-10-08,V06,M101,495065.52,144,3.12
ORD-59315,2022-01-15,V06,M300,361614.53,7,1.35
ORD-59316,2023-09-18,V03,M300,286537.71,350,4.13
ORD-59317,2023-09-02,V06,M400,678015.41,322,3.92
ORD-59318,2023-02-26,V03,M101,780756.4,268,2.36
ORD-59319,2024-11-10,V02,M100,875217.55,427,1.26
ORD-59320,2023-07-30,V05,M201,163776.67,296,2.49
ORD-59321,2024-12-05,V06,M300,824626.97,1,1.1
ORD-59322,2023-09-17,V02,M100,262252.82,58,1.58
ORD-59323,2022-12-09,V03,M101,433063.03,387,2.43
ORD-59324,2023-07-02,V06,M100,902429.25,264,0.58
ORD-59325,2023-11-03,V06,M101,459958.56,90,3.56
ORD-59326,2024-02-23,V01,M400,205092.9,488,1.29
ORD-59327,2023-07-05,V02,M201,168269.97,75,3.97
ORD-59328,2024-09-30,V04,M100,478253.93,445,0.59
ORD-59329,2024-05-29,V04,M201,765045.7,341,2.63
ORD-59330,2024-05-03,V01,M100,997233.09,261,3.61
ORD-59331,2024-01-29,V03,M101,789534.54,488,1.45
ORD-59332,2022-06-13,V04,M101,878241.84,282,3.33
ORD-59333,2024-02-10,V04,M100,750354.04,341,3.38
ORD-59334,2023-05-10,V05,M400,896480.75,329,3.05
ORD-59335,2022-05-24,V02,M101,85530.61,401,1.96
ORD-59336,2023-12-18,V03,M200,2326580.7,357,3.64
ORD-59337,2022-02-26,V06,M200,1006105.2250000001,243,3.01
ORD-59338,2023-10-06,V02,M201,922398.08,499,2.86
ORD-59339,2024-01-02,V03,M200,212438.775,322,3.78
ORD-59340,2023-07-12,V04,M200,1795226.3250000002,435,1.48
ORD-59341,2024-07-14,V05,M400,738331.86,119,1.43
ORD-59342,2023-12-08,V02,M400,996941.78,47,2.05
ORD-59343,2024-11-17,V04,M300,771166.72,168,0.79
ORD-59344,2023-04-04,V03,M300,388747.97,348,1.85
ORD-59345,2024-02-23,V02,M400,561676.07,27,2.13
ORD-59346,2024-08-26,V06,M300,372885.43,296,2.48
ORD-59347,2023-12-01,V02,M400,204058.46,1,1.52
ORD-59348,2023-05-14,V04,M300,256017.3,174,4.13
ORD-59349,2022-09-24,V02,M101,229790.43,395,1.64
ORD-59350,2022-07-22,V06,M400,553327.18,167,3.91
ORD-59351,2023-11-11,V05,M201,907099.03,18,2.28
ORD-59352,2022-06-02,V05,M201,913599.36,91,3.37
ORD-59353,2023-01-19,V04,M400,64216.14,303,0.94
ORD-59354,2024-10-11,V03,M200,222751.02500000002,202,2.68
ORD-59355,2022-08-12,V04,M201,252667.87,484,4.34
ORD-59356,2022-04-05,V05,M200,656272.1499999999,21,3.17
ORD-59357,2022-02-12,V01,M201,103940.28,156,3.78
ORD-59358,2022-12-27,V01,M100,394578.71,385,1.54
ORD-59359,2024-12-04,V02,M100,591848.14,14,3.7
ORD-59360,2022-12-12,V06,M400,582380.58,20,1.91
ORD-59361,2024-01-28,V02,M201,547995.38,244,2.44
ORD-59362,2024-03-15,V01,M101,345285.21,377,1.25
ORD-59363,2024-09-04,V05,M200,1773477.825,457,2.44
ORD-59364,2023-01-24,V02,M201,828219.1,173,2.56
ORD-59365,2022-04-19,V04,M400,352811.52,445,2.99
ORD-59366,2023-02-11,V06,M200,236700.025,411,3.97
ORD-59367,2024-11-14,V04,M300,303366.95,122,1.72
ORD-59368,2024-05-04,V06,M400,145994.97,497,4.44
ORD-59369,2024-01-29,V05,M201,472685.14,184,3.89
ORD-59370,2024-07-15,V02,M101,164375.8,308,2.11
ORD-59371,2022-01-05,V06,M300,468216.31,68,1.41
ORD-59372,2023-03-06,V04,M400,228792.86,293,0.79
ORD-59373,2022-04-17,V02,M201,741343.79,338,1.44
ORD-59374,2024-05-18,V02,M100,37292.56,159,4.04
ORD-59375,2023-10-31,V04,M201,559198.84,49,1.67
ORD-59376,2022-11-06,V01,M100,177793.39,181,1.05
ORD-59377,2023-07-31,V06,M100,10981.95,295,0.59
ORD-59378,2023-10-21,V04,M400,870508.09,394,1.69
ORD-59379,2024-06-22,V05,M201,674812.51,393,1.36
ORD-59380,2023-06-12,V03,M201,107953.39,348,0.91
ORD-59381,2023-12-21,V04,M100,667431.64,476,4.3
ORD-59382,2022-09-14,V02,M200,1538827.15,141,1.57
ORD-59383,2023-01-08,V02,M300,478623.12,18,0.52
ORD-59384,2024-10-04,V04,M101,425065.52,140,4.28
ORD-59385,2022-12-18,V03,M201,888199.07,72,2.81
ORD-59386,2024-12-25,V04,M300,252696.54,471,0.83
ORD-59387,2023-08-01,V03,M300,404326.96,242,0.63
ORD-59388,2023-05-30,V03,M200,839560.65,261,0.93
ORD-59389,2023-12-17,V05,M300,773489.02,263,2.87
ORD-59390,2023-04-28,V06,M201,917300.65,143,0.75
ORD-59391,2022-01-20,V02,M400,851283.88,195,2.77
ORD-59392,2023-09-21,V02,M400,799726.89,146,3.11
ORD-59393,2024-01-17,V03,M300,986922.05,294,1.09
ORD-59394,2023-12-20,V02,M201,700173.1,26,2.45
ORD-59395,2024-03-12,V01,M201,753543.25,422,4.36
ORD-59396,2024-08-06,V03,M100,982974.51,59,3.85
ORD-59397,2024-10-19,V02,M200,42302.200000000004,52,3.39
ORD-59398,2022-12-26,V01,M101,637707.89,417,2.57
ORD-59399,2023-10-15,V05,M100,741581.82,149,2.08
ORD-59400,2024-06-04,V02,M101,918648.78,401,2.31
ORD-59401,2022-04-02,V01,M201,885005.86,107,3.56
ORD-59402,2023-11-14,V04,M400,843541.07,318,2.72
ORD-59403,2024-01-21,V06,M100,946333.36,59,3.56
ORD-59404,2024-10-01,V04,M300,542005.4,258,4.38
ORD-59405,2023-07-08,V01,M300,16850.89,448,3.06
ORD-59406,2022-05-18,V03,M101,20943.85,281,2.91
ORD-59407,2024-09-24,V03,M201,549192.67,425,2.12
ORD-59408,2023-10-04,V02,M400,440919.52,19,1.29
ORD-59409,2023-05-23,V04,M101,456732.6,166,2.0
ORD-59410,2023-01-23,V03,M400,406400.69,25,2.58
ORD-59411,2022-06-03,V03,M200,2296371.375,423,0.64
ORD-59412,2023-09-24,V04,M400,365578.65,4,2.4
ORD-59413,2022-07-25,V05,M300,857664.67,3,3.95
ORD-59414,2023-02-02,V03,M100,903836.15,418,4.41
ORD-59415,2024-09-18,V06,M100,504506.75,362,3.92
ORD-59416,2022-12-13,V01,M100,452468.66,394,1.19
ORD-59417,2023-03-29,V02,M400,763410.4,369,1.12
ORD-59418,2023-10-30,V03,M300,710891.79,27,2.07
ORD-59419,2023-04-11,V06,M400,335249.77,368,1.4
ORD-59420,2022-01-02,V06,M201,111522.64,346,3.2
ORD-59421,2023-11-16,V03,M300,272203.88,219,0.84
ORD-59422,2022-01-29,V05,M300,139718.22,385,2.27
ORD-59423,2023-05-04,V01,M400,301784.95,44,1.62
ORD-59424,2023-12-09,V02,M400,269203.35,212,2.88
ORD-59425,2024-09-03,V03,M100,641334.31,52,3.69
ORD-59426,2024-02-13,V02,M300,954951.07,153,4.19
ORD-59427,2023-05-31,V04,M100,688886.3,202,4.36
ORD-59428,2022-07-27,V06,M201,927382.91,321,1.9
ORD-59429,2024-10-13,V06,M200,1965727.3499999999,464,3.92
ORD-59430,2024-10-19,V03,M100,730598.85,11,2.87
ORD-59431,2024-11-25,V03,M400,419921.32,68,3.27
ORD-59432,2023-10-12,V04,M101,331546.56,227,3.9
ORD-59433,2024-09-17,V05,M200,2119536.5,121,1.02
ORD-59434,2022-10-15,V03,M201,906339.3,333,4.29
ORD-59435,2022-05-06,V06,M400,457363.67,469,2.69
ORD-59436,2023-07-19,V02,M200,47431.175,15,1.84
ORD-59437,2022-08-14,V01,M400,794605.75,57,1.85
ORD-59438,2023-11-11,V02,M100,292218.15,330,3.5
ORD-59439,2024-12-05,V05,M400,19788.99,64,3.21
ORD-59440,2024-07-23,V01,M201,806938.67,230,3.42
ORD-59441,2024-02-17,V02,M101,522240.05,11,1.51
ORD-59442,2023-12-30,V02,M100,688358.64,121,1.18
ORD-59443,2022-04-20,V04,M100,915542.92,224,3.39
ORD-59444,2023-03-28,V05,M201,545762.09,225,1.69
ORD-59445,2022-10-20,V06,M201,508162.13,125,1.39
ORD-59446,2024-09-10,V04,M200,744388.75,148,1.36
ORD-59447,2023-08-26,V01,M101,312141.9,228,1.09
ORD-59448,2022-05-30,V06,M400,798576.65,30,2.21
ORD-59449,2023-09-20,V04,M200,1136347.375,10,1.54
ORD-59450,2023-07-01,V05,M400,171890.95,54,4.08
ORD-59451,2023-11-29,V03,M400,103583.48,186,3.26
ORD-59452,2022-10-03,V03,M400,478190.92,207,3.48
ORD-59453,2024-11-17,V01,M200,1175763.6749999998,255,2.11
ORD-59454,2022-01-17,V03,M100,656923.7,157,2.9
ORD-59455,2022-01-01,V04,M201,476356.8,129,2.5
ORD-59456,2024-03-04,V01,M100,152040.95,58,1.17
ORD-59457,2024-02-20,V06,M101,512724.86,405,0.69
ORD-59458,2023-10-15,V05,M200,2269303.775,399,3.23
ORD-59459,2022-10-13,V01,M101,167847.0,195,0.98
ORD-59460,2022-06-27,V06,M201,692857.09,417,0.73
ORD-59461,2024-07-04,V01,M201,597920.67,422,2.27
ORD-59462,2022-07-26,V02,M300,751099.87,403,3.45
ORD-59463,2024-07-31,V02,M101,159094.27,388,3.58
ORD-59464,2023-03-20,V01,M100,942189.28,76,3.99
ORD-59465,2023-12-14,V03,M101,624756.76,89,1.3
ORD-59466,2023-03-26,V02,M200,2121501.075,354,4.44
ORD-59467,2022-08-10,V05,M201,254140.7,81,3.55
ORD-59468,2024-11-29,V06,M201,742018.76,186,1.13
ORD-59469,2023-10-03,V04,M101,783220.4,326,3.86
ORD-59470,2023-07-13,V02,M101,403460.92,268,2.5
ORD-59471,2023-10-10,V01,M400,390113.92,383,0.77
ORD-59472,2024-10-10,V03,M101,661218.3,79,1.03
ORD-59473,2022-03-20,V04,M400,102473.6,145,2.24
ORD-59474,2022-12-28,V06,M200,1845669.7750000001,129,2.62
ORD-59475,2022-09-18,V06,M200,131144.725,14,4.29
ORD-59476,2022-07-30,V02,M100,198684.4,119,1.36
ORD-59477,2022-02-08,V06,M101,667502.32,2,2.4
ORD-59478,2024-04-12,V06,M100,107340.43,4,1.4
ORD-59479,2024-11-02,V03,M300,972123.67,244,2.73
ORD-59480,2023-10-04,V03,M200,2174280.625,66,4.14
ORD-59481,2023-01-28,V03,M201,630039.31,246,2.77
ORD-59482,2023-07-09,V01,M400,820866.88,90,2.54
ORD-59483,2023-03-09,V06,M300,888704.25,430,3.5
ORD-59484,2024-03-27,V06,M201,266880.89,178,1.09
ORD-59485,2024-11-10,V06,M300,850917.47,60,4.12
ORD-59486,2022-07-02,V05,M100,202845.85,232,2.81
ORD-59487,2024-05-18,V03,M100,419208.84,436,3.25
ORD-59488,2024-12-18,V04,M400,562677.03,353,3.78
ORD-59489,2024-10-20,V02,M200,1791880.125,176,3.04
ORD-59490,2023-04-11,V04,M400,39839.9,167,3.06
ORD-59491,2024-01-15,V01,M201,297604.32,383,3.42
ORD-59492,2022-04-24,V01,M300,612433.91,198,0.71
ORD-59493,2022-03-18,V06,M400,363794.99,60,2.03
ORD-59494,2023-03-24,V04,M101,777274.81,414,4.35
ORD-59495,2023-01-23,V06,M101,655135.64,470,1.53
ORD-59496,2024-09-19,V05,M200,605143.6,411,2.67
ORD-59497,2023-08-04,V01,M400,154469.69,83,1.2
ORD-59498,2022-01-06,V01,M201,632756.52,74,1.79
ORD-59499,2024-10-05,V04,M101,455962.65,311,3.37
ORD-59500,2023-05-27,V01,M200,443168.675,454,3.07
ORD-59501,2023-09-23,V05,M400,333110.46,26,2.16
ORD-59502,2023-12-27,V05,M200,775040.7000000001,426,4.25
ORD-59503,2023-08-19,V05,M201,117050.65,377,3.6
ORD-59504,2024-05-23,V02,M101,551439.93,243,1.57
ORD-59505,2024-12-14,V05,M101,766012.15,323,2.36
ORD-59506,2023-01-01,V05,M101,579712.22,116,4.01
ORD-59507,2022-05-10,V02,M100,828028.45,323,0.59
ORD-59508,2024-11-27,V06,M101,136292.86,180,2.83
ORD-59509,2023-02-23,V03,M300,441255.74,262,1.43
ORD-59510,2023-01-15,V01,M100,613320.95,497,0.76
ORD-59511,2022-09-15,V05,M400,679241.55,114,4.15
ORD-59512,2022-06-23,V01,M100,698828.44,266,3.77
ORD-59513,2024-08-07,V04,M100,731675.77,38,1.24
ORD-59514,2024-07-13,V01,M100,654915.51,380,3.85
ORD-59515,2023-05-03,V06,M200,258214.525,77,1.09
ORD-59516,2024-06-18,V02,M300,698352.62,102,2.4
ORD-59517,2023-11-02,V01,M201,727534.83,12,3.4
ORD-59518,2022-01-15,V01,M101,993545.13,302,2.64
ORD-59519,2024-06-01,V01,M100,696428.81,49,3.9
ORD-59520,2022-06-20,V03,M201,689962.09,254,2.97
ORD-59521,2022-08-21,V03,M200,1299162.9,347,2.23
ORD-59522,2023-07-29,V04,M201,869243.68,380,4.2
ORD-59523,2022-09-28,V02,M100,996866.41,249,0.65
ORD-59524,2023-05-27,V01,M400,781254.42,72,2.45
ORD-59525,2022-09-17,V01,M300,616375.37,447,3.14
ORD-59526,2023-04-20,V01,M201,88165.28,197,3.84
ORD-59527,2022-03-08,V01,M100,729471.74,253,2.66
ORD-59528,2024-02-03,V03,M100,711475.95,484,4.04
ORD-59529,2023-02-09,V06,M101,777812.47,358,2.21
ORD-59530,2022-09-21,V06,M400,133309.83,299,1.77
ORD-59531,2024-11-05,V04,M101,657195.18,222,4.4
ORD-59532,2023-08-27,V05,M400,302766.67,60,3.17
ORD-59533,2024-05-02,V02,M300,762668.53,357,2.2
ORD-59534,2024-07-14,V06,M101,247970.21,157,4.01
ORD-59535,2024-10-24,V01,M300,687138.89,342,3.23
ORD-59536,2024-09-29,V06,M200,755107.55,462,3.05
ORD-59537,2023-06-18,V04,M200,47260.875,382,3.41
ORD-59538,2023-03-31,V05,M400,637024.33,202,3.45
ORD-59539,2023-10-24,V06,M400,122136.39,267,2.47
ORD-59540,2024-03-01,V04,M101,662698.56,35,2.18
ORD-59541,2024-12-28,V03,M200,2315883.375,255,4.14
ORD-59542,2022-02-17,V05,M201,969553.47,23,2.49
ORD-59543,2022-07-18,V04,M201,243563.86,456,1.36
ORD-59544,2023-09-07,V06,M201,811160.7,405,2.59
ORD-59545,2024-04-26,V03,M200,900044.35,165,0.64
ORD-59546,2022-07-13,V04,M201,901452.5,28,3.39
ORD-59547,2022-02-04,V04,M300,789614.67,372,1.01
ORD-59548,2023-02-24,V06,M100,83182.5,351,0.95
ORD-59549,2023-09-16,V05,M400,413065.62,314,4.29
ORD-59550,2024-09-09,V03,M101,343944.65,53,3.59
ORD-59551,2023-10-20,V01,M300,787329.21,284,2.16
ORD-59552,2022-02-19,V02,M201,416182.85,298,1.46
ORD-59553,2022-04-20,V05,M100,687742.51,475,3.87
ORD-59554,2023-04-05,V03,M101,606410.9,488,4.37
ORD-59555,2023-10-02,V04,M300,975882.33,85,2.53
ORD-59556,2024-07-01,V03,M101,938407.11,457,2.82
ORD-59557,2022-11-29,V02,M400,433422.52,349,1.47
ORD-59558,2023-07-16,V06,M200,1815856.0750000002,124,2.86
ORD-59559,2023-10-02,V02,M201,831165.49,445,2.1
ORD-59560,2024-01-22,V01,M300,899896.9,207,3.88
ORD-59561,2022-07-12,V01,M300,77452.92,417,2.01
ORD-59562,2023-10-10,V02,M100,309058.01,439,3.1
ORD-59563,2022-07-25,V05,M100,327027.74,165,1.31
ORD-59564,2022-12-27,V05,M100,440101.49,47,0.86
ORD-59565,2022-08-14,V04,M101,177572.1,420,0.66
ORD-59566,2022-01-08,V01,M201,501243.82,371,2.16
ORD-59567,2023-06-22,V04,M101,666582.18,156,1.15
ORD-59568,2023-04-06,V01,M201,502390.28,266,4.47
ORD-59569,2022-08-08,V02,M300,669135.16,279,3.69
ORD-59570,2024-04-07,V05,M101,75777.22,476,3.27
ORD-59571,2024-02-20,V05,M101,877227.46,482,3.71
ORD-59572,2024-03-17,V02,M101,939678.5,5,1.55
ORD-59573,2024-03-17,V04,M200,1554320.875,82,4.02
ORD-59574,2022-01-07,V04,M400,882577.09,119,4.48
ORD-59575,2023-08-29,V03,M201,140131.56,262,1.66
ORD-59576,2023-08-24,V01,M201,799474.43,125,4.44
ORD-59577,2024-07-24,V04,M101,127956.71,426,1.78
ORD-59578,2022-10-05,V02,M200,1034825.325,303,0.55
ORD-59579,2022-05-26,V04,M101,330580.35,215,1.97
ORD-59580,2022-04-13,V05,M201,589735.91,28,4.49
ORD-59581,2023-06-08,V01,M400,308499.39,489,3.04
ORD-59582,2023-12-29,V06,M400,640940.49,269,3.28
ORD-59583,2022-08-10,V03,M300,373713.42,498,1.45
ORD-59584,2022-03-22,V01,M200,2155456.2,25,1.08
ORD-59585,2024-03-01,V05,M400,637545.0,7,4.04
ORD-59586,2024-12-02,V05,M200,557863.275,194,2.15
ORD-59587,2024-05-07,V05,M101,342768.13,80,0.52
ORD-59588,2024-06-24,V05,M300,848946.68,442,1.68
ORD-59589,2024-08-05,V02,M201,392614.95,322,1.28
ORD-59590,2024-04-21,V03,M400,540441.07,36,2.92
ORD-59591,2023-11-26,V06,M400,652452.52,258,3.52
ORD-59592,2023-08-14,V05,M100,354331.55,113,2.49
ORD-59593,2024-05-17,V05,M201,301038.84,294,1.24
ORD-59594,2022-09-19,V04,M400,480502.35,202,0.73
ORD-59595,2022-04-25,V03,M400,222732.16,14,1.75
ORD-59596,2023-06-06,V01,M201,291368.48,155,3.72
ORD-59597,2022-05-08,V03,M300,71457.7,399,2.18
ORD-59598,2023-02-16,V03,M200,777326.425,85,1.51
ORD-59599,2024-04-06,V06,M201,327497.05,140,0.58
ORD-59600,2022-06-13,V03,M200,2405537.0749999997,371,2.48
ORD-59601,2024-01-22,V06,M300,593831.54,427,3.24
ORD-59602,2024-05-28,V05,M300,789508.6,97,1.26
ORD-59603,2024-08-23,V05,M101,54923.48,185,2.65
ORD-59604,2023-02-25,V02,M100,115471.33,488,2.18
ORD-59605,2024-08-12,V06,M300,816391.59,342,3.32
ORD-59606,2023-12-13,V06,M300,627314.05,358,3.94
ORD-59607,2024-02-28,V01,M200,497680.52499999997,492,1.73
ORD-59608,2023-09-27,V04,M300,410747.45,432,4.12
ORD-59609,2022-01-13,V03,M201,543285.77,189,3.33
ORD-59610,2023-03-20,V01,M101,845173.73,82,0.65
ORD-59611,2023-01-08,V06,M101,69807.87,300,3.66
ORD-59612,2024-10-13,V01,M201,600755.07,180,2.48
ORD-59613,2022-09-28,V02,M400,719865.56,446,4.28
ORD-59614,2022-08-26,V04,M300,978112.94,386,1.79
ORD-59615,2024-09-01,V06,M100,809088.48,349,2.86
ORD-59616,2023-04-12,V06,M300,283465.04,455,4.32
ORD-59617,2023-09-29,V03,M101,712483.4,415,1.58
ORD-59618,2023-07-03,V04,M100,765645.11,105,2.39
ORD-59619,2022-02-10,V02,M400,732438.14,381,3.51
ORD-59620,2022-03-26,V05,M200,2054856.575,210,3.26
ORD-59621,2023-02-27,V01,M200,2261731.7,329,3.85
ORD-59622,2024-03-03,V03,M300,107445.57,249,2.58
ORD-59623,2024-08-19,V06,M300,113716.22,72,1.78
ORD-59624,2023-11-10,V05,M100,798435.99,161,2.64
ORD-59625,2022-08-06,V02,M100,259848.75,133,1.9
ORD-59626,2023-05-23,V04,M400,67956.01,240,1.21
ORD-59627,2022-12-18,V01,M300,407216.89,78,2.72
ORD-59628,2024-06-09,V03,M101,821678.14,58,0.69
ORD-59629,2022-04-03,V06,M200,338248.425,461,0.65
ORD-59630,2023-10-10,V06,M400,675123.55,125,0.76
ORD-59631,2023-05-20,V05,M100,13579.7,11,3.19
ORD-59632,2022-06-23,V05,M101,118640.07,468,2.13
ORD-59633,2022-10-03,V01,M300,357341.84,407,2.48
ORD-59634,2022-11-15,V04,M201,92766.26,429,1.87
ORD-59635,2023-10-11,V02,M100,847442.65,27,1.51
ORD-59636,2022-07-21,V04,M400,865429.8,207,1.93
ORD-59637,2024-01-02,V04,M201,758015.0,222,1.27
ORD-59638,2024-01-29,V04,M101,250054.84,312,3.22
ORD-59639,2023-07-02,V01,M200,1320036.5,382,0.91
ORD-59640,2024-02-03,V01,M101,192346.64,250,2.57
ORD-59641,2022-05-06,V02,M200,721164.1749999999,315,2.41
ORD-59642,2022-01-21,V04,M101,520845.24,208,1.71
ORD-59643,2024-11-18,V01,M100,737663.67,109,0.91
ORD-59644,2022-05-10,V02,M100,103707.84,296,3.31
ORD-59645,2023-11-10,V06,M400,303729.73,402,2.78
ORD-59646,2024-01-04,V02,M201,927355.14,435,3.74
ORD-59647,2022-01-23,V04,M101,434832.08,61,1.44
ORD-59648,2022-10-30,V03,M101,939480.98,122,3.67
ORD-59649,2022-08-02,V04,M201,991486.54,239,1.67
ORD-59650,2023-06-01,V03,M300,531393.23,106,0.95
ORD-59651,2022-01-27,V02,M400,295163.57,279,1.04
ORD-59652,2023-08-16,V06,M101,792869.04,36,1.38
ORD-59653,2023-01-14,V06,M400,167717.63,38,3.23
ORD-59654,2023-04-10,V01,M101,259526.39,72,1.48
ORD-59655,2023-05-21,V06,M101,787031.11,56,2.92
ORD-59656,2024-08-25,V05,M300,439309.47,167,1.53
ORD-59657,2022-01-18,V02,M100,209522.56,221,1.96
ORD-59658,2023-01-27,V01,M400,654614.49,76,4.06
ORD-59659,2023-08-08,V06,M201,735434.24,210,2.5
ORD-59660,2022-05-09,V02,M400,133820.53,498,2.9
ORD-59661,2023-02-19,V04,M300,284210.46,211,1.26
ORD-59662,2022-01-25,V06,M200,572659.975,228,1.03
ORD-59663,2024-01-19,V03,M200,965140.2000000001,225,2.15
ORD-59664,2023-10-18,V02,M300,765810.45,453,3.92
ORD-59665,2024-01-14,V01,M300,716571.02,254,1.46
ORD-59666,2024-05-19,V04,M100,665898.67,487,2.99
ORD-59667,2022-01-10,V05,M400,16222.69,156,3.99
ORD-59668,2023-11-11,V04,M400,150721.88,474,4.24
ORD-59669,2023-03-13,V06,M200,577661.425,363,4.48
ORD-59670,2023-06-22,V03,M201,279236.29,149,3.55
ORD-59671,2022-05-16,V04,M400,154962.28,318,0.8
ORD-59672,2024-01-04,V05,M101,416212.4,279,3.99
ORD-59673,2022-05-14,V01,M101,84428.78,405,4.04
ORD-59674,2023-11-15,V02,M100,752521.97,459,2.73
ORD-59675,2024-10-30,V03,M100,789843.58,490,0.77
ORD-59676,2023-04-23,V05,M200,1446310.05,376,2.41
ORD-59677,2024-05-20,V06,M201,98807.83,231,1.34
ORD-59678,2023-12-24,V06,M201,891182.34,400,2.27
ORD-59679,2022-10-03,V06,M300,965979.47,190,3.4
ORD-59680,2022-01-17,V03,M100,210339.92,225,3.17
ORD-59681,2022-12-11,V04,M400,707593.42,475,3.62
ORD-59682,2022-06-20,V03,M101,843519.24,65,2.41
ORD-59683,2024-08-26,V06,M400,544445.09,108,2.54
ORD-59684,2024-01-20,V05,M101,330089.87,80,4.24
ORD-59685,2022-02-04,V02,M200,1209432.825,133,3.02
ORD-59686,2024-02-05,V02,M101,517146.06,174,3.49
ORD-59687,2022-04-27,V03,M400,406630.67,64,3.16
ORD-59688,2022-09-23,V06,M400,930544.07,210,3.06
ORD-59689,2023-07-12,V01,M201,746444.28,297,4.15
ORD-59690,2023-02-08,V03,M201,248888.63,98,1.93
ORD-59691,2023-11-29,V06,M100,589701.62,172,2.21
ORD-59692,2023-09-23,V04,M400,691802.26,89,2.02
ORD-59693,2022-03-10,V02,M200,371887.14999999997,362,3.56
ORD-59694,2024-05-12,V02,M101,364841.48,226,3.97
ORD-59695,2022-07-29,V02,M100,906492.8,143,1.93
ORD-59696,2023-02-27,V01,M300,571501.37,196,1.07
ORD-59697,2024-06-13,V06,M300,224827.77,179,2.48
ORD-59698,2024-07-12,V06,M101,131556.95,54,4.44
ORD-59699,2024-07-06,V06,M101,523044.62,196,1.31
ORD-59700,2024-07-22,V06,M101,552208.87,217,2.31
ORD-59701,2024-09-28,V01,M201,341070.31,489,1.59
ORD-59702,2024-06-21,V05,M101,634111.87,333,4.19
ORD-59703,2024-11-10,V03,M300,77997.84,298,2.7
ORD-59704,2024-08-14,V03,M101,153688.3,430,2.81
ORD-59705,2022-04-17,V06,M400,550811.08,25,0.53
ORD-59706,2022-01-09,V04,M200,177993.84999999998,67,3.11
ORD-59707,2023-07-07,V02,M300,882099.68,163,1.73
ORD-59708,2022-08-30,V01,M200,376812.275,112,2.55
ORD-59709,2023-12-23,V04,M300,677180.68,329,2.62
ORD-59710,2024-10-30,V04,M100,397291.41,206,2.87
ORD-59711,2024-02-15,V06,M400,405789.87,406,3.79
ORD-59712,2023-07-19,V01,M300,767240.63,368,1.7
ORD-59713,2024-11-10,V03,M400,504467.51,137,1.52
ORD-59714,2022-07-13,V02,M300,728398.91,408,3.68
ORD-59715,2023-09-16,V03,M200,1275348.3,279,3.37
ORD-59716,2024-10-11,V04,M200,1492440.725,445,1.4
ORD-59717,2024-09-15,V02,M300,763107.48,165,0.5
ORD-59718,2023-06-07,V05,M300,611235.66,429,3.16
ORD-59719,2023-06-26,V04,M201,619458.96,271,1.13
ORD-59720,2023-07-23,V03,M400,791327.4,441,4.33
ORD-59721,2023-07-25,V03,M400,949595.95,228,2.92
ORD-59722,2022-12-08,V06,M400,382948.99,127,3.9
ORD-59723,2024-10-07,V03,M400,581345.99,270,3.72
ORD-59724,2023-02-22,V01,M100,95410.43,308,2.73
ORD-59725,2023-01-16,V04,M100,365215.84,248,2.25
ORD-59726,2024-12-11,V02,M101,417928.73,340,2.49
ORD-59727,2023-10-29,V03,M300,836884.94,487,3.71
ORD-59728,2023-11-18,V06,M300,518258.48,36,3.06
ORD-59729,2023-11-06,V06,M300,733755.71,155,1.32
ORD-59730,2023-09-21,V03,M300,28817.33,145,2.94
ORD-59731,2023-07-05,V01,M400,469847.74,474,2.12
ORD-59732,2023-04-14,V06,M400,902304.49,425,0.75
ORD-59733,2023-03-14,V02,M100,232070.77,260,2.03
ORD-59734,2023-04-02,V04,M200,103017.4,387,1.41
ORD-59735,2024-03-04,V05,M201,439074.65,19,3.85
ORD-59736,2022-10-09,V01,M400,707387.5,425,0.92
ORD-59737,2023-02-25,V06,M400,459918.87,424,1.94
ORD-59738,2022-10-31,V04,M400,465378.53,58,3.28
ORD-59739,2023-05-21,V05,M200,1682767.475,423,4.09
ORD-59740,2023-03-26,V03,M200,654612.3,263,1.84
ORD-59741,2023-02-16,V03,M100,754370.89,36,2.93
ORD-59742,2022-12-07,V02,M400,161582.4,211,1.99
ORD-59743,2023-11-25,V05,M201,401793.1,332,1.31
ORD-59744,2023-01-21,V03,M300,659448.03,148,1.8
ORD-59745,2024-01-05,V03,M400,830085.32,102,3.04
ORD-59746,2022-03-04,V06,M100,793615.76,76,3.37
ORD-59747,2024-05-30,V02,M100,724468.74,413,1.98
ORD-59748,2022-11-10,V04,M201,365505.42,478,1.11
ORD-59749,2023-02-17,V03,M101,131081.27,468,1.06
ORD-59750,2024-03-17,V01,M100,224665.88,68,3.75
ORD-59751,2022-06-17,V01,M200,2165463.7,66,3.11
ORD-59752,2023-06-26,V04,M200,2146895.1500000004,303,3.41
ORD-59753,2024-05-11,V05,M300,952045.24,222,2.45
ORD-59754,2024-01-26,V02,M100,85228.77,151,2.33
ORD-59755,2024-07-29,V06,M300,541440.99,390,1.34
ORD-59756,2022-03-16,V01,M100,652196.21,274,1.17
ORD-59757,2022-05-28,V01,M201,713550.8,437,1.12
ORD-59758,2024-11-23,V04,M400,647424.6,278,4.47
ORD-59759,2024-03-25,V05,M100,772311.28,485,3.78
ORD-59760,2023-07-14,V05,M101,365876.86,68,3.0
ORD-59761,2023-04-12,V04,M200,469096.1,235,1.36
ORD-59762,2022-04-10,V01,M201,212537.54,203,1.85
ORD-59763,2023-06-18,V02,M400,21858.9,233,1.9
ORD-59764,2023-11-14,V01,M400,356818.65,163,2.41
ORD-59765,2024-06-29,V05,M200,252066.525,459,2.19
ORD-59766,2022-04-10,V06,M400,328273.81,98,4.24
ORD-59767,2024-06-09,V01,M300,631927.98,9,3.38
ORD-59768,2024-06-08,V02,M201,895533.28,415,0.83
ORD-59769,2024-10-24,V03,M101,841209.4,249,1.94
ORD-59770,2022-04-20,V01,M200,650368.675,490,1.03
ORD-59771,2024-07-11,V04,M100,142742.31,480,1.62
ORD-59772,2022-11-06,V03,M100,201141.55,427,4.34
ORD-59773,2022-07-19,V04,M100,971276.79,227,3.32
ORD-59774,2024-05-26,V04,M201,553979.73,241,0.53
ORD-59775,2024-09-18,V04,M101,190677.2,75,1.82
ORD-59776,2022-11-15,V01,M400,842338.69,17,2.25
ORD-59777,2022-04-17,V05,M101,401239.33,51,2.91
ORD-59778,2024-08-21,V03,M101,900229.93,228,2.5
ORD-59779,2022-09-24,V02,M200,670175.8999999999,194,0.78
ORD-59780,2023-03-18,V05,M201,399289.54,280,2.56
ORD-59781,2024-12-03,V01,M100,509898.29,238,1.02
ORD-59782,2024-10-13,V04,M200,2234222.95,381,2.58
ORD-59783,2022-12-26,V02,M400,870069.86,271,1.48
ORD-59784,2022-04-17,V03,M101,578611.52,412,1.08
ORD-59785,2024-01-05,V05,M100,229557.75,387,1.65
ORD-59786,2022-09-28,V06,M201,409323.4,157,0.9
ORD-59787,2024-10-28,V05,M300,975876.73,254,1.64
ORD-59788,2022-12-14,V02,M101,611695.49,308,3.97
ORD-59789,2023-08-07,V01,M101,783286.78,310,1.73
ORD-59790,2024-02-17,V03,M101,455366.05,314,2.38
ORD-59791,2023-10-04,V02,M101,536687.2,301,2.58
ORD-59792,2023-05-26,V04,M100,434664.57,118,1.21
ORD-59793,2022-04-07,V03,M201,705891.79,333,2.27
ORD-59794,2024-08-19,V05,M200,2132390.75,50,3.91
ORD-59795,2023-08-18,V02,M100,512289.91,278,0.82
ORD-59796,2023-11-05,V05,M201,486058.78,52,4.19
ORD-59797,2022-10-12,V05,M200,867209.0,181,3.98
ORD-59798,2023-09-08,V05,M101,185325.73,31,3.92
ORD-59799,2024-03-23,V01,M201,939855.25,327,1.29
ORD-59800,2024-12-31,V05,M101,322918.92,496,2.44
ORD-59801,2023-07-19,V04,M201,802684.55,432,2.96
ORD-59802,2023-07-11,V04,M400,718193.55,246,0.9
ORD-59803,2024-11-27,V03,M300,793008.42,90,2.73
ORD-59804,2024-07-09,V06,M101,937400.45,31,3.86
ORD-59805,2024-06-26,V05,M101,627137.05,102,4.25
ORD-59806,2023-10-08,V05,M101,898970.84,230,1.61
ORD-59807,2023-02-06,V02,M400,176020.35,388,1.65
ORD-59808,2023-09-17,V01,M100,630445.45,419,1.58
ORD-59809,2022-06-24,V06,M200,1936382.15,97,1.11
ORD-59810,2023-09-15,V03,M101,278924.72,67,2.22
ORD-59811,2024-08-07,V06,M101,743346.26,192,3.64
ORD-59812,2024-04-21,V05,M100,780692.06,211,3.35
ORD-59813,2024-10-08,V02,M100,832876.08,137,4.1
ORD-59814,2024-03-27,V01,M300,319754.08,430,1.92
ORD-59815,2023-02-08,V03,M201,684790.52,339,2.79
ORD-59816,2023-03-23,V06,M101,311210.75,184,3.57
ORD-59817,2024-02-18,V03,M201,741649.98,56,4.09
ORD-59818,2024-06-08,V05,M100,468343.93,467,3.99
ORD-59819,2023-03-18,V03,M100,601568.93,250,2.36
ORD-59820,2022-12-05,V02,M300,421681.58,282,4.13
ORD-59821,2022-10-22,V03,M200,425907.75,60,2.28
ORD-59822,2022-06-11,V04,M400,186249.23,128,4.11
ORD-59823,2023-03-31,V02,M400,86793.22,205,3.61
ORD-59824,2024-09-28,V06,M400,621891.95,214,1.39
ORD-59825,2023-06-27,V01,M100,850152.01,127,4.22
ORD-59826,2024-01-22,V01,M101,30628.46,496,1.47
ORD-59827,2022-04-17,V05,M300,75577.11,72,4.13
ORD-59828,2023-03-28,V05,M200,1157230.8,216,2.96
ORD-59829,2022-12-28,V04,M400,740343.53,90,3.17
ORD-59830,2023-08-07,V06,M300,166130.57,432,0.94
ORD-59831,2023-12-14,V01,M100,278934.81,314,0.76
ORD-59832,2024-11-17,V01,M400,239686.14,233,4.37
ORD-59833,2024-10-14,V01,M200,1012651.775,233,1.85
ORD-59834,2022-09-25,V01,M201,232748.69,63,3.88
ORD-59835,2024-03-05,V03,M200,897681.725,376,3.32
ORD-59836,2023-01-12,V06,M101,731257.17,247,2.92
ORD-59837,2023-07-23,V02,M400,614899.16,442,3.24
ORD-59838,2024-07-22,V02,M400,90369.89,387,0.86
ORD-59839,2022-01-22,V04,M201,641368.21,135,2.15
ORD-59840,2022-05-16,V03,M201,482306.4,436,2.93
ORD-59841,2024-02-12,V01,M400,935219.92,370,3.97
ORD-59842,2024-10-02,V01,M101,296411.27,446,3.36
ORD-59843,2022-11-09,V05,M201,728904.76,2,1.51
ORD-59844,2024-01-13,V05,M100,733552.21,161,4.44
ORD-59845,2024-04-04,V04,M400,229285.77,140,3.07
ORD-59846,2022-09-02,V01,M200,2260478.475,304,2.51
ORD-59847,2023-03-26,V04,M200,1240678.425,460,3.63
ORD-59848,2024-12-27,V03,M101,682094.53,309,2.91
ORD-59849,2023-01-26,V02,M100,154397.0,202,3.34
ORD-59850,2024-06-15,V01,M201,265225.88,125,2.97
ORD-59851,2024-12-10,V06,M400,590246.05,425,1.22
ORD-59852,2024-05-05,V03,M200,814592.5,373,2.67
ORD-59853,2024-11-05,V01,M200,1261739.975,347,1.63
ORD-59854,2023-08-21,V06,M200,950662.875,82,2.78
ORD-59855,2024-08-21,V05,M200,1610370.65,442,1.0
ORD-59856,2023-12-02,V04,M300,492273.91,324,1.43
ORD-59857,2024-01-10,V05,M101,14563.84,488,3.73
ORD-59858,2024-12-27,V02,M201,653184.03,407,2.12
ORD-59859,2023-03-17,V05,M400,427900.34,469,3.2
ORD-59860,2024-05-27,V01,M400,348281.36,164,2.49
ORD-59861,2022-09-22,V06,M400,103205.28,350,1.86
ORD-59862,2023-06-24,V05,M201,228165.99,240,2.48
ORD-59863,2023-07-21,V01,M101,231534.57,213,3.75
ORD-59864,2022-03-16,V02,M100,936015.8,471,1.63
ORD-59865,2022-06-05,V06,M101,438187.84,149,2.19
ORD-59866,2024-09-26,V05,M200,129112.975,72,1.31
ORD-59867,2024-07-18,V04,M200,368571.3,103,1.9
ORD-59868,2023-05-07,V04,M101,88242.35,183,4.04
ORD-59869,2024-09-19,V06,M101,592980.7,184,3.64
ORD-59870,2023-12-03,V04,M201,194755.28,13,1.99
ORD-59871,2024-07-08,V05,M201,503572.06,380,1.03
ORD-59872,2022-11-02,V05,M300,376361.44,232,2.18
ORD-59873,2022-02-26,V06,M400,805837.61,150,3.59
ORD-59874,2024-04-06,V05,M300,327284.74,263,0.68
ORD-59875,2023-05-02,V01,M400,463682.83,24,3.48
ORD-59876,2024-11-07,V02,M200,1810181.7249999999,189,3.22
ORD-59877,2022-11-24,V04,M300,439017.69,133,0.76
ORD-59878,2022-05-05,V01,M300,795283.38,50,3.04
ORD-59879,2022-10-15,V06,M100,665067.51,446,1.69
ORD-59880,2022-08-19,V04,M101,416423.82,183,1.21
ORD-59881,2022-03-27,V01,M201,508942.11,26,2.04
ORD-59882,2024-03-18,V05,M300,967531.42,499,1.32
ORD-59883,2022-01-21,V06,M201,664995.38,138,3.8
ORD-59884,2022-01-16,V06,M400,905945.27,11,3.47
ORD-59885,2024-09-27,V04,M300,186970.92,296,4.42
ORD-59886,2024-06-21,V05,M400,488403.79,102,2.64
ORD-59887,2022-08-20,V04,M300,909575.05,11,0.86
ORD-59888,2023-11-13,V03,M200,823464.85,112,1.97
ORD-59889,2024-05-26,V01,M100,967987.56,94,3.85
ORD-59890,2023-05-13,V03,M400,106106.72,260,2.09
ORD-59891,2024-05-09,V01,M101,903644.46,258,2.32
ORD-59892,2022-02-21,V02,M101,450760.0,461,2.15
ORD-59893,2023-04-30,V06,M200,207516.8,167,1.44
ORD-59894,2023-12-17,V04,M200,2201815.95,209,0.79
ORD-59895,2023-12-13,V02,M101,259420.81,407,1.22
ORD-59896,2022-02-27,V02,M400,32027.62,45,1.96
ORD-59897,2024-01-11,V06,M101,144449.03,330,1.48
ORD-59898,2024-10-19,V06,M100,662523.59,205,2.79
ORD-59899,2022-05-03,V01,M300,978033.37,426,2.96
ORD-59900,2023-09-02,V03,M100,120347.52,359,2.78
ORD-59901,2024-01-26,V05,M101,467328.57,42,0.84
ORD-59902,2024-06-06,V01,M300,188830.19,285,3.17
ORD-59903,2024-02-21,V05,M101,747586.17,400,2.04
ORD-59904,2022-12-14,V02,M100,126878.31,451,4.01
ORD-59905,2024-07-08,V05,M100,247443.33,100,2.6
ORD-59906,2023-01-09,V03,M400,204441.91,444,0.84
ORD-59907,2024-07-22,V01,M400,556994.58,388,0.54
ORD-59908,2024-11-06,V06,M100,874452.25,356,3.31
ORD-59909,2024-07-07,V03,M300,515979.3,272,2.1
ORD-59910,2023-11-06,V03,M400,67661.02,425,1.65
ORD-59911,2024-07-20,V01,M400,567755.04,6,2.29
ORD-59912,2023-10-05,V06,M201,799545.79,42,0.79
ORD-59913,2024-12-24,V03,M201,140834.64,384,2.07
ORD-59914,2023-09-01,V06,M400,81984.1,441,1.76
ORD-59915,2024-02-13,V04,M101,195929.7,412,3.7
ORD-59916,2024-01-03,V04,M300,748625.46,356,1.2
ORD-59917,2024-09-29,V04,M200,1489409.05,407,3.53
ORD-59918,2024-08-15,V05,M400,545188.71,253,2.5
ORD-59919,2024-02-04,V03,M201,256985.1,76,0.83
ORD-59920,2022-08-17,V01,M300,338914.23,42,4.38
ORD-59921,2024-02-24,V01,M300,966226.16,351,3.44
ORD-59922,2022-05-27,V05,M201,248218.97,268,1.54
ORD-59923,2022-10-02,V01,M300,902628.97,380,2.83
ORD-59924,2022-09-17,V04,M300,584726.19,480,4.1
ORD-59925,2024-11-08,V03,M201,132063.5,217,4.22
ORD-59926,2024-02-25,V01,M100,472639.25,64,3.42
ORD-59927,2022-09-23,V01,M400,949063.23,442,3.41
ORD-59928,2022-10-05,V02,M101,424379.94,179,1.61
ORD-59929,2022-09-07,V02,M200,2161881.75,29,4.46
ORD-59930,2022-11-30,V02,M101,263864.41,275,1.47
ORD-59931,2024-05-14,V03,M100,575212.93,470,0.86
ORD-59932,2023-12-23,V04,M100,845413.54,216,4.41
ORD-59933,2023-02-15,V06,M300,921481.56,353,1.11
ORD-59934,2024-05-19,V04,M101,490965.13,484,2.59
ORD-59935,2023-04-01,V04,M100,643291.22,301,2.37
ORD-59936,2022-08-19,V03,M101,12950.33,488,3.89
ORD-59937,2022-10-18,V03,M100,260691.07,54,2.09
ORD-59938,2022-07-26,V02,M200,714812.45,366,2.51
ORD-59939,2024-12-31,V01,M100,102558.08,80,0.67
ORD-59940,2022-12-02,V05,M101,286898.06,194,1.33
ORD-59941,2023-09-03,V05,M300,327910.81,200,3.83
ORD-59942,2024-10-07,V06,M101,969078.38,13,2.41
ORD-59943,2023-11-07,V01,M201,671916.36,222,1.42
ORD-59944,2024-04-03,V06,M101,431745.03,193,1.98
ORD-59945,2024-07-07,V02,M200,2470434.8000000003,396,1.64
ORD-59946,2023-02-06,V06,M400,161700.0,369,2.72
ORD-59947,2024-03-21,V01,M200,1203226.7,327,0.71
ORD-59948,2022-10-09,V01,M200,1626478.95,240,1.4
ORD-59949,2022-01-19,V05,M100,65024.83,270,1.92
ORD-59950,2023-04-07,V02,M200,1799572.175,298,4.21
ORD-59951,2022-01-03,V03,M101,108868.68,99,2.99
ORD-59952,2022-01-18,V06,M400,148879.49,220,2.52
ORD-59953,2023-08-01,V05,M300,168092.62,332,1.26
ORD-59954,2024-11-01,V06,M200,2324002.325,104,2.73
ORD-59955,2022-11-21,V06,M101,686403.19,432,4.22
ORD-59956,2023-05-11,V03,M100,658873.23,377,2.77
ORD-59957,2022-02-19,V02,M100,559938.56,408,1.16
ORD-59958,2022-10-18,V01,M300,299877.94,65,4.49
ORD-59959,2022-04-20,V04,M300,624680.81,145,2.5
ORD-59960,2024-07-02,V06,M101,416048.22,38,1.78
ORD-59961,2023-09-20,V04,M300,153961.99,28,2.51
ORD-59962,2023-12-25,V02,M300,692701.32,289,1.55
ORD-59963,2023-04-05,V04,M100,138286.35,408,0.62
ORD-59964,2024-11-20,V06,M101,198761.9,367,4.06
ORD-59965,2024-07-23,V03,M400,819522.32,237,2.22
ORD-59966,2024-12-26,V04,M300,663515.93,126,3.51
ORD-59967,2024-12-06,V02,M101,634681.24,384,4.39
ORD-59968,2022-04-26,V02,M200,1060051.9,326,3.03
ORD-59969,2024-10-29,V03,M100,402317.71,85,3.27
ORD-59970,2024-12-30,V04,M400,693359.98,237,4.27
ORD-59971,2024-03-29,V04,M100,742605.48,246,2.57
ORD-59972,2022-08-27,V01,M100,515111.07,388,1.78
ORD-59973,2022-06-12,V05,M201,969576.55,417,4.19
ORD-59974,2024-11-29,V02,M101,956142.56,375,0.78
ORD-59975,2022-05-23,V01,M200,1045763.0,266,1.36
ORD-59976,2023-03-12,V02,M300,822416.03,249,1.87
ORD-59977,2022-10-15,V01,M200,1369587.9000000001,292,3.63
ORD-59978,2024-08-26,V05,M101,516638.33,205,4.12
ORD-59979,2023-11-08,V01,M100,64414.42,228,2.31
ORD-59980,2024-07-27,V02,M201,578234.96,240,1.64
ORD-59981,2024-07-21,V04,M101,901572.15,73,1.91
ORD-59982,2023-06-02,V02,M400,782332.51,159,3.13
ORD-59983,2022-12-20,V06,M400,788453.97,388,1.13
ORD-59984,2024-09-24,V03,M101,168329.75,378,2.69
ORD-59985,2024-01-04,V03,M300,364864.95,212,2.85
ORD-59986,2022-10-15,V06,M200,602182.175,136,3.33
ORD-59987,2023-09-08,V03,M200,806890.325,283,2.92
ORD-59988,2022-04-03,V03,M300,583743.95,164,0.89
ORD-59989,2023-02-24,V05,M201,371135.98,137,3.26
ORD-59990,2023-06-19,V04,M100,565090.84,171,0.59
ORD-59991,2023-03-02,V04,M100,444116.24,152,2.06
ORD-59992,2022-11-01,V02,M400,293749.4,165,2.17
ORD-59993,2022-09-29,V06,M201,104449.4,297,0.97
ORD-59994,2023-08-05,V01,M300,892920.07,104,0.54
ORD-59995,2024-09-02,V02,M101,21259.63,222,0.78
ORD-59996,2023-01-23,V02,M200,29089.899999999998,282,2.29
ORD-59997,2023-06-07,V02,M101,828529.76,388,1.46
ORD-59998,2023-04-08,V02,M200,2492107.0749999997,372,0.78
ORD-59999,2022-12-11,V04,M101,729831.8,129,1.53
